doc_id,edinet_code,sec_code,listed,industry,company_ja,company_en,period_end,filing_date,representative,board_size,male_officers,female_officers,female_ratio_filed,female_ratio_calc,officers_tagged,officers_untagged,avg_age,avg_tenure,avg_salary_yen,female_managers_ratio,gender_pay_gap_all,male_childcare_leave,pay_total_yen,named_pay_count,status,detail
S100Y7NR,E31694,,unlisted,サービス業,株式会社アクアライン,Aqualine Ltd.,2026-02-28,2026-06-01,代表取締役社長 楯 広長,0,6.0,1.0,0.14,,7.0,,42.9,6.2,4273000.0,,,,57986000.0,0,no_tagged_board,officers table is TextBlock only
S100Y7R7,E03017,8237,listed,小売業,株式会社松屋,"MATSUYA CO., LTD.",2026-02-28,2026-06-01,代表取締役社長執行役員 古 屋 毅 彦,12,10.0,2.0,0.1667,0.1667,12.0,0.0,47.5,21.9,7323000.0,,0.587,,220000000.0,0,clean,
S100Y7VX,E33553,3997,listed,情報・通信業,株式会社トレードワークス,"TRADE WORKS Co., Ltd",2025-12-31,2026-03-30,代表取締役社長 齋藤 正勝,9,8.0,1.0,0.111,0.1111,9.0,0.0,40.3,6.5,6350000.0,0.048,0.663,,124040000.0,0,clean,
S100Y7XO,E26428,6058,listed,サービス業,株式会社ベクトル,VECTOR INC.,2026-02-28,2026-05-29,代表取締役社長CEO 西江 肇司,10,9.0,1.0,0.1,0.1,10.0,0.0,35.4,3.2,6584000.0,0.293,,,423000000.0,2,clean,
S100Y7XS,E03498,3083,listed,小売業,スターシーズ株式会社,"STARSEEDS Co.,Ltd.",2026-02-28,2026-06-01,代表取締役社長 鈴木 雅順,9,8.0,1.0,0.111,0.1111,9.0,0.0,49.0,10.9,3741612.0,,,,42650000.0,0,clean,
S100Y86A,E05114,4777,listed,情報・通信業,株式会社ガーラ,GALA INCORPORATED,2025-12-31,2026-03-30,代表取締役グループCEO キム ヒョンス,17,16.0,1.0,0.0588,0.0588,17.0,0.0,45.5,11.0,6085000.0,,,,89025505000.0,0,clean,
S100Y87F,E03772,8624,listed,証券、商品先物取引業,いちよし証券株式会社,"Ichiyoshi Securities Co., Ltd.",2025-03-31,2025-06-19,取締役(兼)代表執行役社長 玉 田 弘 文,7,5.0,2.0,0.29,0.2857,7.0,0.0,44.2,15.5,7265364.0,0.192,0.771,,233000000.0,0,clean,
S100Y8EO,E03318,7611,listed,小売業,株式会社ハイデイ日高,HIDAY HIDAKA Corp.,2026-02-28,2026-05-26,代表取締役社長 青野 敬成,10,8.0,2.0,0.2,0.2,10.0,0.0,35.0,8.0,5497000.0,0.038,0.707,,147000000.0,0,clean,
S100Y8QM,E03498,3083,listed,小売業,スターシーズ株式会社(旧会社名 株式会社シーズメン),"STARSEEDS Co.,Ltd.(旧英訳名 C'sMEN Co.,Ltd.)",2025-02-28,2025-05-22,代表取締役社長 植杉 泰久,8,6.0,2.0,0.25,0.25,8.0,0.0,45.6,10.0,3741612.0,0.067,0.721,,70444000.0,0,clean,
S100Y848,E04228,9029,listed,陸運業,株式会社ヒガシホールディングス,"HIGASHI HOLDINGS CO.,LTD.",2026-03-31,2026-06-05,取締役代表執行役社長 児 島 一 裕,10,13.0,2.0,0.133,0.2,15.0,5.0,43.0,8.6,5827000.0,,,,412201000.0,0,clean,
S100Y8UO,E02155,7236,listed,輸送用機器,株式会社ティラド,"T.RAD Co., Ltd.",2026-03-31,2026-06-05,代表取締役 CEO 兼 COO 社長執行役員 宮﨑 富夫,9,8.0,1.0,0.11,0.1111,9.0,0.0,41.4,18.0,6785945.0,0.042,0.794,,229000000.0,1,clean,
S100Y90T,E01124,7741,listed,精密機器,HOYA株式会社,HOYA CORPORATION,2026-03-31,2026-06-05,取締役兼代表執行役 最高経営責任者 池田 英一郎,7,5.0,3.0,0.375,0.4286,8.0,1.0,47.6,18.7,9704451.0,0.181,0.401,,1291000000.0,3,clean,
S100Y91J,E03739,8705,listed,証券、商品先物取引業,日産証券グループ株式会社,"Nissan Securities Group Co., Ltd.",2025-03-31,2025-06-19,代表取締役社長 二 家 英 彰,7,6.0,1.0,0.143,0.1429,7.0,0.0,46.6,4.4,8104304.0,,,,80690000.0,0,clean,
S100Y91K,E03739,8705,listed,証券、商品先物取引業,日産証券グループ株式会社,"Nissan Securities Group Co., Ltd.",2024-03-31,2024-06-24,代表取締役社長 二 家 英 彰,7,6.0,1.0,0.143,0.1429,7.0,0.0,45.3,3.3,6222258.0,,,,71119000.0,0,clean,
S100Y91L,E03739,8705,listed,証券、商品先物取引業,日産証券グループ株式会社(旧会社名 岡藤日産証券ホールディングス株式会社),"Nissan Securities Group Co., Ltd.(旧英訳名 Okato Nissan Securities Holdings, Inc.) (注)2022年6月29日開催の第17回定時株主総会の決議により、2022年7月4日から会社名および英訳名を上記のとおり変更いたしました。",2023-03-31,2023-06-26,代表取締役社長 二 家 英 彰,7,7.0,0.0,0.0,0.0,7.0,0.0,48.0,3.4,6655404.0,,,,69450000.0,0,clean,
S100Y91M,E03739,8705,listed,証券、商品先物取引業,岡藤日産証券ホールディングス株式会社,"Okato Nissan Securities Holdings, Inc.",2022-03-31,2022-06-30,代表取締役社長 二 家 英 彰,7,7.0,0.0,0.0,0.0,7.0,0.0,48.8,3.5,,,,,57967000.0,0,clean,
S100Y935,E02512,8061,listed,卸売業,西華産業株式会社,SEIKA CORPORATION,2026-03-31,2026-06-05,代表取締役社長 櫻 井 昭 彦,11,9.0,2.0,0.182,0.1818,11.0,0.0,41.2,14.9,10119431.0,0.035,0.661,,471000000.0,1,clean,
S100Y964,E33110,6548,listed,サービス業,株式会社旅工房,TABIKOBO Co. Ltd.,2025-06-30,2025-10-31,代表取締役社長 小 林 祐 樹,7,6.0,1.0,0.143,0.1429,7.0,0.0,33.8,5.6,4049000.0,0.333,,,33000000.0,0,clean,
S100Y703,E04708,,unlisted,サービス業,株式会社京ヶ野ゴルフ倶楽部,"KYOGANO GOLF CLUB CO.,LTD.",2026-03-20,2026-06-08,代表取締役社長 吉村 憲雄,0,,,,,,,,,,,,,,0,no_tagged_board,officers table is TextBlock only
S100Y90D,E04246,9127,listed,海運業,玉井商船株式会社,"TAMAI STEAMSHIP CO., LTD.",2026-03-31,2026-06-08,代表取締役社長 清崎 哲也,10,10.0,0.0,0.0,0.0,10.0,0.0,41.3,14.8,8617000.0,,,,97050000.0,0,clean,
S100Y951,E05725,3092,listed,小売業,株式会社ZOZO,"ZOZO, Inc.",2026-03-31,2026-06-08,代表取締役社長兼CEO 澤田 宏太郎,11,6.0,5.0,0.455,0.4545,11.0,0.0,34.7,7.5,8558000.0,0.26,0.522,,115000000.0,0,clean,
S100Y8VR,E03134,8230,listed,小売業,株式会社はせがわ,"HASEGAWA CO., LTD.",2025-03-31,2025-06-23,代表取締役社長 新貝 三四郎,8,6.0,2.0,0.25,0.25,8.0,0.0,45.5,17.5,5265000.0,0.059,0.438,,168000000.0,0,clean,
S100Y9AH,E00540,3116,listed,輸送用機器,トヨタ紡織株式会社,TOYOTA BOSHOKU CORPORATION,2026-03-31,2026-06-09,代表取締役社長 白柳 正義,14,13.0,1.0,0.071,0.0714,14.0,0.0,41.3,17.6,7751383.0,0.033,0.762,,601000000.0,0,clean,
S100Y9EI,E02958,2768,listed,卸売業,双日株式会社,Sojitz Corporation,2026-03-31,2026-06-09,代表取締役 社長CEO 植 村 幸 祐,11,7.0,4.0,0.364,0.3636,11.0,0.0,40.5,14.7,12571801.0,0.074,0.596,,781000000.0,2,clean,
S100Y9HQ,E03072,8190,listed,小売業,株式会社ヤマナカ,"YAMANAKA CO.,LTD.",2026-03-20,2026-06-09,代表取締役社長 中 野 義 久,7,5.0,2.0,0.286,0.2857,7.0,0.0,46.2,21.7,5144000.0,0.019,0.473,,125000000.0,0,clean,
S100Y9M2,E01898,6995,listed,輸送用機器,株式会社東海理化電機製作所,"TOKAI RIKA CO.,LTD.",2026-03-31,2026-06-09,代表取締役社長 二 之 夕 裕 美,9,8.0,1.0,0.11,0.1111,9.0,0.0,43.6,21.5,7526286.0,0.021,0.691,,268000000.0,0,clean,
S100Y9PU,E01435,5990,listed,金属製品,株式会社スーパーツール,"SUPER TOOL CO., LTD.",2026-03-15,2026-06-09,代表取締役社長 平野 量夫,6,5.0,1.0,0.167,0.1667,6.0,0.0,42.7,16.8,5517706.0,,,,80368000.0,0,clean,
S100Y9T5,E04460,9436,listed,情報・通信業,沖縄セルラー電話株式会社,OKINAWA CELLULAR TELEPHONE COMPANY,2026-03-31,2026-06-09,代表取締役社長 宮倉 康彰,13,10.0,3.0,0.231,0.2308,13.0,0.0,39.2,9.4,7200451.0,0.183,0.785,,199000000.0,0,clean,
S100Y8C3,E03563,8359,listed,銀行業,株式会社八十二銀行,"The Hachijuni Bank, Ltd.",2025-03-31,2025-06-17,取締役頭取 松 下 正 樹,14,12.0,2.0,0.142,0.1429,14.0,0.0,42.4,14.5,8191000.0,0.145,0.473,,348000000.0,0,clean,
S100Y8NY,E02144,7203,listed,輸送用機器,トヨタ自動車株式会社,TOYOTA MOTOR CORPORATION,2026-03-31,2026-06-10,取締役副社長 宮 崎 洋 一,10,8.0,2.0,0.2,0.2,10.0,0.0,40.5,15.1,10060464.0,0.039,0.67,,4638000000.0,4,clean,
S100Y9P7,E32292,9143,listed,陸運業,SGホールディングス株式会社,"SG HOLDINGS CO.,LTD.",2026-03-31,2026-06-10,代表取締役社長 松本 秀一,12,10.0,2.0,0.167,0.1667,12.0,0.0,38.5,9.9,7864340.0,0.402,0.854,,756000000.0,2,clean,
S100Y9PN,E00838,4220,listed,化学,リケンテクノス株式会社,RIKEN TECHNOS CORPORATION,2026-03-31,2026-06-10,代表取締役 社長執行役員 常盤 和明,9,7.0,2.0,0.222,0.2222,9.0,0.0,43.0,17.6,8299037.0,0.045,0.742,,259619000.0,0,clean,
S100Y9UW,E03356,2664,listed,小売業,株式会社カワチ薬品,CAWACHI LIMITED,2026-03-15,2026-06-10,代表取締役社長 河内 伸二,8,7.0,1.0,0.125,0.125,8.0,0.0,37.0,13.8,5560435.0,0.067,0.627,,204000000.0,1,clean,
S100Y9ZI,E01464,3437,listed,金属製品,特殊電極株式会社,"TOKUDEN CO.,LTD.",2025-03-31,2025-06-30,代表取締役社長 西川 誉,9,9.0,,,,,,41.0,14.9,6669000.0,,,,58085000.0,0,clean,
S100Y9ZO,E01464,3437,listed,金属製品,特殊電極株式会社,"TOKUDEN CO.,LTD.",2024-03-31,2024-06-26,代表取締役社長 西川 誉,9,9.0,,,,,,41.1,15.3,6209000.0,,,,57487000.0,0,clean,
S100Y9ZQ,E01464,3437,listed,金属製品,特殊電極株式会社,"TOKUDEN CO.,LTD.",2023-03-31,2023-06-29,代表取締役社長 西川 誉,9,9.0,,,,,,41.1,15.3,6059000.0,,,,66975000.0,0,clean,
S100Y9ZT,E01464,3437,listed,金属製品,特殊電極株式会社,"TOKUDEN CO.,LTD.",2022-03-31,2022-06-27,代表取締役社長 西川 誉,9,9.0,,,,,,41.6,15.2,5435000.0,,,,72976000.0,0,clean,
S100Y9ZV,E01464,3437,listed,金属製品,特殊電極株式会社,"TOKUDEN CO.,LTD.",2021-03-31,2021-06-28,代表取締役社長 西川 誉,10,10.0,,,,,,41.2,15.0,6146000.0,,,,65421000.0,0,clean,
S100YA1Z,E02897,7608,listed,卸売業,株式会社エスケイジャパン,"SK JAPAN CO.,LTD.",2026-02-28,2026-05-27,代表取締役社長 八百 博徳,8,8.0,,,,,,37.7,10.4,6494350.0,0.111,0.736,,164460000.0,0,clean,
S100YABD,E04997,4687,listed,情報・通信業,TDCソフト株式会社,TDC SOFT Inc.,2025-03-31,2025-06-25,代表取締役社長 小 林 裕 嘉,15,13.0,2.0,0.133,0.1333,15.0,0.0,36.0,10.7,6199000.0,0.069,0.799,,400609000.0,0,clean,
S100Y9N3,E02162,7283,listed,輸送用機器,愛三工業株式会社,"AISAN INDUSTRY CO., LTD.",2026-03-31,2026-06-11,社長経営役員 加 藤 貴 己,14,11.0,3.0,0.214,0.2143,14.0,0.0,44.6,21.7,7645998.0,0.025,0.741,,314000000.0,0,clean,
S100Y9T1,E01892,6902,listed,輸送用機器,株式会社デンソー,DENSO CORPORATION,2026-03-31,2026-06-11,取締役社長 林 新之助,12,10.0,2.0,0.167,0.1667,12.0,0.0,44.8,22.9,9152532.0,0.022,0.664,,1207000000.0,4,clean,
S100Y9UP,E03851,8795,listed,保険業,株式会社T&Dホールディングス,"T&amp;D Holdings, Inc.",2026-03-31,2026-06-11,代表取締役社長 森山 昌彦,14,12.0,2.0,0.142,0.1429,14.0,0.0,,,,,,,861000000.0,0,clean,
S100Y9Z9,E03926,,unlisted,不動産業,鷹之台ゴルフ株式会社,"Takanodai Golf Co., Ltd.",2026-03-31,2026-06-11,代表取締役社長 関根 宏一,0,,,,,,,,,,,,,,0,no_tagged_board,officers table is TextBlock only
S100YA1U,E00112,1835,listed,建設業,東鉄工業株式会社,"TOTETSU KOGYO CO.,LTD.",2026-03-31,2026-06-11,代表取締役社長 伊 勢 勝 巳,12,10.0,2.0,0.167,0.1667,12.0,0.0,40.0,14.0,9537215.0,0.015,0.647,,304000000.0,0,clean,
S100YA32,E32022,7186,listed,銀行業,株式会社横浜フィナンシャルグループ,"Yokohama Financial Group, Inc.",2026-03-31,2026-06-11,代表取締役社長 片 岡 達 也,9,7.0,2.0,0.22,0.2222,9.0,0.0,44.6,18.8,9952000.0,,,,200000000.0,0,clean,
S100YA6U,E02409,5906,listed,金属製品,エムケー精工株式会社,"MK SEIKO CO., LTD.",2026-03-20,2026-06-11,代表取締役社長 丸山 将一,10,8.0,2.0,0.2,0.2,10.0,0.0,45.6,17.5,6000415.0,0.026,0.696,,177293000.0,0,clean,
S100YA7J,E36703,7380,listed,銀行業,株式会社十六フィナンシャルグループ,"Juroku Financial Group, Inc.",2026-03-31,2026-06-11,代表取締役社長 池 田 直 樹,10,7.0,3.0,0.3,0.3,10.0,0.0,44.9,21.9,10569000.0,0.123,0.53,,239000000.0,0,clean,
S100YA84,E03814,8697,listed,その他金融業,株式会社日本取引所グループ,"Japan Exchange Group, Inc.",2026-03-31,2026-06-11,取締役兼代表執行役グループCEO 山道 裕己,12,13.0,4.0,0.235,0.3333,17.0,5.0,46.8,19.8,11132643.0,0.104,0.676,,768000000.0,5,clean,
S100YADW,E04217,9040,listed,陸運業,大宝運輸株式会社,"Taiho Transportation Co., Ltd.",2026-03-20,2026-06-11,代表取締役社長 小笠原 忍,8,8.0,0.0,0.0,0.0,8.0,0.0,46.7,13.9,5009000.0,,0.523,,81638000.0,0,clean,
S100YAIC,E40164,296A,listed,サービス業,令和アカウンティング・ホールディングス株式会社,"Reiwa Accounting Holdings Co., Ltd.",2026-03-31,2026-06-11,代表取締役 繁野 径子,5,3.0,2.0,0.4,0.4,5.0,0.0,31.79,3.66,6854000.0,0.41,0.727,,109200000.0,0,clean,
S100YAL6,E02692,8285,listed,卸売業,三谷産業株式会社,"MITANI SANGYO CO.,LTD.",2026-03-31,2026-06-11,代表取締役社長 三谷 忠照,19,16.0,3.0,0.157,0.1579,19.0,0.0,41.5,11.9,7673710.0,0.089,0.744,,543000000.0,0,clean,
S100YARY,E36928,4373,listed,情報・通信業,シンプレクス・ホールディングス株式会社,"Simplex Holdings, Inc.",2026-03-31,2026-06-11,代表取締役社長(CEO) 金子 英樹,10,8.0,2.0,0.2,0.2,10.0,0.0,33.6,4.4,9385342.0,,0.93,,795000000.0,4,clean,
S100Y8O1,E03554,8334,listed,銀行業,株式会社 群馬銀行,"The Gunma Bank, Ltd.",2026-03-31,2026-06-12,代表取締役頭取 深 井 彰 彦,15,13.0,2.0,0.13,0.1333,15.0,0.0,41.5,17.9,8198000.0,0.234,0.526,,485000000.0,0,clean,
S100Y992,E00436,2802,listed,食料品,味の素株式会社,"Ajinomoto Co., Inc.",2026-03-31,2026-06-12,代表執行役社長 中村 茂雄,11,24.0,9.0,0.272,0.8182,33.0,22.0,43.5,18.9,10613479.0,0.16,0.721,,1777000000.0,4,clean,
S100Y9RT,E37777,5831,listed,銀行業,株式会社しずおかフィナンシャルグループ,"Shizuoka Financial Group, Inc.",2026-03-31,2026-06-12,代表取締役社長 柴田 久,10,8.0,2.0,0.2,0.2,10.0,0.0,39.5,17.1,11115000.0,,,,767000000.0,3,clean,
S100Y9U0,E03398,2753,listed,小売業,株式会社 あみやき亭,"AMIYAKI TEI CO., LTD.",2026-03-31,2026-06-12,代表取締役会長兼社長 佐藤 啓介,11,9.0,2.0,0.182,0.1818,11.0,0.0,40.9,8.0,6131000.0,0.082,0.727,,134000000.0,0,clean,
S100YA1Y,E00730,7857,listed,その他製品,セキ株式会社,"SEKI CO.,LTD.",2026-03-31,2026-06-12,代表取締役社長 関 宏 孝,9,9.0,,,,,,41.0,15.7,4648000.0,0.087,0.619,,109000000.0,0,clean,
S100YA6H,E02497,8001,listed,卸売業,伊藤忠商事株式会社,ITOCHU Corporation,2026-03-31,2026-06-12,代表取締役社長COO 石 井 敬 太,13,9.0,4.0,0.3077,0.3077,13.0,0.0,42.0,17.0,19911534.0,0.101,0.569,,5959000000.0,6,clean,
S100YAIZ,E09753,7164,listed,その他金融業,全国保証株式会社,"ZENKOKU HOSHO Co.,Ltd.",2026-03-31,2026-06-12,代表取締役社長 青木 裕一,13,10.0,3.0,0.231,0.2308,13.0,0.0,38.7,11.0,8481000.0,0.026,0.636,,333000000.0,0,clean,
S100YAMN,E04841,9709,listed,情報・通信業,NCS&A株式会社,"NCS&amp;A CO., LTD.",2026-03-31,2026-06-12,代表取締役社長 辻 隆 博,8,5.0,3.0,0.375,0.375,8.0,0.0,40.1,16.1,7443411.0,0.1,0.79,,243365000.0,0,clean,
S100YAMP,E03587,8388,listed,銀行業,株式会社阿波銀行,"The Awa Bank,Ltd.",2026-03-31,2026-06-12,取締役頭取 福 永 丈 久,15,13.0,2.0,0.133,0.1333,15.0,0.0,43.0,19.1,7385000.0,0.149,0.549,,466000000.0,0,clean,
S100YANQ,E03772,8624,listed,証券、商品先物取引業,いちよし証券株式会社,"Ichiyoshi Securities Co., Ltd.",2026-03-31,2026-06-12,取締役(兼)代表執行役社長 玉 田 弘 文,7,5.0,2.0,0.29,0.2857,7.0,0.0,43.1,14.6,7836232.0,0.203,0.781,,258000000.0,0,clean,
S100YAOT,E03235,7419,listed,小売業,株式会社ノジマ,Nojima Corporation,2026-03-31,2026-06-12,取締役兼代表執行役社長 野島 廣司,14,15.0,3.0,0.167,0.2143,18.0,4.0,35.0,9.0,5573000.0,0.137,0.827,,382000000.0,0,clean,
S100YAOX,E36700,7381,listed,銀行業,株式会社CCIグループ(旧会社名 株式会社北國フィナンシャルホールディングス),"CCI Group, Inc.(旧英訳名 Hokkoku Financial Holdings, Inc.)",2026-03-31,2026-06-12,代表取締役社長 杖村 修司,9,6.0,3.0,0.333,0.3333,9.0,0.0,46.1,22.0,9305000.0,0.221,0.563,,176000000.0,0,clean,
S100YAQW,E31612,7180,listed,銀行業,株式会社九州フィナンシャルグループ,"Kyushu Financial Group,Inc.",2026-03-31,2026-06-12,代表取締役社長 笠原 慶久,15,12.0,3.0,0.2,0.2,15.0,0.0,44.8,15.8,10031000.0,,,,230000000.0,0,clean,
S100YARD,E02528,8053,listed,卸売業,住友商事株式会社,SUMITOMO CORPORATION,2026-03-31,2026-06-12,代表取締役 社長執行役員 CEO 上野 真吾,15,12.0,3.0,0.2,0.2,15.0,0.0,43.3,18.0,18402971.0,0.112,0.631,,3031000000.0,5,clean,
S100YATA,E31054,6035,listed,サービス業,株式会社アイ・アールジャパンホールディングス,"IR Japan Holdings, Ltd.",2026-03-31,2026-06-12,代表取締役社長・CEO 寺下 史郎,6,6.0,0.0,0.0,0.0,6.0,0.0,47.4,11.1,13365000.0,,,,141750000.0,1,clean,
S100YATP,E00937,4997,listed,化学,日本農薬株式会社,"NIHON NOHYAKU CO.,LTD.",2026-03-31,2026-06-12,代表取締役社長 岩 田 浩 幸,11,7.0,4.0,0.364,0.3636,11.0,0.0,42.3,14.7,8030534.0,0.106,0.769,,198000000.0,0,clean,
S100YAUM,E02909,4743,listed,情報・通信業,株式会社アイティフォー,ITFOR Inc.,2026-03-31,2026-06-12,代表取締役社長 坂 田 幸 司,9,7.0,2.0,0.222,0.2222,9.0,0.0,39.0,11.0,7322414.0,0.1,0.648,,310674000.0,0,clean,
S100YAUW,E05669,3841,listed,情報・通信業,株式会社ジーダット,Jedat Inc.,2026-03-31,2026-06-12,代表取締役 社長執行役員 松 尾 和 利,9,8.0,1.0,0.111,0.1111,9.0,0.0,47.8,12.0,6524583.0,,,,60400000.0,0,clean,
S100YAVM,E30103,7167,listed,銀行業,株式会社めぶきフィナンシャルグループ,"Mebuki Financial Group,Inc.",2026-03-31,2026-06-12,取締役社長 秋 野 哲 也,12,10.0,2.0,0.167,0.1667,12.0,0.0,47.5,24.4,13050000.0,,,,164000000.0,0,clean,
S100YAVT,E02513,8031,listed,卸売業,三井物産株式会社,"MITSUI &amp; CO., LTD.",2026-03-31,2026-06-12,代表取締役社長 堀 健一,17,12.0,5.0,0.29,0.2941,17.0,0.0,42.0,17.4,20589000.0,0.12,0.649,,2956000000.0,6,clean,
S100YAWO,E01593,7259,listed,輸送用機器,株式会社アイシン,AISIN CORPORATION,2026-03-31,2026-06-12,取締役社長 吉田 守孝,12,9.0,3.0,0.25,0.25,12.0,0.0,40.7,17.3,7772000.0,0.031,0.691,,805000000.0,2,clean,
S100YAX4,E34113,7327,listed,銀行業,株式会社第四北越フィナンシャルグループ,"Daishi Hokuetsu Financial Group, Inc.",2026-03-31,2026-06-12,代表取締役社長 殖 栗 道 郎,14,12.0,2.0,0.142,0.1429,14.0,0.0,45.3,23.0,12343000.0,0.248,0.53,,146000000.0,0,clean,
S100YAY4,E02498,8002,listed,卸売業,丸紅株式会社,Marubeni Corporation,2026-03-31,2026-06-12,代表取締役 社長 大 本 晶 之,15,10.0,5.0,0.333,0.3333,15.0,0.0,42.5,17.8,17843699.0,0.104,0.615,,2040000000.0,6,clean,
S100YAYL,E04187,9064,listed,陸運業,ヤマトホールディングス株式会社,"YAMATO HOLDINGS CO., LTD.",2026-03-31,2026-06-12,取締役会長 長尾 裕,12,10.0,2.0,0.167,0.1667,12.0,0.0,36.4,10.3,12483061.0,,,,396000000.0,1,clean,
S100YAZQ,E01074,8131,listed,卸売業,株式会社ミツウロコグループホールディングス,"Mitsuuroko Group Holdings Co.,Ltd.",2026-03-31,2026-06-12,代表取締役社長CEO 田島 晃平,12,11.0,1.0,0.083,0.0833,12.0,0.0,41.0,8.1,10375000.0,0.474,0.772,,462000000.0,1,clean,
S100YAZT,E04109,9046,listed,陸運業,神戸電鉄株式会社,"Kobe Electric Railway Co.,Ltd.",2026-03-31,2026-06-12,代表取締役社長 井波 洋,11,10.0,1.0,0.091,0.0909,11.0,0.0,41.0,19.9,5610000.0,0.02,0.713,,96000000.0,0,clean,
S100YB05,E00939,4523,listed,医薬品,エーザイ株式会社,"Eisai Co., Ltd.",2026-03-31,2026-06-12,代表執行役CEO 内藤 晴夫,11,23.0,5.0,0.179,0.4545,28.0,17.0,44.5,18.5,11233821.0,0.143,0.741,,1327000000.0,6,clean,
S100YB0L,E02978,3350,listed,卸売業,株式会社メタプラネット,Metaplanet Inc.,2025-12-31,2026-03-26,代表執行役CEO取締役 サイモン・ゲロヴィッチ,10,9.0,1.0,0.1,0.1,10.0,0.0,48.9,0.8,16000000.0,,,,67000000.0,0,clean,
S100YB11,E01210,5344,listed,ガラス・土石製品,株式会社MARUWA,"MARUWA CO.,LTD.",2026-03-31,2026-06-12,代表取締役社長 神戸 俊郎,7,5.0,2.0,0.29,0.2857,7.0,0.0,41.99,10.71,8837000.0,0.051,0.602,,319000000.0,1,clean,
S100YB1Q,E00995,7971,listed,化学,東リ株式会社,TOLI Corporation,2026-03-31,2026-06-12,代表取締役社長 永嶋 元博,13,10.0,3.0,0.231,0.2308,13.0,0.0,43.0,17.0,6393000.0,0.117,0.726,,214000000.0,0,clean,
S100YB25,E02529,8058,listed,卸売業,三菱商事株式会社,Mitsubishi Corporation,2026-03-31,2026-06-12,代表取締役 社長 中西 勝也,15,11.0,4.0,0.267,0.2667,15.0,0.0,42.3,17.0,21125472.0,0.131,0.647,,2904000000.0,6,clean,
S100YB2Z,E36883,9245,listed,サービス業,株式会社リベロ,Livero Inc.,2025-12-31,2026-03-23,代表取締役社長 鹿島 秀俊,8,6.0,2.0,0.25,0.25,8.0,0.0,36.2,5.1,4822000.0,0.273,0.776,,127641000.0,0,clean,
S100YB34,E05355,,unlisted,サービス業,NTTファイナンス株式会社,NTT FINANCE CORPORATION,2026-03-31,2026-06-12,代表取締役社長 小林 啓太,0,,,,,,,,,,,,,,0,no_tagged_board,officers table is TextBlock only
S100YB7U,E03739,8705,listed,証券、商品先物取引業,日産証券グループ株式会社,"Nissan Securities Group Co., Ltd.",2026-03-31,2026-06-12,代表取締役社長 二 家 英 彰,7,6.0,1.0,0.143,0.1429,7.0,0.0,44.7,2.9,7058861.0,,,,83384000.0,0,clean,
S100YB8F,E37206,4262,listed,情報・通信業,ニフティライフスタイル株式会社,"NIFTY Lifestyle Co., Ltd.",2026-03-31,2026-06-12,代表取締役社長 成田 隆志,9,8.0,1.0,0.111,0.1111,9.0,0.0,40.9,3.7,7442000.0,,,,55961000.0,0,clean,
S100YB93,E00989,4902,listed,電気機器,コニカミノルタ株式会社,"KONICA MINOLTA, INC.",2026-03-31,2026-06-12,取締役代表執行役社長兼CEO 大 幸 利 充,9,13.0,6.0,0.316,0.6667,19.0,10.0,46.4,20.7,8441281.0,0.12,0.795,,688000000.0,1,clean,
S100YBAY,E00820,4204,listed,化学,積水化学工業株式会社,"Sekisui Chemical Co., Ltd.",2026-03-31,2026-06-12,代表取締役社長 社長執行役員 清水 郁輔,17,14.0,3.0,0.17,0.1765,17.0,0.0,44.2,15.9,9462708.0,0.057,0.718,,924000000.0,5,clean,
S100YBB2,E33623,4390,listed,情報・通信業,株式会社アイ・ピー・エス,"IPS, Inc.",2026-03-31,2026-06-12,代表取締役 宮下 幸治,9,6.0,3.0,0.333,0.3333,9.0,0.0,42.4,6.2,10000000.0,,,,121000000.0,0,clean,
S100Y9DR,E31748,6178,listed,サービス業,日本郵政株式会社,"JAPAN POST HOLDINGS Co.,Ltd.",2025-03-31,2025-06-19,取締役兼代表執行役社長 増 田 寬 也 (注)2025年6月25日開催予定の定時株主総会の議案(決議事項) として、「取締役13名選任の件」を提案しており、当該議案が 承認可決されますと、以下のとおりとなる予定です。 取締役兼代表執行役社長 根 岸 一 行,15,38.0,8.0,0.174,0.5333,46.0,31.0,43.3,16.2,8644000.0,0.173,0.668,,1085000000.0,0,clean,
S100Y9NL,E00118,1850,listed,建設業,南海辰村建設株式会社,"Nankai Tatsumura Construction Co., Ltd.",2026-03-31,2026-06-15,取締役社長 浦 地 紅 陽,11,9.0,2.0,0.18,0.1818,11.0,0.0,44.7,17.9,7512000.0,0.02,0.651,,109000000.0,0,clean,
S100Y9NY,E01188,5367,listed,ガラス・土石製品,株式会社ニッカトー,NIKKATO CORPORATION,2026-03-31,2026-06-15,代表取締役社長 大 西 宏 司,7,6.0,1.0,0.143,0.1429,7.0,0.0,41.0,18.8,5746000.0,0.121,0.684,,132102000.0,0,clean,
S100Y9OW,E00806,4082,listed,化学,第一稀元素化学工業株式会社,"DAIICHI KIGENSO KAGAKU KOGYO CO.,LTD.",2026-03-31,2026-06-15,代表取締役社長執行役員 國部 洋,9,7.0,2.0,0.222,0.2222,9.0,0.0,39.3,14.2,7261000.0,0.076,0.723,,282000000.0,0,clean,
S100Y9UU,E04348,9726,listed,サービス業,KNT-CTホールディングス株式会社,"KNT-CT Holdings Co.,Ltd.",2026-03-31,2026-06-15,代表取締役社長 小山 佳延,15,14.0,1.0,0.067,0.0667,15.0,0.0,43.5,18.0,6548000.0,,,,192000000.0,0,clean,
S100Y9W6,E03550,8346,listed,銀行業,株式会社東邦銀行,"The Toho Bank, Ltd.",2026-03-31,2026-06-15,取締役頭取 佐 藤 稔,10,9.0,1.0,0.1,0.1,10.0,0.0,41.5,17.9,6979000.0,0.102,0.55,,212000000.0,0,clean,
S100YA20,E00945,4528,listed,医薬品,小野薬品工業株式会社,"ONO PHARMACEUTICAL CO., LTD.",2026-03-31,2026-06-15,代表取締役社長 滝 野 十 一,10,8.0,2.0,0.2,0.2,10.0,0.0,43.7,17.4,10935334.0,0.091,0.736,,754000000.0,3,clean,
S100YA4U,E03588,8386,listed,銀行業,株式会社百十四銀行,"The Hyakujushi Bank, Ltd.",2026-03-31,2026-06-15,取締役頭取 森 匡 史,15,13.0,2.0,0.1333,0.1333,15.0,0.0,41.3,17.7,7211000.0,0.181,0.536,,421000000.0,0,clean,
S100YAEV,E05304,2327,listed,情報・通信業,日鉄ソリューションズ株式会社,NS Solutions Corporation,2026-03-31,2026-06-15,代表取締役社長 玉 置 和 彦,11,9.0,2.0,0.182,0.1818,11.0,0.0,39.8,12.6,9357000.0,0.082,0.749,,334000000.0,0,clean,
S100YAHE,E01967,6861,listed,電気機器,株式会社キーエンス,KEYENCE CORPORATION,2026-03-20,2026-06-15,代表取締役社長 中野 鉄也,12,10.0,2.0,0.167,0.1667,12.0,0.0,35.0,11.3,21783259.0,,0.432,,334000000.0,1,clean,
S100YAM0,E03545,8341,listed,銀行業,株式会社七十七銀行,"The 77 Bank,Ltd.",2026-03-31,2026-06-15,代表取締役頭取 小 林 英 文,14,12.0,2.0,0.142,0.1429,14.0,0.0,39.0,16.0,7726000.0,0.213,0.364,,462000000.0,0,clean,
S100YAO1,E01769,6741,listed,電気機器,日本信号株式会社,"Nippon Signal Co., Ltd.",2026-03-31,2026-06-15,代表取締役社長 後藤 隆一,9,7.0,2.0,0.222,0.2222,9.0,0.0,43.0,18.0,8559521.0,0.045,0.735,,442000000.0,0,clean,
S100YAST,E01757,6590,listed,電気機器,芝浦メカトロニクス株式会社,SHIBAURA MECHATRONICS CORPORATION,2026-03-31,2026-06-15,代表取締役社長 今村 圭吾,10,7.0,3.0,0.3,0.3,10.0,0.0,43.8,18.5,9530954.0,0.0468,0.718,,334000000.0,1,clean,
S100YATN,E03546,8343,listed,銀行業,株式会社秋田銀行,"THE AKITA BANK, LTD.",2026-03-31,2026-06-15,取締役頭取 芦田 晃輔,12,9.0,3.0,0.25,0.25,12.0,0.0,41.2,18.3,6787000.0,0.14,0.536,,173000000.0,0,clean,
S100YAWY,E23250,8714,listed,銀行業,株式会社池田泉州ホールディングス,"Senshu Ikeda Holdings, Inc.",2026-03-31,2026-06-15,執行役社長兼CEO 阪 口 広 一,10,14.0,4.0,0.222,0.4,18.0,8.0,42.9,11.8,8411000.0,,,,128000000.0,0,clean,
S100YAZE,E03562,8360,listed,銀行業,株式会社 山梨中央銀行,"The Yamanashi Chuo Bank,Ltd.",2026-03-31,2026-06-15,代表取締役頭取 古 屋 賀 章,14,10.0,4.0,0.28,0.2857,14.0,0.0,38.7,15.0,6739000.0,0.074,0.491,,305000000.0,0,clean,
S100YB0D,E37785,5832,listed,銀行業,株式会社ちゅうぎんフィナンシャルグループ,"Chugin Financial Group, Inc.",2026-03-31,2026-06-15,取締役社長 加藤 貞則,9,7.0,2.0,0.222,0.2222,9.0,0.0,40.7,16.7,9505000.0,,,,160000000.0,0,clean,
S100YB2W,E02517,8098,listed,卸売業,稲畑産業株式会社,"Inabata &amp; Co.,Ltd.",2026-03-31,2026-06-15,代表取締役 社長執行役員 稲畑 勝太郎,12,10.0,2.0,0.167,0.1667,12.0,0.0,40.11,13.0,10058000.0,0.073,0.613,,343000000.0,0,clean,
S100YB46,E00967,4544,listed,サービス業,H.U.グループホールディングス株式会社,"H.U. Group Holdings, Inc.",2026-03-31,2026-06-15,代表執行役社長 兼 グループCEO 石川 剛生,9,15.0,2.0,0.118,0.2222,17.0,8.0,43.2,12.1,8102000.0,0.169,0.667,,738000000.0,1,clean,
S100YB7Y,E03953,8860,listed,不動産業,フジ住宅株式会社,FUJI CORPORATION LIMITED,2026-03-31,2026-06-15,代表取締役社長 宮脇 宣綱,10,9.0,1.0,0.1,0.1,10.0,0.0,41.4,10.5,6092415.0,,0.52,,170661000.0,0,clean,
S100YB9P,E00783,4091,listed,化学,日本酸素ホールディングス株式会社,NIPPON SANSO HOLDINGS CORPORATION,2026-03-31,2026-06-15,代表取締役社長 濱田 敏彦,13,11.0,2.0,0.154,0.1538,13.0,0.0,43.0,16.0,10641000.0,,,,333000000.0,3,clean,
S100YBA0,E04106,9044,listed,陸運業,株式会社NANKAI(旧会社名 南海電気鉄道株式会社),"NANKAI Co.,Ltd.(旧英訳名 Nankai Electric Railway Co.,Ltd.)(注)2025年6月18日開催の第108期定時株主総会の決議により、2026年4月1日から会社名を上記のとおり変更いたしました。",2026-03-31,2026-06-15,代表取締役社長 岡嶋 信行,15,12.0,3.0,0.2,0.2,15.0,0.0,45.2,22.6,6665128.0,0.083,0.795,,446000000.0,0,clean,
S100YBAF,E02203,7278,listed,輸送用機器,株式会社エクセディ,EXEDY Corporation,2026-03-31,2026-06-15,代表取締役社長 吉永 徹也,10,8.0,2.0,0.2,0.2,10.0,0.0,43.8,17.4,6270036.0,0.04,0.78,,270000000.0,0,clean,
S100YBAP,E03632,8524,listed,銀行業,株式会社北洋銀行,"North Pacific Bank,Ltd.",2026-03-31,2026-06-15,取締役頭取 津山 博恒,11,9.0,2.0,0.181,0.1818,11.0,0.0,42.8,19.1,7400000.0,0.256,0.524,,336000000.0,0,clean,
S100YBCU,E00878,4401,listed,化学,株式会社ADEKA,ADEKA CORPORATION,2026-03-31,2026-06-15,代表取締役社長兼社長執行役員 城詰 秀尊,10,8.0,2.0,0.2,0.2,10.0,0.0,40.2,17.1,7952220.0,0.059,0.705,,355000000.0,1,clean,
S100YBDH,E02560,8051,listed,卸売業,株式会社 山 善,YAMAZEN CORPORATION,2026-03-31,2026-06-15,代表取締役社長 岸田 貢司,9,7.0,2.0,0.222,0.2222,9.0,0.0,40.0,13.9,8022209.0,0.033,0.661,,327000000.0,0,clean,
S100YBEF,E04867,9663,listed,サービス業,株式会社ナガワ,"NAGAWA Co., Ltd.",2026-03-31,2026-06-15,代表取締役社長 濱野 新大,11,10.0,1.0,0.091,0.0909,11.0,0.0,38.53,8.0,6055269.0,0.0,0.651,,195560000.0,0,clean,
S100YBFP,E21187,5857,listed,非鉄金属,AREホールディングス株式会社,"ARE Holdings, Inc.",2026-03-31,2026-06-15,代表取締役社長 東浦 知哉,7,5.0,2.0,0.286,0.2857,7.0,0.0,42.0,2.0,7961472.0,0.291,0.852,,194000000.0,1,clean,
S100YBFQ,E00119,1964,listed,建設業,中外炉工業株式会社,"Chugai Ro Co., Ltd.",2026-03-31,2026-06-15,代表取締役社長執行役員 阪 田 守,9,8.0,1.0,0.111,0.1111,9.0,0.0,44.1,12.7,10040943.0,0.011,0.613,,179000000.0,0,clean,
S100YBG6,E05518,3778,listed,情報・通信業,さくらインターネット株式会社,SAKURA internet Inc.,2026-03-31,2026-06-15,代表取締役社長 兼 最高経営責任者 田中 邦裕,10,8.0,2.0,0.2,0.2,10.0,0.0,40.33,7.04,7413000.0,0.1471,0.7884,,207324000.0,0,clean,
S100YBGB,E36346,,unlisted,その他金融業,NTT・TCリース株式会社,"NTT TC Leasing Co.,Ltd.",2026-03-31,2026-06-15,代表取締役社長 近藤 禎一郎,0,,,,,,,,,,,,,,0,no_tagged_board,officers table is TextBlock only
S100YBGE,E04093,9010,listed,陸運業,富士急行株式会社,"FUJI KYUKO CO., LTD.",2026-03-31,2026-06-15,代表取締役社長 堀 内 光一郎,17,15.0,2.0,0.118,0.1176,17.0,0.0,38.7,13.7,6812736.0,0.125,0.735,,228395000.0,0,clean,
S100YBHI,E30746,7173,listed,銀行業,株式会社東京きらぼしフィナンシャルグループ,"Tokyo Kiraboshi Financial Group, Inc.",2026-03-31,2026-06-15,代表取締役社長 渡邊 壽信,13,10.0,3.0,0.2308,0.2308,13.0,0.0,44.8,12.6,8848000.0,,,,,0,clean,
S100YBIH,E00138,1967,listed,建設業,株式会社ヤマト,YAMATO CORPORATION,2026-03-20,2026-06-15,代表取締役社長執行役員CEO 町 田 豊,13,12.0,1.0,0.077,0.0769,13.0,0.0,45.05,15.54,6959657.0,0.051,0.763,,133107000.0,0,clean,
S100YBJ3,E02760,9932,listed,卸売業,杉本商事株式会社,"SUGIMOTO &amp; CO., LTD.",2026-03-31,2026-06-15,代表取締役社長執行役員 杉 本 正 行,8,7.0,1.0,0.125,0.125,8.0,0.0,38.9,13.5,6567093.0,0.015,0.705,,257950000.0,0,clean,
S100YBKB,E01413,5930,listed,金属製品,文化シヤッター株式会社,"Bunka Shutter Co., Ltd.",2026-03-31,2026-06-15,代表取締役社長 執行役員社長 小倉 博之,14,10.0,4.0,0.28,0.2857,14.0,0.0,42.7,15.5,7518852.0,0.043,0.585,,470000000.0,2,clean,
S100YBL7,E35928,4933,listed,化学,株式会社I-ne,"I-ne CO., LTD.",2025-12-31,2026-05-15,代表取締役社長 CEO 大西 洋平,7,5.0,2.0,0.286,0.2857,7.0,0.0,36.7,4.7,7122000.0,0.333,0.681,,125000000.0,0,clean,
S100YBM8,E05062,4307,listed,情報・通信業,株式会社野村総合研究所,"Nomura Research Institute, Ltd.",2026-03-31,2026-06-15,代表取締役 社長 柳澤 花芽,14,11.0,3.0,0.214,0.2143,14.0,0.0,39.7,13.7,13326000.0,0.117,0.731,,1227000000.0,4,clean,
S100YBOB,E00957,4539,listed,医薬品,日本ケミファ株式会社,"NIPPON CHEMIPHAR CO., LTD.",2026-03-31,2026-06-15,代表取締役社長 山 口 一 城,10,8.0,2.0,0.2,0.2,10.0,0.0,43.1,14.1,7501079.0,0.146,0.799,,183000000.0,0,clean,
S100YBPW,E31012,2883,listed,食料品,株式会社大冷,"DAIREI CO.,LTD.",2026-03-31,2026-06-15,代表取締役社長執行役員 冨田 史好,7,7.0,,,,,,45.1,16.8,5705000.0,0.1,,,107940000.0,0,clean,
S100Y9TE,E04377,,unlisted,情報・通信業,東北放送株式会社,"TOHOKU BROADCASTING CO.,LTD.",2026-03-31,2026-06-16,代表取締役社長 一力 敦彦,0,,,,,,,,,,,,,,0,no_tagged_board,officers table is TextBlock only
S100Y9ZW,E27303,6073,listed,サービス業,株式会社アサンテ,ASANTE INCORPORATED,2026-03-31,2026-06-16,代表取締役社長 宮内 征,11,10.0,1.0,0.09,0.0909,11.0,0.0,41.8,13.0,5834000.0,,0.491,,189695000.0,0,clean,
S100YA8B,E03071,8130,listed,卸売業,株式会社サンゲツ,Sangetsu Corporation,2026-03-31,2026-06-16,代表取締役 社長執行役員 近 藤 康 正,7,5.0,2.0,0.286,0.2857,7.0,0.0,38.0,15.3,7881000.0,0.201,0.722,,207000000.0,1,clean,
S100YAUN,E03563,8359,listed,銀行業,株式会社八十二長野銀行(旧会社名 株式会社八十二銀行),"Hachijuni Nagano Bank, Ltd.(旧英訳名 The Hachijuni Bank, Ltd. )",2026-03-31,2026-06-16,取締役頭取 松 下 正 樹,14,11.0,3.0,0.214,0.2143,14.0,0.0,42.1,15.5,8082000.0,0.146,0.501,,334000000.0,0,clean,
S100YB17,E00428,2602,listed,食料品,日清オイリオグループ株式会社,"The Nisshin OilliO Group, Ltd.",2026-03-31,2026-06-16,代表取締役社長 久 野 貴 久,13,10.0,3.0,0.23,0.2308,13.0,0.0,41.6,17.3,7706494.0,0.08,0.702,,350000000.0,0,clean,
S100YB3N,E02770,9962,listed,卸売業,株式会社ミスミグループ本社,MISUMI Group Inc.,2026-03-31,2026-06-16,代表取締役社長 清 水 新,14,9.0,5.0,0.357,0.3571,14.0,0.0,41.4,7.5,9138707.0,0.139,0.638,,1051000000.0,3,clean,
S100YBEM,E02567,8088,listed,卸売業,岩谷産業株式会社,IWATANI CORPORATION,2026-03-31,2026-06-16,代表取締役社長兼CEO 間 島 寬,16,15.0,1.0,0.063,0.0625,16.0,0.0,39.8,15.3,10206000.0,0.077,0.55,,1697000000.0,4,clean,
S100YBFF,E02275,7752,listed,電気機器,株式会社リコー,"RICOH COMPANY,LTD.",2026-03-31,2026-06-16,代表取締役 社長執行役員・CEO 大山 晃,13,12.0,1.0,0.077,0.0769,13.0,0.0,45.4,20.0,9061743.0,0.1,0.808,,669000000.0,1,clean,
S100YBGF,E00052,1801,listed,建設業,大成建設株式会社,TAISEI CORPORATION,2026-03-31,2026-06-16,代表取締役社長 相 川 善 郎,16,14.0,2.0,0.13,0.125,16.0,0.0,42.3,17.0,11910134.0,0.021,0.59,,1091000000.0,3,clean,
S100YBHC,E01712,6324,listed,機械,株式会社ハーモニック・ドライブ・システムズ,Harmonic Drive Systems Inc.,2026-03-31,2026-06-16,代表取締役社長 丸 山 顕,14,13.0,1.0,0.071,0.0714,14.0,0.0,42.5,13.2,7192860.0,0.044,0.693,,366618000.0,0,clean,
S100YBHZ,E00906,4120,listed,化学,スガイ化学工業株式会社,"SUGAI CHEMICAL INDUSTRY CO., LTD.",2026-03-31,2026-06-16,代表取締役社長 野間 修,7,6.0,1.0,0.143,0.1429,7.0,0.0,41.0,18.0,6182000.0,0.026,0.803,,95400000.0,0,clean,
S100YBIB,E37725,5830,listed,銀行業,株式会社いよぎんホールディングス,"Iyogin Holdings, Inc.",2026-03-31,2026-06-16,代表取締役社長 三 好 賢 治,7,6.0,1.0,0.14,0.1429,7.0,0.0,41.5,18.5,9873000.0,,,,177000000.0,0,clean,
S100YBIN,E02509,8014,listed,卸売業,蝶理株式会社,"CHORI CO.,LTD.",2026-03-31,2026-06-16,代表取締役社長 迫 田 竜 之,9,7.0,2.0,0.22,0.2222,9.0,0.0,39.7,12.6,10360000.0,0.038,0.643,,235000000.0,0,clean,
S100YBKG,E02002,7931,listed,化学,未来工業株式会社,"MIRAI INDUSTRY CO.,LTD.",2026-03-20,2026-06-16,取締役社長 中島 靖,10,8.0,2.0,0.2,0.2,10.0,0.0,47.0,23.0,6577764.0,0.024,0.854,,221000000.0,0,clean,
S100YBL0,E01696,6294,listed,機械,オカダアイヨン株式会社,OKADA AIYON CORPORATION,2026-03-31,2026-06-16,代表取締役社長 岡田 祐司,10,8.0,2.0,0.2,0.2,10.0,0.0,41.0,12.0,6833000.0,0.037,0.682,,148642000.0,0,clean,
S100YBL8,E00371,2209,listed,食料品,井村屋グループ株式会社,"IMURAYA GROUP CO., LTD.",2026-03-31,2026-06-16,代表取締役社長 大 西 安 樹,16,12.0,4.0,0.25,0.25,16.0,0.0,38.5,13.8,6412709.0,0.25,0.667,,316625000.0,0,clean,
S100YBLG,E00913,4626,listed,化学,太陽ホールディングス株式会社,"TAIYO HOLDINGS CO., LTD.",2026-03-31,2026-06-16,代表取締役社長 齋藤 斉,6,3.0,3.0,0.5,0.5,6.0,0.0,37.5,8.6,9844903.0,0.286,0.755,,436000000.0,1,clean,
S100YBNS,E04497,9412,listed,情報・通信業,スカパーJSAT株式会社 (旧会社名 株式会社スカパーJSATホールディングス),SKY Perfect JSAT Corporation (旧英訳名 SKY Perfect JSAT Holdings Inc.),2026-03-31,2026-06-16,代表取締役執行役員社長 米倉 英一,13,11.0,2.0,0.15,0.1538,13.0,0.0,45.0,4.0,12132577.0,,,,190000000.0,0,clean,
S100YBPK,E00920,4503,listed,医薬品,アステラス製薬株式会社,Astellas Pharma Inc.,2026-03-31,2026-06-16,代表取締役社長 岡村 直樹,12,7.0,5.0,0.417,0.4167,12.0,0.0,42.5,15.4,11315057.0,0.197,0.769,,1863000000.0,3,clean,
S100YBQC,E03407,2767,listed,卸売業,円谷フィールズホールディングス株式会社,TSUBURAYA FIELDS HOLDINGS INC.,2026-03-31,2026-06-16,代表取締役社長グループCEO 山本 英俊,8,7.0,1.0,0.125,0.125,8.0,0.0,43.4,12.7,7764000.0,0.106,,,382000000.0,2,clean,
S100YBSD,E31064,9551,listed,電気・ガス業,メタウォーター株式会社,"METAWATER Co., Ltd.",2026-03-31,2026-06-16,代表取締役社長 山口 賢二,11,9.0,2.0,0.182,0.1818,11.0,0.0,43.3,16.8,9040509.0,0.043,0.777,,355000000.0,1,clean,
S100YBT6,E04235,9101,listed,海運業,日本郵船株式会社,Nippon Yusen Kabushiki Kaisha,2026-03-31,2026-06-16,代表取締役社長・社長執行役員 曽 我 貴 也,12,8.0,4.0,0.333,0.3333,12.0,0.0,37.8,13.9,15545044.0,0.154,0.748,,833000000.0,3,clean,
S100YBT8,E05173,4832,listed,情報・通信業,JFEシステムズ株式会社,"JFE Systems, Inc.",2025-03-31,2025-06-23,代表取締役社長 大 木 哲 夫,9,7.0,2.0,0.22,0.2222,9.0,0.0,44.5,19.3,8380382.0,0.091,0.832,,150383000.0,0,clean,
S100YBTV,E02552,8012,listed,卸売業,長瀬産業株式会社,"NAGASE &amp; CO., LTD.",2026-03-31,2026-06-16,代表取締役社長 上 島 宏 之,13,12.0,1.0,0.077,0.0769,13.0,0.0,41.2,14.7,11901000.0,0.076,0.579,,581000000.0,1,clean,
S100YBU2,E05688,3848,listed,情報・通信業,株式会社データ・アプリケーション,"Data Applications Company, Limited",2026-03-31,2026-06-16,代表取締役社長執行役員 安原 武志,6,6.0,,,,,,42.1,11.1,7081000.0,,,,146816000.0,0,clean,
S100YBU8,E03583,8381,listed,銀行業,株式会社山陰合同銀行,"The San-in Godo Bank,Ltd.",2026-03-31,2026-06-16,取締役頭取 吉 川 浩,13,8.0,5.0,0.384,0.3846,13.0,0.0,40.9,17.1,7521000.0,0.257,0.534,,401000000.0,0,clean,
S100YBUF,E23202,2270,listed,食料品,雪印メグミルク株式会社,"MEGMILK SNOW BRAND Co.,Ltd.",2025-03-31,2025-06-23,代表取締役社長 佐藤 雅俊,11,10.0,1.0,0.09,0.0909,11.0,0.0,41.8,16.1,7658598.0,0.086,0.659,,354000000.0,0,clean,
S100YBV4,E02955,2760,listed,卸売業,東京エレクトロン デバイス株式会社,TOKYO ELECTRON DEVICE LIMITED,2026-03-31,2026-06-16,代表取締役会長・CEO 徳 重 敦 之,11,9.0,2.0,0.182,0.1818,11.0,0.0,46.2,14.2,10749589.0,0.127,0.719,,413000000.0,1,clean,
S100YBV5,E03618,8377,listed,銀行業,株式会社ほくほくフィナンシャルグループ,"Hokuhoku Financial Group, Inc.",2026-03-31,2026-06-16,取締役社長 中澤 宏,11,9.0,2.0,0.182,0.1818,11.0,0.0,46.2,20.9,9901000.0,,,,182000000.0,0,clean,
S100YBWO,E37560,9221,listed,サービス業,フルハシEPO株式会社,FULUHASHI EPO CORPORATION,2026-03-31,2026-06-16,代表取締役社長 山口 直彦,9,7.0,2.0,0.222,0.2222,9.0,0.0,41.0,8.4,5588000.0,0.045,0.659,,284009000.0,1,clean,
S100YBXA,E03693,8572,listed,その他金融業,アコム株式会社,"ACOM CO., LTD.",2026-03-31,2026-06-16,代表取締役社長 木 下 政 孝,10,9.0,1.0,0.1,0.1,10.0,0.0,40.7,14.7,7215000.0,0.1,0.72,,307000000.0,0,clean,
S100YBXE,E02481,7832,listed,その他製品,株式会社バンダイナムコホールディングス,Bandai Namco Holdings Inc.,2026-03-31,2026-06-16,代表取締役社長 浅古 有寿,15,12.0,3.0,0.2,0.2,15.0,0.0,44.6,16.7,9838000.0,,,,1375000000.0,9,clean,
S100YBXW,E04220,9037,listed,陸運業,株式会社ハマキョウレックス,"HAMAKYOREX CO., LTD.",2026-03-31,2026-06-16,代表取締役社長 大須賀 秀徳,12,11.0,1.0,0.083,0.0833,12.0,0.0,44.2,11.0,4928410.0,0.042,0.569,,262000000.0,0,clean,
S100YBZA,E01480,6101,listed,機械,株式会社ツガミ,TSUGAMI CORPORATION,2026-03-31,2026-06-16,代表取締役社長 渡部 昇弘,9,7.0,2.0,0.22,0.2222,9.0,0.0,44.0,19.0,7072000.0,0.09,0.72,,179000000.0,0,clean,
S100YC07,E02686,4956,listed,化学,コニシ株式会社,"KONISHI CO., LTD.",2026-03-31,2026-06-16,代表取締役社長 松 端 博 文,9,7.0,2.0,0.222,0.2222,9.0,0.0,42.11,17.48,7959000.0,0.044,0.615,,324000000.0,1,clean,
S100YC0N,E00488,2876,listed,食料品,株式会社デルソーレ,Delsole Corporation,2026-03-31,2026-06-16,代表取締役社長 武長 栄治,11,11.0,0.0,0.0,0.0,11.0,0.0,44.0,14.0,5449000.0,,0.695,,305527000.0,1,clean,
S100YC0P,E00884,4471,listed,化学,三洋化成工業株式会社,"SANYO CHEMICAL INDUSTRIES, LTD.",2026-03-31,2026-06-16,代表取締役社長 原田 正大,13,11.0,2.0,0.154,0.1538,13.0,0.0,42.9,18.6,8220000.0,0.056,0.7,,373000000.0,0,clean,
S100YC1Q,E30728,2060,listed,食料品,フィード・ワン株式会社,"FEED ONE CO.,LTD.",2026-03-31,2026-06-16,代表取締役社長 庄司 英洋,10,9.0,1.0,0.1,0.1,10.0,0.0,40.1,15.9,7723000.0,0.028,0.622,,176000000.0,0,clean,
S100YC38,E01164,7995,listed,化学,株式会社バルカー,"VALQUA,LTD.",2026-03-31,2026-06-16,代表取締役社長COO 瀧 澤 利 治,9,8.0,1.0,0.111,0.1111,9.0,0.0,47.1,17.7,8585760.0,0.133,0.705,,446000000.0,1,clean,
S100YC4K,E02643,8133,listed,卸売業,伊藤忠エネクス株式会社,"ITOCHU ENEX CO.,LTD.",2026-03-31,2026-06-16,代表取締役社長 田畑 信幸,12,9.0,3.0,0.25,0.25,12.0,0.0,41.3,15.7,10009720.0,0.03,0.611,,439000000.0,0,clean,
S100YC4Y,E02077,6730,listed,電気機器,株式会社アクセル,AXELL CORPORATION,2026-03-31,2026-06-16,代表取締役会長兼社長 松浦 一教,8,8.0,,,,,,48.7,13.3,10480000.0,,0.637,,224000000.0,0,clean,
S100YC54,E04889,9640,listed,情報・通信業,株式会社セゾンテクノロジー,"Saison Technology Co.,Ltd.",2026-03-31,2026-06-16,代表取締役 社長執行役員 葉山 誠,11,8.0,3.0,0.273,0.2727,11.0,0.0,43.0,13.8,7638155.0,0.162,0.834,,181649000.0,0,clean,
S100YC5I,E23202,2270,listed,食料品,雪印メグミルク株式会社,"MEGMILK SNOW BRAND Co.,Ltd.",2026-03-31,2026-06-16,代表取締役社長 佐藤 雅俊,11,10.0,1.0,0.09,0.0909,11.0,0.0,41.6,16.0,7733539.0,0.103,0.677,,388000000.0,0,clean,
S100YC5V,E05215,4299,listed,情報・通信業,株式会社ハイマックス,"HIMACS,Ltd.",2026-03-31,2026-06-16,代表取締役社長 中島 太,12,10.0,2.0,0.167,0.1667,12.0,0.0,37.7,12.8,6055000.0,0.075,0.804,,215000000.0,0,clean,
S100YC6I,E01506,6146,listed,機械,株式会社ディスコ,DISCO CORPORATION,2026-03-31,2026-06-16,代表執行役社長 関家 一馬,9,7.0,4.0,0.3636,0.4444,11.0,2.0,37.2,10.6,18795641.0,0.074,0.57,,1676000000.0,5,clean,
S100YC72,E01138,5332,listed,ガラス・土石製品,TOTO株式会社,TOTO LTD.,2026-03-31,2026-06-16,代表取締役 社長執行役員 田村 信也,13,11.0,2.0,0.15,0.1538,13.0,0.0,45.2,18.9,7812740.0,0.224,0.617,,972000000.0,4,clean,
S100YC75,E39222,5892,listed,小売業,株式会社yutori,"yutori, Inc.",2026-03-31,2026-06-16,代表取締役社長 片石 貴展,7,5.0,2.0,0.29,0.2857,7.0,0.0,27.1,1.0,4469000.0,0.25,0.742,,84927000.0,0,clean,
S100YC7A,E06141,8750,listed,保険業,株式会社第一ライフグループ(旧会社名:第一生命ホールディングス株式会社),"Daiichi Life Group, Inc. (旧英訳名:Dai-ichi Life Holdings, Inc.)(注)2025年6月23日開催の第15期定時株主総会の決議により、2026年4月1日から商号(会社名及び英訳名)を上記のとおり変更いたしました。",2026-03-31,2026-06-16,代表取締役社長グループCEO 菊田 徹也,15,11.0,4.0,0.266,0.2667,15.0,0.0,39.0,10.0,11426000.0,0.177,0.586,,910000000.0,3,clean,
S100YC7R,E26327,7157,listed,保険業,ライフネット生命保険株式会社,LIFENET INSURANCE COMPANY,2026-03-31,2026-06-16,代表取締役社長 横澤 淳平,6,4.0,2.0,0.33,0.3333,6.0,0.0,41.8,6.3,8319851.0,0.269,,,138000000.0,0,clean,
S100YC95,E03760,8613,listed,証券、商品先物取引業,丸三証券株式会社,"Marusan Securities Co., Ltd.",2026-03-31,2026-06-16,代表取締役社長 菊 地 稔,11,9.0,2.0,0.182,0.1818,11.0,0.0,35.0,12.0,7729000.0,0.03,0.69,,205000000.0,0,clean,
S100YC9F,E03572,8364,listed,銀行業,株式会社清水銀行,"THE SHIMIZU BANK,LTD.",2026-03-31,2026-06-16,取締役頭取 岩山 靖宏,15,13.0,2.0,0.13,0.1333,15.0,0.0,40.4,17.2,6236000.0,0.0775,0.501,,278000000.0,0,clean,
S100YCA9,E03071,8130,listed,卸売業,株式会社サンゲツ,Sangetsu Corporation,2025-03-31,2025-06-17,代表取締役 社長執行役員 近 藤 康 正,7,4.0,3.0,0.429,0.4286,7.0,0.0,37.9,15.4,7895000.0,0.228,0.713,,196000000.0,0,clean,
S100YCAP,E02836,7477,listed,卸売業,ムラキ株式会社,MURAKI CORPORATION,2026-03-31,2026-06-16,代表取締役社長 柳田 任俊,8,7.0,1.0,0.125,0.125,8.0,0.0,46.7,15.08,4291000.0,0.023,,,100080000.0,0,clean,
S100YCBD,E02745,9902,listed,卸売業,株式会社日伝,NICHIDEN Corporation,2026-03-31,2026-06-16,代表取締役 社長執行役員 福家 利一,9,8.0,1.0,0.111,0.1111,9.0,0.0,38.7,13.5,6542000.0,0.039,0.679,,282000000.0,0,clean,
S100YCBI,E01667,6349,listed,機械,株式会社小森コーポレーション,KOMORI CORPORATION,2026-03-31,2026-06-16,代表取締役社長 持田 訓,10,8.0,2.0,0.2,0.2,10.0,0.0,42.93,17.95,7406383.0,0.023,0.757,,308000000.0,0,clean,
S100YCCS,E00446,2871,listed,食料品,株式会社ニチレイ,NICHIREI CORPORATION,2026-03-31,2026-06-16,代表取締役社長(CEO) 嶋本 和訓,16,13.0,3.0,0.188,0.1875,16.0,0.0,45.2,17.8,7726943.0,0.283,0.749,,386000000.0,0,clean,
S100YCDE,E03041,8253,listed,その他金融業,株式会社クレディセゾン,"Credit Saison Co.,Ltd.",2026-03-31,2026-06-16,代表取締役(兼)社長執行役員COO 水 野 克 己,15,13.0,2.0,0.133,0.1333,15.0,0.0,44.4,15.4,6668835.0,0.261,0.713,,622000000.0,1,clean,
S100YCFK,E04148,9021,listed,陸運業,西日本旅客鉄道株式会社,West Japan Railway Company,2026-03-31,2026-06-16,代表取締役社長 倉坂 昇治,15,12.0,3.0,0.2,0.2,15.0,0.0,37.4,13.7,7276931.0,0.043,0.824,,793000000.0,0,clean,
S100YCFQ,E02713,9857,listed,卸売業,英和株式会社,EIWA CORPORATION,2026-03-31,2026-06-16,代表取締役社長 阿 部 吉 典,9,8.0,1.0,0.111,0.1111,9.0,0.0,43.9,13.7,7414000.0,0.029,0.539,,230000000.0,0,clean,
S100YCGC,E03819,8704,listed,証券、商品先物取引業,トレイダーズホールディングス株式会社,"TRADERS HOLDINGS CO., LTD.",2026-03-31,2026-06-16,代表取締役会長兼社長 金丸 貴行,8,8.0,,,,,,43.5,6.8,10060000.0,0.0,0.631,,509000000.0,1,clean,
S100YCGO,E02417,9697,listed,情報・通信業,株式会社カプコン,"CAPCOM CO., LTD.",2026-03-31,2026-06-16,代表取締役社長 辻 本 春 弘,14,11.0,3.0,0.214,0.2143,14.0,0.0,38.1,11.2,9852000.0,0.118,0.626,,1803000000.0,6,clean,
S100YCGP,E04904,9619,listed,サービス業,株式会社イチネンホールディングス,"ICHINEN HOLDINGS CO., LTD.",2026-03-31,2026-06-16,代表取締役社長 黒田 雅史,14,11.0,3.0,0.214,0.2143,14.0,0.0,44.4,14.4,7850566.0,0.043,0.693,,274000000.0,0,clean,
S100YCHD,E35449,6231,listed,機械,木村工機株式会社,"KIMURA KOHKI Co.,Ltd.",2026-03-31,2026-06-16,代表取締役社長 木村 晃,11,9.0,2.0,0.182,0.1818,11.0,0.0,39.9,13.4,8125336.0,0.036,0.645,,208216000.0,0,clean,
S100YCHI,E02140,7276,listed,電気機器,株式会社小糸製作所,"KOITO MANUFACTURING CO., LTD.",2025-03-31,2025-06-26,代表取締役社長 加藤 充明,14,12.0,2.0,0.143,0.1429,14.0,0.0,43.0,20.0,6541500.0,0.03,0.654,,853000000.0,3,clean,
S100YCHR,E02140,7276,listed,電気機器,株式会社小糸製作所,"KOITO MANUFACTURING CO., LTD.",2023-03-31,2023-06-30,代表取締役社長 加藤 充明,13,12.0,1.0,0.077,0.0769,13.0,0.0,42.0,20.0,6299858.0,,,,914000000.0,2,clean,
S100YCI4,E32990,9325,listed,サービス業,ファイズホールディングス株式会社,PHYZ Holdings Inc.,2026-03-31,2026-06-16,代表取締役社長執行役員 大澤 隆,12,12.0,,,,,,41.4,4.5,5301000.0,,,,107109000.0,0,clean,
S100YCI5,E02140,7276,listed,電気機器,株式会社小糸製作所,"KOITO MANUFACTURING CO., LTD.",2024-03-31,2024-06-28,代表取締役社長 加藤 充明,14,12.0,2.0,0.143,0.1429,14.0,0.0,43.0,20.0,6385548.0,0.025,0.646,,814000000.0,2,clean,
S100YCID,E02501,8007,listed,卸売業,高島株式会社,"Takashima &amp; Co.,Ltd.",2026-03-31,2026-06-16,代表取締役社長 高島 幸一,9,7.0,2.0,0.22,0.2222,9.0,0.0,43.5,12.4,8404000.0,0.071,0.653,,184000000.0,0,clean,
S100YCIF,E05643,3826,listed,情報・通信業,株式会社システムインテグレータ,System Integrator Corp.,2026-02-28,2026-05-29,代表取締役社長 引屋敷 智,8,7.0,1.0,0.125,0.125,8.0,0.0,35.3,6.4,6720000.0,0.107,0.84,,118991000.0,0,clean,
S100YCIP,E36723,5076,listed,サービス業,インフロニア・ホールディングス株式会社,INFRONEER Holdings Inc.,2026-03-31,2026-06-16,代表執行役社長 岐部 一誠,7,11.0,2.0,0.154,0.2857,13.0,6.0,43.2,13.4,11888000.0,0.133,0.705,,1446000000.0,6,clean,
S100YCMC,E02213,7211,listed,輸送用機器,三菱自動車工業株式会社,MITSUBISHI MOTORS CORPORATION,2026-03-31,2026-06-16,代表執行役CEO 加藤 隆雄,12,19.0,3.0,0.136,0.25,22.0,10.0,42.4,16.0,7895000.0,0.068,0.798,,824000000.0,1,clean,
S100YCNU,E05539,3393,listed,卸売業,スターティアホールディングス株式会社,"Startia Holdings, Inc.",2026-03-31,2026-06-16,代表取締役社長 本 郷 秀 之,9,6.0,3.0,0.333,0.3333,9.0,0.0,41.75,8.0,8489000.0,0.167,0.494,,103469000.0,0,clean,
S100YCOR,E05097,4765,listed,サービス業,SBIグローバルアセットマネジメント株式会社,"SBI Global Asset Management Co., Ltd.",2026-03-31,2026-06-16,代表取締役社長 朝倉 智也,9,9.0,0.0,0.0,0.0,9.0,0.0,54.9,8.0,6760000.0,0.2,0.676,,80250000.0,0,clean,
S100YCOS,E01595,6445,listed,機械,株式会社ジャノメ,JANOME Corporation,2026-03-31,2026-06-16,代表取締役社長 齋藤 真,11,8.0,3.0,0.27,0.2727,11.0,0.0,41.0,14.3,6694033.0,0.176,0.831,,201000000.0,0,clean,
S100YCOW,E40223,303A,listed,その他製品,株式会社visumo,visumo Inc.,2026-03-31,2026-06-16,代表取締役 社長執行役員 井上 純,11,11.0,,,,,,31.6,2.3,6343767.0,,,,69194000.0,0,clean,
S100YCOY,E33435,3484,listed,不動産業,株式会社イノベーションホールディングス,"Innovation Holdings CO.,LTD.",2026-03-31,2026-06-16,代表取締役社長 原 康雄,9,8.0,1.0,0.111,0.1111,9.0,0.0,38.1,5.2,6618000.0,,,,282982000.0,0,clean,
S100YCP3,E04430,9432,listed,情報・通信業,NTT株式会社(旧会社名 日本電信電話株式会社),"NTT, Inc.(旧英訳名 NIPPON TELEGRAPH AND TELEPHONE CORPORATION)",2026-03-31,2026-06-16,代表取締役社長 島田 明,16,10.0,6.0,0.375,0.375,16.0,0.0,41.4,15.6,10562434.0,0.127,0.791,,848000000.0,2,clean,
S100YCPU,E34716,7057,listed,サービス業,株式会社エヌ・シー・エヌ,"New Constructor's Network Co., Ltd.",2026-03-31,2026-06-16,代表取締役社長執行役員 田鎖 郁夫,9,9.0,,,,,,40.5,8.8,6733972.0,0.171,,,165025000.0,0,clean,
S100Y8YZ,E01601,6472,listed,機械,NTN株式会社,NTN CORPORATION,2026-03-31,2026-06-17,執行役社長 鵜飼 英一,12,21.0,2.0,0.086,0.1667,23.0,11.0,41.7,19.6,7456517.0,0.049,0.797,,750000000.0,0,clean,
S100YAOG,E02408,7949,listed,その他製品,小松ウオール工業株式会社,"KOMATSU WALL INDUSTRY CO., LTD.",2026-03-31,2026-06-17,代表取締役社長 加 納 慎 也,8,6.0,2.0,0.25,0.25,8.0,0.0,38.1,14.1,6662000.0,0.019,0.804,,201000000.0,0,clean,
S100YAZ5,E00048,1925,listed,建設業,大和ハウス工業株式会社,"DAIWA HOUSE INDUSTRY CO., LTD.",2026-03-31,2026-06-17,代表取締役社長 大友 浩嗣,20,18.0,2.0,0.1,0.1,20.0,0.0,40.7,15.7,11011469.0,0.063,0.596,,2532000000.0,7,clean,
S100YAZH,E02423,7917,listed,化学,ZACROS株式会社,ZACROS Corporation,2026-03-31,2026-06-17,代表取締役社長 下田 拓,9,7.0,2.0,0.222,0.2222,9.0,0.0,41.7,15.3,7534967.0,0.081,0.786,,246000000.0,0,clean,
S100YAZU,E23820,8600,listed,銀行業,トモニホールディングス株式会社,"TOMONY Holdings, Inc.",2026-03-31,2026-06-17,代表取締役社長兼CEO(最高経営責任者) 中村 武,12,9.0,3.0,0.25,0.25,12.0,0.0,54.3,31.6,9452000.0,,,,181000000.0,0,clean,
S100YB28,E27281,3284,listed,不動産業,株式会社フージャースホールディングス,"Hoosiers Holdings Co., Ltd.",2026-03-31,2026-06-17,代表取締役社長執行役員 小 川 栄 一,7,6.0,1.0,0.143,0.1429,7.0,0.0,42.0,4.0,7132000.0,0.181,0.532,,155000000.0,0,clean,
S100YB3J,E01469,6013,listed,機械,株式会社タクマ,"TAKUMA CO., LTD.",2026-03-31,2026-06-17,代表取締役社長兼社長執行役員 濵田 州朗,11,10.0,1.0,0.091,0.0909,11.0,0.0,42.2,14.3,9171677.0,0.019,0.667,,393000000.0,0,clean,
S100YB5L,E00919,4502,listed,医薬品,武田薬品工業株式会社,Takeda Pharmaceutical Company Limited,2026-03-31,2026-06-17,代表取締役社長CEO クリストフ ウェバー,14,11.0,3.0,0.21,0.2143,14.0,0.0,44.0,14.8,11445000.0,0.225,0.793,,2542000000.0,14,clean,
S100YBD2,E03641,8544,listed,銀行業,株式会社 京葉銀行,"The Keiyo Bank, Ltd.",2026-03-31,2026-06-17,取締役頭取 藤田 剛,14,13.0,1.0,0.071,0.0714,14.0,0.0,39.2,16.5,7555000.0,0.103,0.593,,367000000.0,0,clean,
S100YBFC,E02394,7966,listed,その他製品,リンテック株式会社,LINTEC Corporation,2026-03-31,2026-06-17,代表取締役社長 服部 真,12,10.0,2.0,0.166,0.1667,12.0,0.0,42.8,20.0,7243084.0,0.046,0.724,,429000000.0,0,clean,
S100YBGJ,E03627,,unlisted,銀行業,三井住友信託銀行株式会社,"Sumitomo Mitsui Trust Bank, Limited",2026-03-31,2026-06-17,取締役社長 米 山 学 朋,0,,,,,,,,,,,,,,0,no_tagged_board,officers table is TextBlock only
S100YBGM,E03611,8309,listed,銀行業,三井住友トラストグループ株式会社,"Sumitomo Mitsui Trust Group, Inc.",2026-03-31,2026-06-17,執行役社長 大 山 一 也,13,20.0,6.0,0.23,0.4615,26.0,13.0,46.5,19.9,13927000.0,,,,901000000.0,4,clean,
S100YBGN,E05350,2371,listed,サービス業,株式会社カカクコム,"Kakaku.com,Inc.",2026-03-31,2026-06-17,代表取締役社長 村上 敦浩,11,9.0,2.0,0.182,0.1818,11.0,0.0,37.3,6.6,7547000.0,0.218,0.761,,334000000.0,1,clean,
S100YBKA,E03575,8366,listed,銀行業,株式会社滋賀銀行,"THE SHIGA BANK,LTD.",2026-03-31,2026-06-17,取締役頭取 久保田 真 也,13,12.0,1.0,0.07,0.0769,13.0,0.0,37.66,14.66,7320000.0,0.19,0.504,,332000000.0,0,clean,
S100YBNR,E01405,5992,listed,金属製品,中央発條株式会社,"CHUO SPRING CO.,LTD.",2026-03-31,2026-06-17,代表取締役社長 北浦 啓一,8,6.0,2.0,0.25,0.25,8.0,0.0,43.7,20.4,7415932.0,0.012,0.756,,133151000.0,0,clean,
S100YBO0,E00818,4202,listed,化学,株式会社ダイセル,Daicel Corporation,2026-03-31,2026-06-17,代表取締役社長 榊 康裕,15,12.0,3.0,0.2,0.2,15.0,0.0,41.9,15.3,8655282.0,0.076,0.804,,550000000.0,1,clean,
S100YBP7,E00811,4114,listed,化学,株式会社日本触媒,"NIPPON SHOKUBAI CO., LTD.",2026-03-31,2026-06-17,代表取締役社長 野田 和宏,12,10.0,2.0,0.17,0.1667,12.0,0.0,39.4,16.6,8590000.0,0.07,0.826,,391000000.0,0,clean,
S100YBRY,E04209,9057,listed,陸運業,遠州トラック株式会社,"ENSHU TRUCK CO.,LTD.",2026-03-31,2026-06-17,代表取締役社長 金原 秀樹,9,8.0,1.0,0.111,0.1111,9.0,0.0,44.0,9.0,5550124.0,0.027,0.662,,118000000.0,0,clean,
S100YBU1,E01123,5204,listed,ガラス・土石製品,石塚硝子株式会社,"ISHIZUKA GLASS CO.,LTD.",2026-03-20,2026-06-17,代表取締役 社長執行役員 石塚 久継,9,8.0,1.0,0.111,0.1111,9.0,0.0,43.6,19.7,6020000.0,0.038,0.735,,122000000.0,0,clean,
S100YBUN,E03733,8737,listed,証券、商品先物取引業,株式会社あかつき本社,Akatsuki Corp.,2026-03-31,2026-06-17,代表取締役社長 島根 秀明,11,11.0,,,,,,45.7,4.7,9937933.0,,,,346535000.0,2,clean,
S100YBV8,E00037,1518,listed,その他製品,三井松島ホールディングス株式会社,"MITSUI MATSUSHIMA HOLDINGS CO., LTD.",2026-03-31,2026-06-17,代表取締役社長 吉 岡 泰 士,7,5.0,2.0,0.29,0.2857,7.0,0.0,44.6,9.5,10964000.0,,,,357000000.0,2,clean,
S100YC1N,E03623,8410,listed,銀行業,株式会社セブン銀行,"Seven Bank, Ltd.",2026-03-31,2026-06-17,代表取締役社長 松橋 正明,12,9.0,3.0,0.25,0.25,12.0,0.0,41.1,7.4,7734000.0,0.232,0.633,,311000000.0,0,clean,
S100YC23,E01108,7282,listed,輸送用機器,豊田合成株式会社,"TOYODA GOSEI CO., LTD.",2026-03-31,2026-06-17,取締役社長 齋藤 克巳,14,12.0,2.0,0.143,0.1429,14.0,0.0,44.1,20.2,7453067.0,0.04,0.791,,563000000.0,1,clean,
S100YC3L,E40736,417A,listed,小売業,株式会社ブルーゾーンホールディングス,"BLUE ZONES HOLDINGS CO., LTD.",2026-03-31,2026-06-17,代表取締役社長 川 野 澄 人,11,9.0,2.0,0.1818,0.1818,11.0,0.0,35.4,7.3,8059000.0,,,,277000000.0,0,clean,
S100YC6H,E03827,,unlisted,保険業,損害保険ジャパン株式会社,Sompo Japan Insurance Inc.,2026-03-31,2026-06-17,代表取締役社長 石 川 耕 治,0,,,,,,,,,,,,,,0,no_tagged_board,officers table is TextBlock only
S100YC6U,E38645,5576,listed,情報・通信業,株式会社オービーシステム,O.B.System Inc.,2026-03-31,2026-06-17,代表取締役社長 豊田 利雄,10,9.0,1.0,0.1,0.1,10.0,0.0,38.8,13.4,5745000.0,,0.821,,126702000.0,0,clean,
S100YC6Z,E23924,8630,listed,保険業,SOMPOホールディングス株式会社,"Sompo Holdings, Inc.",2026-03-31,2026-06-17,グループCEO 取締役 代表執行役社長 奥 村 幹 夫,13,15.0,2.0,0.118,0.1538,17.0,4.0,43.3,12.5,12595575.0,0.094,0.689,,1171000000.0,4,clean,
S100YC7N,E04147,9020,listed,陸運業,東日本旅客鉄道株式会社,East Japan Railway Company,2026-03-31,2026-06-17,代表取締役社長 喜 㔟 陽 一,16,11.0,5.0,0.3125,0.3125,16.0,0.0,39.8,17.1,8191696.0,0.09,0.889,,599000000.0,0,clean,
S100YC8S,E05065,1738,listed,建設業,株式会社 ニットー(定款上の商号 株式会社 NITTOH),NITTOH CORPORATION,2026-03-31,2026-06-17,代表取締役社長 中 野 英 樹,8,8.0,,,,,,42.0,11.3,5502000.0,,,,56844000.0,0,clean,
S100YC9O,E03867,8818,listed,不動産業,京阪神ビルディング株式会社,"Keihanshin Building Co., Ltd.",2026-03-31,2026-06-17,代表取締役社長 社長執行役員 若 林 常 夫,10,8.0,2.0,0.2,0.2,10.0,0.0,46.0,9.2,11079000.0,0.118,0.665,,205000000.0,0,clean,
S100YC9Z,E00356,2109,listed,食料品,DM三井製糖ホールディングス株式会社(旧会社名 三井製糖株式会社),"Mitsui DM Sugar Holdings Co., Ltd.(旧英訳名 Mitsui Sugar Co., Ltd.)(注) 2021年2月22日開催の臨時株主総会の決議により、2021 年4月1日から会社名を上記のとおり変更いたしました。",2021-03-31,2021-06-22,代表取締役社長 森本 卓,10,9.0,1.0,0.1,0.1,10.0,0.0,42.13,19.06,7245240.0,,,,233000000.0,0,clean,
S100YCA0,E00356,2109,listed,食料品,DM三井製糖ホールディングス株式会社,"Mitsui DM Sugar Holdings Co., Ltd.",2022-03-31,2022-06-21,代表取締役社長 森本 卓,10,8.0,2.0,0.2,0.2,10.0,0.0,49.18,23.36,9777036.0,,,,227000000.0,0,clean,
S100YCA1,E00356,2109,listed,食料品,DM三井製糖ホールディングス株式会社,"Mitsui DM Sugar Holdings Co., Ltd.",2023-03-31,2023-06-22,代表取締役社長 森本 卓,10,8.0,2.0,0.2,0.2,10.0,0.0,47.88,22.11,9187572.0,,,,253000000.0,0,clean,
S100YCA2,E00356,2109,listed,食料品,DM三井製糖ホールディングス株式会社,"Mitsui DM Sugar Holdings Co., Ltd.",2024-03-31,2024-06-25,代表取締役社長 森本 卓,10,8.0,2.0,0.2,0.2,10.0,0.0,49.23,22.54,9264264.0,,,,221000000.0,0,clean,
S100YCA3,E00356,2109,listed,食料品,DM三井製糖株式会社(旧会社名 DM三井製糖ホールディングス株式会社),"Mitsui DM Sugar Co., Ltd.(旧英訳名 Mitsui DM Sugar Holdings Co., Ltd.)",2025-03-31,2025-06-20,代表取締役社長 森本 卓,10,8.0,2.0,0.2,0.2,10.0,0.0,45.35,17.61,8653915.0,,,,221000000.0,0,clean,
S100YCAR,E01888,6988,listed,化学,日東電工株式会社,NITTO DENKO CORPORATION,2026-03-31,2026-06-17,取締役社長 赤木 達哉,15,12.0,3.0,0.2,0.2,15.0,0.0,41.0,15.5,8437000.0,0.077,0.794,,1196000000.0,5,clean,
S100YCBL,E04103,9042,listed,陸運業,阪急阪神ホールディングス株式会社,"Hankyu Hanshin Holdings, Inc.",2026-03-31,2026-06-17,代表取締役社長 嶋田 泰夫,13,10.0,3.0,0.231,0.2308,13.0,0.0,42.4,17.5,9198043.0,0.076,0.73,,271000000.0,1,clean,
S100YCBQ,E05521,3798,listed,情報・通信業,ULSグループ株式会社,"ULS Group, Inc.",2026-03-31,2026-06-17,代表取締役社長 横山 芳成,6,4.0,2.0,0.3333,0.3333,6.0,0.0,43.9,7.5,8486193.0,0.25,0.973,,158000000.0,0,clean,
S100YCCG,E00852,4362,listed,化学,日本精化株式会社,"Nippon Fine Chemical Co., Ltd.",2026-03-31,2026-06-17,代表取締役執行役員社長 矢野 浩史,9,8.0,1.0,0.1111,0.1111,9.0,0.0,41.9,14.6,8187000.0,0.063,0.77,,209904000.0,0,clean,
S100YCDM,E01152,5208,listed,化学,株式会社有沢製作所,"Arisawa Mfg. Co., Ltd.",2026-03-31,2026-06-17,代表取締役社長 有沢 悠太,12,10.0,2.0,0.17,0.1667,12.0,0.0,45.4,21.0,6711000.0,0.192,0.791,,290373000.0,0,clean,
S100YCEI,E03676,,unlisted,銀行業,株式会社 佐賀共栄銀行,"THE SAGA KYOEI BANK, LTD.",2026-03-31,2026-06-17,取締役頭取 二 宮 洋 二,0,,,,,,,,,,,,,,0,no_tagged_board,officers table is TextBlock only
S100YCEQ,E01806,6516,listed,電気機器,山洋電気株式会社,"SANYO DENKI CO., LTD.",2026-03-31,2026-06-17,代表取締役会長 山本茂生,11,9.0,2.0,0.182,0.1818,11.0,0.0,42.6,16.4,6834000.0,0.051,0.798,,382000000.0,2,clean,
S100YCGQ,E04650,,unlisted,サービス業,株式会社小倉カンツリー倶楽部,"KOKURA COUNTRY CLUB CO,LTD",2026-03-31,2026-06-17,代表取締役社長 安木 功,0,,,,,,,,,,,,,,0,no_tagged_board,officers table is TextBlock only
S100YCGZ,E03683,,unlisted,銀行業,株式会社沖縄海邦銀行,"THE OKINAWA KAIHO BANK, LTD.",2026-03-31,2026-06-17,取締役頭取 新城 一史,0,,,,,,,,,,,,,,0,no_tagged_board,officers table is TextBlock only
S100YCH0,E02225,7299,listed,輸送用機器,フジオーゼックス株式会社,FUJI OOZX Inc.,2026-03-31,2026-06-17,代表取締役社長執行役員 杉 江 郁 夫,12,11.0,1.0,0.08,0.0833,12.0,0.0,39.5,15.3,7034000.0,0.021,0.611,,192223000.0,0,clean,
S100YCH4,E02869,7552,listed,卸売業,株式会社ハピネット,HAPPINET CORPORATION,2026-03-31,2026-06-17,代表取締役社長 水谷 敏之,12,9.0,3.0,0.25,0.25,12.0,0.0,39.0,13.0,7689000.0,0.185,0.667,,709000000.0,3,clean,
S100YCH9,E03493,7823,listed,その他製品,株式会社アートネイチャー,ARTNATURE INC.,2026-03-31,2026-06-17,代表取締役会長兼社長 五十嵐 祥剛,12,9.0,3.0,0.25,0.25,12.0,0.0,45.2,12.3,4553307.0,0.225,0.743,,439000000.0,1,clean,
S100YCHA,E02195,7241,listed,輸送用機器,フタバ産業株式会社,"FUTABA INDUSTRIAL CO., LTD.",2026-03-31,2026-06-17,代表取締役社長 魚 住 吉 博,11,9.0,2.0,0.182,0.1818,11.0,0.0,38.9,16.0,6821000.0,0.023,0.74,,192000000.0,0,clean,
S100YCHQ,E02161,7238,listed,輸送用機器,曙ブレーキ工業株式会社,"AKEBONO BRAKE INDUSTRY CO., LTD.",2023-03-31,2023-06-26,代表取締役社長 CEO 宮 地 康 弘,6,6.0,,,,,,44.8,19.5,6909475.0,,,,112000000.0,0,clean,
S100YCII,E22509,7775,listed,精密機器,大研医器株式会社,"DAIKEN MEDICAL CO.,LTD.",2026-03-31,2026-06-17,代表取締役社長 山田 雅之,7,6.0,1.0,0.14,0.1429,7.0,0.0,42.0,12.0,6465000.0,0.077,0.376,,110995000.0,0,clean,
S100YCJ1,E04959,4644,listed,情報・通信業,イマジニア株式会社,"Imagineer Co.,Ltd.",2026-03-31,2026-06-17,代表取締役社長兼CEO 澄岡 和憲,8,8.0,0.0,0.0,0.0,8.0,0.0,42.8,9.8,6923664.0,0.083,0.577,,202217000.0,0,clean,
S100YCJ4,E27016,4929,listed,化学,株式会社アジュバンホールディングス,"ADJUVANT HOLDINGS CO.,LTD.",2026-03-20,2026-06-17,代表取締役会長兼社長 中村 豊,9,7.0,2.0,0.222,0.2222,9.0,0.0,43.8,7.6,6116000.0,,,,179633000.0,0,clean,
S100YCK1,E00015,1333,listed,水産・農林業,Umios株式会社(旧会社名 マルハニチロ株式会社),Umios Corporation(旧英訳名 Maruha Nichiro Corporation)(注)2025年6月25日開催の第81期定時株主総会の決議により、2026年3月 1日から会社名及び英訳名を上記のとおり変更しました。,2026-03-31,2026-06-17,代表取締役社長執行役員 安田 大助,10,8.0,2.0,0.2,0.2,10.0,0.0,41.0,14.4,7831821.0,0.1,0.63,,380000000.0,1,clean,
S100YCKH,E04775,8585,listed,その他金融業,株式会社オリエントコーポレーション,Orient Corporation,2026-03-31,2026-06-17,代表取締役社長 梅宮 真,11,8.0,3.0,0.27,0.2727,11.0,0.0,43.1,17.3,6663653.0,0.302,0.47,,344000000.0,0,clean,
S100YCL0,E05714,8729,listed,保険業,ソニーフィナンシャルグループ株式会社,Sony Financial Group Inc.,2026-03-31,2026-06-17,代表執行役 遠藤 俊英,8,12.0,3.0,0.2,0.375,15.0,7.0,45.8,3.8,12786000.0,0.22,0.821,,496000000.0,1,clean,
S100YCLR,E04102,9041,listed,陸運業,近鉄グループホールディングス株式会社,"Kintetsu Group Holdings Co.,Ltd.",2026-03-31,2026-06-17,代表取締役社長 若井 敬,17,15.0,2.0,0.118,0.1176,17.0,0.0,44.6,17.7,8228945.0,0.1,0.594,,492000000.0,0,clean,
S100YCM2,E03602,8399,listed,銀行業,株式会社琉球銀行,"Bank of The Ryukyus, Limited",2026-03-31,2026-06-17,取締役頭取 島 袋 健,13,11.0,2.0,0.153,0.1538,13.0,0.0,39.0,15.0,6395000.0,0.325,0.658,,232000000.0,0,clean,
S100YCML,E04806,8595,listed,証券、商品先物取引業,ジャフコ グループ株式会社,"JAFCO Group Co., Ltd.",2025-03-31,2025-06-18,取締役社長 三好 啓介,6,4.0,2.0,0.333,0.3333,6.0,0.0,42.0,13.0,13586374.0,0.138,,,278000000.0,1,clean,
S100YCMP,E03753,8601,listed,証券、商品先物取引業,株式会社大和証券グループ本社,Daiwa Securities Group Inc.,2026-03-31,2026-06-17,代表執行役社長 荻野 明彦,14,15.0,7.0,0.318,0.5,22.0,8.0,41.6,15.2,17934308.0,0.199,0.773,,2260000000.0,10,clean,
S100YCOQ,E04806,8595,listed,証券、商品先物取引業,ジャフコ グループ株式会社,"JAFCO Group Co., Ltd.",2026-03-31,2026-06-17,取締役社長 三好 啓介,8,5.0,3.0,0.375,0.375,8.0,0.0,43.0,13.0,13656206.0,0.114,,,291000000.0,2,clean,
S100YCP7,E00829,7871,listed,化学,フクビ化学工業株式会社,"FUKUVI CHEMICAL INDUSTRY CO.,LTD.",2026-03-31,2026-06-17,代表取締役社長 森 克則,10,9.0,1.0,0.1,0.1,10.0,0.0,43.7,19.9,6264860.0,0.088,0.713,,252000000.0,0,clean,
S100YCPQ,E00183,1979,listed,建設業,株式会社大気社,Taikisha Ltd.,2026-03-31,2026-06-17,代表取締役社長 長 田 雅 士,14,12.0,2.0,0.143,0.1429,14.0,0.0,42.0,15.2,11600212.0,0.038,0.6336,,1010000000.0,5,clean,
S100YCQQ,E01233,5632,listed,鉄鋼,三菱製鋼株式会社,"Mitsubishi Steel Mfg.Co.,Ltd.",2026-03-31,2026-06-17,代表取締役社長執行役員 山 口 淳,10,8.0,2.0,0.2,0.2,10.0,0.0,43.3,20.2,7877000.0,0.056,0.78,,322000000.0,0,clean,
S100YCRI,E05317,2342,listed,サービス業,株式会社トランスジェニックグループ,TRANS GENIC GROUP INC.,2026-03-31,2026-06-17,代表取締役社長 福永 健司,11,11.0,,,,,,47.9,10.0,6790000.0,,,,23060000.0,0,clean,
S100YCRO,E03531,8304,listed,銀行業,株式会社あおぞら銀行,"Aozora Bank, Ltd.",2026-03-31,2026-06-17,代表取締役社長 大見 秀人,12,11.0,1.0,0.083,0.0833,12.0,0.0,44.6,16.6,9277000.0,0.152,0.679,,436000000.0,1,clean,
S100YCRR,E24545,9413,listed,情報・通信業,株式会社テレビ東京ホールディングス,TV TOKYO Holdings Corporation,2026-03-31,2026-06-17,代表取締役社長 吉 次 弘 志,16,14.0,2.0,0.125,0.125,16.0,0.0,46.3,18.86,14193622.0,,,,529000000.0,0,clean,
S100YCRS,E00467,250A,listed,食料品,シマダヤ株式会社,Shimadaya Corporation,2026-03-31,2026-06-17,代表取締役 社長執行役員 岡田 賢二,11,10.0,1.0,0.091,0.0909,11.0,0.0,42.5,17.9,6769000.0,0.065,0.707,,188080000.0,0,clean,
S100YCS3,E01084,5019,listed,石油・石炭製品,出光興産株式会社,"Idemitsu Kosan Co.,Ltd.",2026-03-31,2026-06-17,代表取締役社長 酒井 則明,14,10.0,4.0,0.286,0.2857,14.0,0.0,42.0,17.0,9952943.0,0.06,0.759,,695000000.0,2,clean,
S100YCSO,E01730,6161,listed,機械,株式会社エスティック,ESTIC CORPORATION,2026-03-20,2026-06-17,代表取締役 社長執行役員 鈴木 弘英,5,4.0,1.0,0.2,0.2,5.0,0.0,41.0,9.0,5900000.0,,,,76149000.0,0,clean,
S100YCT4,E04861,9682,listed,情報・通信業,株式会社DTS,DTS CORPORATION,2026-03-31,2026-06-17,代表取締役社長 北村 友朗,10,8.0,2.0,0.2,0.2,10.0,0.0,39.7,15.1,6587000.0,0.054,0.813,,211000000.0,0,clean,
S100YCTQ,E02427,7906,listed,その他製品,ヨネックス株式会社,"YONEX CO., LTD.",2026-03-31,2026-06-17,代表取締役社長 アリサ ヨネヤマ,10,7.0,3.0,0.3,0.3,10.0,0.0,38.7,13.3,6412452.0,0.312,0.796,,503000000.0,2,clean,
S100YCU0,E00774,4061,listed,化学,デンカ株式会社,Denka Company Limited,2026-03-31,2026-06-17,代表取締役社長 石田 郁雄,9,7.0,2.0,0.222,0.2222,9.0,0.0,40.8,16.4,7555075.0,0.057,0.644,,352000000.0,0,clean,
S100YCU8,E03971,8871,listed,不動産業,株式会社ゴールドクレスト,"GOLDCREST Co.,Ltd.",2026-03-31,2026-06-17,代表取締役社長 安 川 秀 俊,8,8.0,0.0,0.0,0.0,8.0,0.0,31.9,8.3,7644063.0,0.136,0.903,,290000000.0,1,clean,
S100YCUS,E01368,5952,listed,金属製品,アマテイ株式会社,Amatei Incorporated,2026-03-31,2026-06-17,代表取締役社長 佐藤 亮,7,6.0,1.0,0.143,0.1429,7.0,0.0,47.4,18.9,5379000.0,,,,46627000.0,0,clean,
S100YCV6,E02998,3036,listed,卸売業,アルコニックス株式会社,ALCONIX CORPORATION,2026-03-31,2026-06-17,代表取締役社長執行役員CEO 手代木 洋,11,8.0,3.0,0.273,0.2727,11.0,0.0,44.4,10.7,9533000.0,,,,364000000.0,1,clean,
S100YCVX,E01294,5695,listed,鉄鋼,パウダーテック株式会社,"Powdertech Co., Ltd.",2026-03-31,2026-06-17,代表取締役社長 丸 山 憲 行,11,10.0,1.0,0.09,0.0909,11.0,0.0,45.9,17.7,6792042.0,0.023,0.777,,117435000.0,0,clean,
S100YCW1,E03571,8358,listed,銀行業,スルガ銀行株式会社,Suruga Bank Ltd.,2026-03-31,2026-06-17,取締役社長 加 藤 広 亮,12,10.0,2.0,0.166,0.1667,12.0,0.0,45.2,20.9,7974000.0,0.192,0.483,,340000000.0,0,clean,
S100YCWN,E30443,9090,listed,陸運業,AZ-COM丸和ホールディングス株式会社,AZ-COM MARUWA Holdings Inc.,2026-03-31,2026-06-17,代表取締役社長 和佐見 勝,19,16.0,3.0,0.158,0.1579,19.0,0.0,46.1,15.6,7538000.0,,,,204000000.0,0,clean,
S100YCWP,E05173,4832,listed,情報・通信業,JFEシステムズ株式会社,"JFE Systems, Inc.",2026-03-31,2026-06-17,代表取締役社長 大 木 哲 夫,9,7.0,2.0,0.22,0.2222,9.0,0.0,44.1,19.0,8610129.0,0.098,0.845,,143394000.0,0,clean,
S100YCWT,E02161,7238,listed,輸送用機器,曙ブレーキ工業株式会社,"AKEBONO BRAKE INDUSTRY CO., LTD.",2024-03-31,2024-06-27,代表取締役社長 CEO 宮 地 康 弘,7,7.0,,,,,,45.4,20.1,6792592.0,0.066,0.736,,118000000.0,0,clean,
S100YCX4,E04233,3232,listed,不動産業,三重交通グループホールディングス株式会社,"Mie Kotsu Group Holdings, Inc.",2026-03-31,2026-06-17,代表取締役社長 竹 谷 賢 一,16,13.0,3.0,0.188,0.1875,16.0,0.0,37.8,13.3,6265000.0,,,,255000000.0,0,clean,
S100YCXB,E02380,7313,listed,輸送用機器,テイ・エス テック株式会社,"TS TECH CO., LTD.",2026-03-31,2026-06-17,代表取締役 社長 鳥 羽 英 二,11,8.0,3.0,0.273,0.2727,11.0,0.0,41.4,17.6,7796981.0,0.028,0.725,,353000000.0,0,clean,
S100YCXD,E32069,2296,listed,食料品,伊藤ハム米久ホールディングス株式会社,ITOHAM YONEKYU HOLDINGS INC.,2026-03-31,2026-06-17,代表取締役社長 浦田 寛之,11,8.0,3.0,0.272,0.2727,11.0,0.0,41.0,16.4,7659584.0,0.117,0.63,,376000000.0,0,clean,
S100YCXM,E03176,9828,listed,小売業,株式会社Genki Global Dining Concepts,Genki Global Dining Concepts Corporation,2026-03-31,2026-06-17,代表取締役 社長執行役員 藤尾 益造,10,9.0,1.0,0.1,0.1,10.0,0.0,40.5,11.0,5816155.0,0.125,0.8028,,149000000.0,0,clean,
S100YCXZ,E04357,9368,listed,倉庫・運輸関連,キムラユニティー株式会社,"KIMURA UNITY CO.,LTD.",2026-03-31,2026-06-17,代表取締役社長 成瀬 茂広,14,11.0,3.0,0.214,0.2143,14.0,0.0,43.6,17.0,6258514.0,0.039,0.563,,315000000.0,0,clean,
S100YCY5,E01430,5933,listed,金属製品,アルインコ株式会社,ALINCO INCORPORATED,2026-03-20,2026-06-17,代表取締役社長 兼 社長執行役員 小 林 宣 夫,10,9.0,1.0,0.1,0.1,10.0,0.0,40.8,13.3,6993000.0,0.076,0.658,,267000000.0,0,clean,
S100YCYB,E03293,7554,listed,小売業,株式会社幸楽苑,KOURAKUEN CORPORATION,2026-03-31,2026-06-17,代表取締役会長兼社長 新 井 田 傳,11,10.0,1.0,0.09,0.0909,11.0,0.0,43.27,14.07,5473000.0,0.036,0.769,,120018000.0,0,clean,
S100YCZ3,E03938,8844,listed,不動産業,株式会社コスモスイニシア,"COSMOS INITIA Co.,Ltd.",2026-03-31,2026-06-17,代表取締役社長 髙智 亮大朗,12,10.0,2.0,0.167,0.1667,12.0,0.0,37.8,10.2,9342813.0,0.238,0.593,,290000000.0,0,clean,
S100YCZN,E35810,7337,listed,銀行業,株式会社ひろぎんホールディングス,"Hirogin Holdings, Inc.",2026-03-31,2026-06-17,代表取締役社長 部 谷 俊 雄,11,9.0,2.0,0.181,0.1818,11.0,0.0,50.4,25.4,11177000.0,,,,230000000.0,0,clean,
S100YD0F,E05466,3763,listed,情報・通信業,株式会社プロシップ,Pro-Ship Incorporated,2026-03-31,2026-06-17,代表取締役社長 鈴木 資史,7,6.0,1.0,0.143,0.1429,7.0,0.0,34.7,8.2,6795947.0,0.122,0.852,,94400000.0,0,clean,
S100YD0S,E05691,2152,listed,サービス業,幼児活動研究会株式会社,Youji Corporation,2026-03-31,2026-06-17,代表取締役社長 山 下 孝 一,10,9.0,1.0,0.1,0.1,10.0,0.0,34.5,12.1,5494000.0,0.066,0.496,,195000000.0,0,clean,
S100YD1Z,E05593,2488,listed,サービス業,JTP株式会社,"JTP CO.,LTD.",2026-03-31,2026-06-17,代表取締役社長 為田 光昭,8,7.0,1.0,0.125,0.125,8.0,0.0,36.3,10.9,6183090.0,0.167,0.919,,122235000.0,0,clean,
S100YD2Q,E02161,7238,listed,輸送用機器,曙ブレーキ工業株式会社,"AKEBONO BRAKE INDUSTRY CO., LTD.",2025-03-31,2025-06-24,代表取締役社長 CEO 長 岡 宏,7,7.0,,,,,,45.7,20.5,6964844.0,0.057,0.755,,130000000.0,0,clean,
S100YD2Y,E01780,6762,listed,電気機器,TDK株式会社,TDK CORPORATION,2026-03-31,2026-06-17,代表取締役社長執行役員CEO 齋藤 昇,12,10.0,2.0,0.167,0.1667,12.0,0.0,43.0,16.9,9211552.0,0.057,0.725,,879000000.0,2,clean,
S100YD39,E02832,7475,listed,小売業,アルビス株式会社,"ALBIS Co.,Ltd.",2026-03-31,2026-06-17,代表取締役社長 池田 和男,8,7.0,1.0,0.125,0.125,8.0,0.0,39.9,10.4,5194000.0,0.116,0.886,,60810000.0,0,clean,
S100YD3K,E02475,6460,listed,機械,セガサミーホールディングス株式会社,SEGA SAMMY HOLDINGS INC.,2026-03-31,2026-06-17,代表取締役社長グループCEO 里 見 治 紀,13,9.0,4.0,0.308,0.3077,13.0,0.0,43.1,4.9,8844458.0,0.177,0.795,,574000000.0,3,clean,
S100YD3Z,E02013,6899,listed,電気機器,ASTI株式会社,ASTI CORPORATION,2026-03-31,2026-06-17,代表取締役社長 波多野 淳彦,7,6.0,1.0,0.143,0.1429,7.0,0.0,43.1,17.4,5685872.0,0.05,0.617,,109000000.0,0,clean,
S100YD4O,E01367,5991,listed,金属製品,日本発条株式会社,"NHK SPRING CO., LTD.",2026-03-31,2026-06-17,代表取締役社長 上村 和久,13,9.0,4.0,0.308,0.3077,13.0,0.0,41.9,18.6,8527125.0,0.03,0.802,,731000000.0,2,clean,
S100YD4T,E04354,9087,listed,陸運業,タカセ株式会社,TAKASE CORPORATION,2026-03-31,2026-06-17,代表取締役社長 大宮司 典夫,8,8.0,,,,,,45.2,18.1,5795000.0,,,,106887000.0,0,clean,
S100YD5L,E01317,5938,listed,金属製品,株式会社LIXIL,LIXIL Corporation,2026-03-31,2026-06-17,代表執行役社長兼CEO 瀬戸 欣哉,10,11.0,6.0,0.353,0.6,17.0,7.0,46.2,20.3,7296288.0,0.079,0.627,,2146000000.0,7,clean,
S100YD6O,E38168,2937,listed,食料品,株式会社サンクゼール,"St.Cousair CO.,LTD.",2026-03-31,2026-06-17,代表取締役社長 久世 良太,9,8.0,1.0,0.111,0.1111,9.0,0.0,38.5,8.17,5028000.0,0.271,0.487,,113976000.0,0,clean,
S100YD7C,E03521,3099,listed,小売業,株式会社三越伊勢丹ホールディングス,Isetan Mitsukoshi Holdings Ltd.,2026-03-31,2026-06-17,代表執行役社長 CEO細谷 敏幸,9,8.0,3.0,0.273,0.3333,11.0,2.0,47.4,23.6,8964463.0,0.298,,,578000000.0,1,clean,
S100YD7F,E32967,9519,listed,電気・ガス業,株式会社レノバ,"RENOVA,Inc.",2026-03-31,2026-06-17,代表取締役社長CEO 木南 陽介,11,10.0,1.0,0.091,0.0909,11.0,0.0,42.1,4.6,10862278.0,0.077,,,482000000.0,0,clean,
S100YD7J,E01124,7741,listed,精密機器,HOYA株式会社,HOYA CORPORATION,2026-03-31,2026-06-05,取締役兼代表執行役 最高経営責任者 池田 英一郎,7,5.0,3.0,0.375,0.4286,8.0,1.0,47.6,18.7,9704451.0,0.181,0.401,,1291000000.0,3,clean,
S100YD7L,E00685,3891,listed,パルプ・紙,ニッポン高度紙工業株式会社,NIPPON KODOSHI CORPORATION,2026-03-31,2026-06-17,代表取締役社長 近森 俊二,10,9.0,1.0,0.1,0.1,10.0,0.0,44.0,21.2,7727000.0,0.044,0.634,,206875000.0,0,clean,
S100YD7V,E05562,2497,listed,サービス業,ユナイテッド株式会社,"UNITED, Inc.",2026-03-31,2026-06-17,代表取締役社長 早 川 与 規,10,9.0,1.0,0.1,0.1,10.0,0.0,37.8,9.9,7079682.0,,,,181785000.0,0,clean,
S100YD8M,E01060,4973,listed,化学,日本高純度化学株式会社,"JAPAN PURE CHEMICAL CO., LTD.",2026-03-31,2026-06-17,代表取締役社長 小島 智敬,10,8.0,2.0,0.2,0.2,10.0,0.0,39.5,11.8,8579000.0,,,,207652000.0,0,clean,
S100YD9M,E01019,4951,listed,化学,エステー株式会社,S.T.CORPORATION,2026-03-31,2026-06-17,代表執行役社長 上月 洋,9,7.0,2.0,0.222,0.2222,9.0,0.0,42.0,15.4,8102383.0,0.237,0.685,,210000000.0,0,clean,
S100YDAF,E33050,7940,listed,その他製品,ウェーブロックホールディングス株式会社,"WAVELOCK HOLDINGS CO., LTD.",2026-03-31,2026-06-17,代表取締役兼執行役員社長 石原 智憲,6,5.0,1.0,0.17,0.1667,6.0,0.0,48.2,16.2,8125000.0,0.05,0.637,,92793000.0,0,clean,
S100YDAM,E02980,7837,listed,その他製品,株式会社 アールシーコア,"R.C.CORE CO.,LTD.",2026-03-31,2026-06-17,代表取締役社長 壽松木 康晴,7,4.0,3.0,0.428,0.4286,7.0,0.0,40.9,9.8,7981000.0,0.172,0.693,,107912000.0,0,clean,
S100YDDN,E00830,4216,listed,化学,旭有機材株式会社,ASAHI YUKIZAI CORPORATION,2026-03-31,2026-06-17,代表取締役社長執行役員 CEO 中野 賀津也,7,5.0,2.0,0.286,0.2857,7.0,0.0,42.1,16.1,6833000.0,0.019,0.685,,251000000.0,0,clean,
S100YDE2,E33469,,unlisted,その他金融業,三井住友トラスト・パナソニックファイナンス株式会社,"Sumitomo Mitsui Trust Panasonic Finance Co., Ltd.",2026-03-31,2026-06-17,取締役社長 浜野 敬一,0,,,,,,,,,,,,,,0,no_tagged_board,officers table is TextBlock only
S100YDG1,E32022,7186,listed,銀行業,株式会社横浜フィナンシャルグループ,"Yokohama Financial Group, Inc.",2026-03-31,2026-06-11,代表取締役社長 片 岡 達 也,9,7.0,2.0,0.22,0.2222,9.0,0.0,44.6,18.8,9952000.0,,,,200000000.0,0,clean,
S100YDGM,E00486,2815,listed,食料品,アリアケジャパン株式会社,"ARIAKE JAPAN Co.,Ltd.",2026-03-31,2026-06-17,代表取締役社長 白川 直樹,8,7000.0,1000.0,0.125,125.0,8000.0,7992.0,39.6,14.5,5422000.0,0.06,0.651,,112490000.0,0,clean,
S100YDGX,E32022,7186,listed,銀行業,株式会社コンコルディア・フィナンシャルグループ,"Concordia Financial Group, Ltd.",2025-03-31,2025-06-12,代表取締役社長 片 岡 達 也,13,11.0,2.0,0.15,0.1538,13.0,0.0,38.5,9.4,12133000.0,,,,254000000.0,0,clean,
S100YDGZ,E32022,7186,listed,銀行業,株式会社コンコルディア・フィナンシャルグループ,"Concordia Financial Group, Ltd.",2024-03-31,2024-06-19,代表取締役社長 片 岡 達 也,13,11.0,2.0,0.15,0.1538,13.0,0.0,39.4,12.0,9614000.0,,,,224000000.0,0,clean,
S100YDH3,E32022,7186,listed,銀行業,株式会社コンコルディア・フィナンシャルグループ,"Concordia Financial Group, Ltd.",2023-03-31,2023-06-22,代表取締役社長 片 岡 達 也,13,11.0,2.0,0.15,0.1538,13.0,0.0,40.0,12.7,9803000.0,,,,218000000.0,0,clean,
S100YDH5,E32022,7186,listed,銀行業,株式会社コンコルディア・フィナンシャルグループ,"Concordia Financial Group, Ltd.",2022-03-31,2022-06-22,代表取締役社長 片 岡 達 也,12,10.0,2.0,0.16,0.1667,12.0,0.0,41.4,12.5,11147000.0,,,,221000000.0,0,clean,
S100Y9G1,E31775,7182,listed,銀行業,株式会社ゆうちょ銀行,"JAPAN POST BANK Co., Ltd.",2026-03-31,2026-06-18,取締役兼代表執行役社長 笠間 貴之,14,27.0,8.0,0.228,0.5714,35.0,21.0,45.8,21.0,7295000.0,0.208,0.688,,1229000000.0,1,clean,
S100YAAB,E04110,9031,listed,陸運業,西日本鉄道株式会社,"Nishi-Nippon Railroad Co.,Ltd.",2026-03-31,2026-06-18,代表取締役社長執行役員 林田 浩一,12,9.0,3.0,0.25,0.25,12.0,0.0,46.3,18.0,6519510.0,0.071,0.758,,417000000.0,1,clean,
S100YB3A,E05175,4833,listed,サービス業,株式会社Def consulting,"Def consulting, inc.",2026-03-31,2026-06-18,代表取締役社長 下村 優太,5,5.0,,,,,,28.2,1.7,4082000.0,,,,47118000.0,0,clean,
S100YB8V,E01793,6770,listed,電気機器,アルプスアルパイン株式会社,"ALPS ALPINE CO., LTD.",2026-03-31,2026-06-18,代表取締役 社長 CEO 泉 英男,11,8.0,3.0,0.273,0.2727,11.0,0.0,41.7,16.7,6914318.0,0.039,0.663,,460000000.0,0,clean,
S100YB9C,E01717,6834,listed,電気機器,株式会社精工技研,"SEIKOH GIKEN Co., Ltd.",2026-03-31,2026-06-18,代表取締役社長 上野 淳,9,8.0,1.0,0.111,0.1111,9.0,0.0,44.7,19.3,7778000.0,,,,218085000.0,0,clean,
S100YBCW,E02534,8018,listed,卸売業,三共生興株式会社,"SANKYO SEIKO CO., LTD.",2026-03-31,2026-06-18,代表取締役社長 宮澤 哲次,9,7.0,2.0,0.222,0.2222,9.0,0.0,36.9,11.8,6750000.0,,,,163000000.0,0,clean,
S100YBFV,E01765,6701,listed,電気機器,日本電気株式会社,NEC Corporation,2026-03-31,2026-06-18,取締役代表執行役社長兼CEO 森田 隆之,10,21.0,4.0,0.16,0.4,25.0,15.0,43.1,17.3,9939349.0,0.121,0.762,,2855000000.0,14,clean,
S100YBTF,E05694,3850,listed,情報・通信業,株式会社エヌ・ティ・ティ・データ・イントラマート,NTT DATA INTRAMART CORPORATION,2026-03-31,2026-06-18,代表取締役社長 中山 義人,9,8.0,1.0,0.111,0.1111,9.0,0.0,36.5,7.1,7518000.0,0.119,0.786,,79138000.0,0,clean,
S100YBU3,E04473,9424,listed,情報・通信業,日本通信株式会社,Japan Communications Inc.,2026-03-31,2026-06-18,代表取締役社長兼CEO 福田 尚久,12,10.0,2.0,0.167,0.1667,12.0,0.0,39.4,8.9,8022000.0,,,,890480000.0,2,clean,
S100YBW3,E21951,,unlisted,銀行業,株式会社商工組合中央金庫,"The Shoko Chukin Bank,Ltd.",2026-03-31,2026-06-18,取締役社長 関 根 正 裕,13,9.0,4.0,0.3076,0.3077,13.0,0.0,38.7,14.9,8522000.0,0.156,0.433,,381000000.0,0,clean,
S100YBXD,E05000,4689,listed,情報・通信業,LINEヤフー株式会社,LY Corporation,2026-03-31,2026-06-18,代表取締役社長CEO 出 澤 剛,6,4.0,2.0,0.33,0.3333,6.0,0.0,39.0,9.6,9023870.0,0.186,0.795,,1064000000.0,0,clean,
S100YBY2,E01657,6345,listed,機械,株式会社アイチコーポレーション,AICHI CORPORATION,2026-03-31,2026-06-18,取締役社長 中 澤 俊 一,7,6.0,1.0,0.143,0.1429,7.0,0.0,44.4,19.9,6912000.0,0.019,0.726,,86000000.0,0,clean,
S100YC1L,E35491,7687,listed,卸売業,株式会社ミクリード,"MICREED Co.,Ltd.",2026-03-31,2026-06-18,代表取締役社長 片山 礼子,7,5.0,2.0,0.286,0.2857,7.0,0.0,45.2,5.2,7862000.0,,,,77000000.0,0,clean,
S100YC4B,E00775,4062,listed,電気機器,イビデン株式会社,"IBIDEN CO.,LTD.",2026-03-31,2026-06-18,代表取締役社長 河島 浩二,12,9.0,3.0,0.25,0.25,12.0,0.0,40.2,16.9,7663191.0,0.025,0.757,,560000000.0,2,clean,
S100YC6B,E04237,9107,listed,海運業,川崎汽船株式会社,"Kawasaki Kisen Kaisha, Ltd.",2026-03-31,2026-06-18,代表執行役社長 五 十 嵐 武 宣,10,9.0,2.0,0.181,0.2,11.0,1.0,38.0,13.4,14504365.0,0.092,0.657,,662000000.0,2,clean,
S100YC9S,E02833,7472,listed,卸売業,株式会社鳥羽洋行,"TOBA,INC.",2026-03-31,2026-06-18,取締役社長 遠 藤 稔,12,10.0,2.0,0.167,0.1667,12.0,0.0,36.7,12.9,5689000.0,0.102,,,116952000.0,0,clean,
S100YCB1,E03660,,unlisted,銀行業,株式会社西京銀行,"THE SAIKYO BANK, LTD.",2026-03-31,2026-06-18,取締役頭取 松岡 健,0,,,,,,,,,,,,,,0,no_tagged_board,officers table is TextBlock only
S100YCDA,E01231,5406,listed,鉄鋼,株式会社 神戸製鋼所,"Kobe Steel, Ltd.",2026-03-31,2026-06-18,代表取締役社長 勝川 四志彦,13,10.0,3.0,0.2308,0.2308,13.0,0.0,40.1,15.5,8322000.0,0.038,0.818,,624000000.0,1,clean,
S100YCJD,E01318,5702,listed,非鉄金属,株式会社大紀アルミニウム工業所,"DAIKI ALUMINIUM INDUSTRY CO.,LTD.",2026-03-31,2026-06-18,代表取締役社長執行役員 林 繁 典,12,10.0,2.0,0.166,0.1667,12.0,0.0,42.8,15.8,7487000.0,0.034,0.647,,247000000.0,0,clean,
S100YCKF,E02671,8150,listed,卸売業,三信電気株式会社,"SANSHIN ELECTRONICS CO., LTD.",2026-03-31,2026-06-18,代表取締役 社長執行役員(CEO) 鈴木 俊郎,13,12.0,1.0,0.077,0.0769,13.0,0.0,41.3,15.3,7300456.0,0.012,0.608,,275000000.0,0,clean,
S100YCMK,E00872,3401,listed,繊維製品,帝人株式会社,TEIJIN LIMITED,2026-03-31,2026-06-18,代表取締役社長執行役員 内川 哲茂,10,6.0,4.0,0.4,0.4,10.0,0.0,46.8,22.5,8902000.0,0.089,0.768,,619000000.0,3,clean,
S100YCMX,E30982,7175,listed,証券、商品先物取引業,今村証券株式会社,"The Imamura Securities Co.,Ltd.",2026-03-31,2026-06-18,取締役社長 今 村 直 喜,13,11.0,2.0,0.154,0.1538,13.0,0.0,37.1,14.9,8987000.0,0.111,,,289733000.0,0,clean,
S100YCO6,E03637,8562,listed,銀行業,株式会社福島銀行,"THE FUKUSHIMA BANK, LTD.",2026-03-31,2026-06-18,取締役社長 鈴 木 岳 伯,10,9.0,1.0,0.1,0.1,10.0,0.0,43.4,19.0,5324000.0,0.254,0.642,,106000000.0,0,clean,
S100YCON,E02194,5949,listed,輸送用機器,ユニプレス株式会社,UNIPRES CORPORATION,2026-03-31,2026-06-18,代表取締役 社長執行役員 浦西 信哉,7,5.0,2.0,0.286,0.2857,7.0,0.0,45.1,21.2,6949000.0,0.039,0.792,,287000000.0,0,clean,
S100YCPI,E02105,7213,listed,輸送用機器,レシップホールディングス株式会社,LECIP HOLDINGS CORPORATION,2026-03-31,2026-06-18,代表取締役社長 杉本 眞,9,7.0,2.0,0.222,0.2222,9.0,0.0,35.5,6.7,4941468.0,0.222,0.792,,311000000.0,0,clean,
S100YCR6,E02827,7466,listed,卸売業,SPK株式会社,SPK CORPORATION,2026-03-31,2026-06-18,代表取締役社長 グループCEO・CIO 沖 恭一郎,8,7.0,1.0,0.125,0.125,8.0,0.0,42.2,12.5,7192000.0,0.105,0.655,,177000000.0,0,clean,
S100YCSL,E02894,7600,listed,精密機器,株式会社日本エム・ディ・エム,"Japan Medical Dynamic Marketing, INC.",2026-03-31,2026-06-18,代表取締役社長 弘 中 俊 行,9,7.0,2.0,0.22,0.2222,9.0,0.0,39.8,12.1,7441141.0,0.115,0.794,,116000000.0,0,clean,
S100YCTH,E04857,9686,listed,サービス業,東洋テック株式会社,"TOYO TEC CO., LTD.",2026-03-31,2026-06-18,代表取締役社長 竹 野 讓,13,13.0,,,,,,45.1,12.4,5423000.0,0.095,0.756,,238918000.0,0,clean,
S100YCV0,E01330,5741,listed,非鉄金属,株式会社UACJ,UACJ Corporation,2026-03-31,2026-06-18,代表取締役 社長執行役員 田中 信二,15,12.0,3.0,0.2,0.2,15.0,0.0,41.4,15.5,7781000.0,0.061,0.783,,647000000.0,1,clean,
S100YCVG,E05312,2335,listed,情報・通信業,株式会社キューブシステム,CUBE SYSTEM INC.,2026-03-31,2026-06-18,代表取締役 社長執行役員 中西 雅洋,10,7.0,3.0,0.3,0.3,10.0,0.0,34.0,8.7,5458555.0,0.108,0.827,,195000000.0,0,clean,
S100YCVR,E04105,9045,listed,陸運業,京阪ホールディングス株式会社,"Keihan Holdings Co.,Ltd.",2026-03-31,2026-06-18,代表取締役社長 平 川 良 浩,14,13.0,1.0,0.071,0.0714,14.0,0.0,43.8,19.3,8132131.0,0.074,0.725,,385000000.0,0,clean,
S100YCXQ,E04195,9063,listed,陸運業,岡山県貨物運送株式会社,"Okayamaken Freight Transportation Co., Ltd.",2021-03-31,2021-06-29,代表取締役社長 原田 和充,18,18.0,,,,,,44.4,15.9,4118518.0,,,,125826000.0,0,clean,
S100YCY1,E04195,9063,listed,陸運業,岡山県貨物運送株式会社,"Okayamaken Freight Transportation Co., Ltd.",2022-03-31,2022-06-29,代表取締役社長 原田 和充,18,18.0,,,,,,44.9,16.3,4255572.0,,,,120556000.0,0,clean,
S100YCYQ,E26290,3173,listed,卸売業,株式会社Cominix,"Cominix Co.,Ltd.",2026-03-31,2026-06-18,代表取締役社長執行役員 柳川 修一,12,12.0,,,,,,40.6,13.7,7100000.0,0.024,0.631,,234000000.0,0,clean,
S100YCYR,E04195,9063,listed,陸運業,岡山県貨物運送株式会社,"Okayamaken Freight Transportation Co., Ltd.",2023-03-31,2023-06-28,代表取締役社長 原田 和充,18,18.0,,,,,,45.7,17.0,4252871.0,,,,150006000.0,0,clean,
S100YCYY,E30438,4246,listed,化学,ダイキョーニシカワ株式会社,DaikyoNishikawa Corporation,2026-03-31,2026-06-18,代表取締役社長 杉山 郁男,14,11.0,3.0,0.214,0.2143,14.0,0.0,42.0,16.2,5938000.0,0.046,0.664,,260000000.0,0,clean,
S100YCZ0,E03652,8522,listed,銀行業,株式会社 名古屋銀行,"The Bank of Nagoya, Ltd.",2026-03-31,2026-06-18,取締役頭取 藤原 一朗,11,8.0,3.0,0.272,0.2727,11.0,0.0,41.0,17.0,6629000.0,0.122,0.559,,286000000.0,0,clean,
S100YCZ8,E04195,9063,listed,陸運業,岡山県貨物運送株式会社,"Okayamaken Freight Transportation Co., Ltd.",2024-03-31,2024-06-26,代表取締役社長 馬屋原 章,18,18.0,,,,,,46.1,17.6,4325925.0,0.026,0.639,,151915000.0,0,clean,
S100YCZF,E03640,8558,listed,銀行業,株式会社東和銀行,"THE TOWA BANK,LTD.",2026-03-31,2026-06-18,代表取締役頭取執行役員 江原 洋,10,8.0,2.0,0.2,0.2,10.0,0.0,40.5,16.9,6317000.0,0.227,0.546,,168000000.0,0,clean,
S100YCZL,E04195,9063,listed,陸運業,岡山県貨物運送株式会社,"Okayamaken Freight Transportation Co., Ltd.",2025-03-31,2025-06-26,代表取締役社長 馬屋原 章,18,18.0,,,,,,46.5,18.0,4447470.0,0.027,0.674,,148518000.0,0,clean,
S100YCZS,E31905,7183,listed,その他金融業,あんしん保証株式会社,"Anshin Guarantor Service Co.,Ltd.",2026-03-31,2026-06-18,代表取締役社長 伊藤 義英,8,8.0,,,,,,34.8,6.4,4892000.0,,,,86556000.0,0,clean,
S100YD0C,E37412,7384,listed,銀行業,株式会社プロクレアホールディングス,"Procrea Holdings, Inc.",2026-03-31,2026-06-18,代表取締役社長 成 田 晋,14,13.0,1.0,0.07,0.0714,14.0,0.0,,,,,,,177000000.0,0,clean,
S100YD0G,E05677,3842,listed,情報・通信業,株式会社ネクストジェン,"Nextgen,Inc.",2026-03-31,2026-06-18,代表取締役社長 執行役員 CEO 大西 新二,8,6.0,2.0,0.25,0.25,8.0,0.0,47.8,9.1,7867000.0,,,,146052000.0,0,clean,
S100YD0K,E02997,3024,listed,卸売業,クリエイト株式会社,CREATE CORPORATION,2026-03-31,2026-06-18,代表取締役社長 五十嵐 昭彦,8,7.0,1.0,0.125,0.125,8.0,0.0,42.6,16.3,5409000.0,0.035,0.681,,136125000.0,0,clean,
S100YD1I,E03519,3088,listed,小売業,株式会社マツキヨココカラ&カンパニー,MatsukiyoCocokara&amp;Co.,2026-03-31,2026-06-18,代表取締役社長 松本 清雄,18,13.0,5.0,0.278,0.2778,18.0,0.0,48.3,10.7,7460000.0,0.207,0.543,,645000000.0,4,clean,
S100YD1K,E00728,9478,listed,情報・通信業,SEホールディングス・アンド・インキュベーションズ株式会社,"SE Holdings and Incubations Co., Ltd.",2026-03-31,2026-06-18,代表取締役社長 速 水 浩 二,6,6.0,0.0,0.0,0.0,6.0,0.0,53.0,15.0,7989862.0,,,,109000000.0,0,clean,
S100YD22,E01721,6402,listed,機械,兼松エンジニアリング株式会社,"KANEMATSU ENGINEERING CO., LTD.",2026-03-31,2026-06-18,代表取締役社長 山 本 琴 一,9,9.0,,,,,,39.5,13.5,7943000.0,0.043,0.836,,182367000.0,0,clean,
S100YD25,E01532,6301,listed,機械,株式会社小松製作所,KOMATSU LTD.,2026-03-31,2026-06-18,代表取締役社長 今吉 琢也,14,10.0,4.0,0.286,0.2857,14.0,0.0,41.7,17.1,9024576.0,0.092,0.795,,1583000000.0,5,clean,
S100YD29,E31755,7181,listed,保険業,株式会社かんぽ生命保険,"JAPAN POST INSURANCE Co., Ltd.",2026-03-31,2026-06-18,取締役兼代表執行役社長 谷垣 邦夫,11,30.0,8.0,0.211,0.7273,38.0,27.0,,,,0.106,0.751,,1035000000.0,0,clean,
S100YD2K,E33693,7322,listed,銀行業,株式会社三十三フィナンシャルグループ,"San ju San Financial Group,Inc.",2026-03-31,2026-06-18,代表取締役社長 道 廣 剛 太 郎,12,11.0,1.0,0.0833,0.0833,12.0,0.0,54.1,30.11,10028000.0,,,,103000000.0,0,clean,
S100YD3N,E03590,8387,listed,銀行業,株式会社四国銀行,"The Shikoku Bank, Ltd.",2026-03-31,2026-06-18,取締役頭取 小 林 達 司,11,9.0,2.0,0.1818,0.1818,11.0,0.0,39.11,15.8,6983000.0,0.1182,0.49,,242000000.0,0,clean,
S100YD42,E01002,4208,listed,化学,UBE株式会社,UBE Corporation,2026-03-31,2026-06-18,代表取締役社長 西田 祐樹,10,9.0,1.0,0.1,0.1,10.0,0.0,43.4,15.3,7745921.0,0.065,0.797,,812000000.0,0,clean,
S100YD46,E04288,9308,listed,海運業,乾汽船株式会社,"Inui Global Logistics Co.,Ltd.",2026-03-31,2026-06-18,代表取締役社長 乾 康之,10,8.0,2.0,0.2,0.2,10.0,0.0,44.0,14.0,8865000.0,0.05,0.6393,,233000000.0,0,clean,
S100YD49,E05048,4733,listed,情報・通信業,株式会社オービックビジネスコンサルタント,"OBIC BUSINESS CONSULTANTS CO.,LTD.",2026-03-31,2026-06-18,代表取締役 社長執行役員 和田 成史,9,8.0,1.0,0.111,0.1111,9.0,0.0,34.7,11.6,8314685.0,0.065,0.767,,346310000.0,2,clean,
S100YD52,E00371,2209,listed,食料品,井村屋グループ株式会社,"IMURAYA GROUP CO., LTD.",2026-03-31,2026-06-16,代表取締役社長 大 西 安 樹,16,12.0,4.0,0.25,0.25,16.0,0.0,38.5,13.8,6412709.0,0.25,0.667,,316625000.0,0,clean,
S100YD54,E30085,3682,listed,情報・通信業,エンカレッジ・テクノロジ株式会社,"Encourage Technologies Co.,Ltd.",2026-03-31,2026-06-18,代表取締役社長 石井 進也,8,8.0,,,,,,38.0,6.3,6575000.0,0.133,0.906,,109350000.0,0,clean,
S100YD5O,E00120,1852,listed,建設業,株式会社淺沼組,ASANUMA CORPORATION,2026-03-31,2026-06-18,代表取締役社長 浅 沼 誠,12,10.0,2.0,0.167,0.1667,12.0,0.0,44.9,21.8,9350232.0,0.0247,0.589,,226000000.0,0,clean,
S100YD65,E00717,9474,listed,情報・通信業,株式会社ゼンリン,"ZENRIN CO., LTD.",2026-03-31,2026-06-18,代表取締役社長 竹 川 道 郎,13,10.0,3.0,0.23,0.2308,13.0,0.0,47.11,18.39,6013242.0,0.09,0.776,,282000000.0,0,clean,
S100YD6A,E03543,8345,listed,銀行業,株式会社岩手銀行,"The Bank of Iwate, Ltd.",2026-03-31,2026-06-18,取締役頭取 岩 山 徹,12,10.0,2.0,0.1666,0.1667,12.0,0.0,40.5,18.1,7108000.0,0.124,0.465,,227000000.0,0,clean,
S100YD79,E01645,6490,listed,機械,株式会社PILLAR,PILLAR Corporation,2026-03-31,2026-06-18,代表取締役社長 岩波 嘉信,9,8.0,1.0,0.111,0.1111,9.0,0.0,40.0,13.3,7974084.0,0.056,0.711,,256000000.0,0,clean,
S100YD7D,E05167,4828,listed,情報・通信業,ビジネスエンジニアリング株式会社,Business Engineering Corporation,2026-03-31,2026-06-18,代表取締役 取締役社長 羽 田 雅 一,11,9.0,2.0,0.182,0.1818,11.0,0.0,40.3,11.1,9149000.0,0.052,0.777,,228177000.0,0,clean,
S100YD7I,E02782,9991,listed,卸売業,ジェコス株式会社,GECOSS CORPORATION,2026-03-31,2026-06-18,代表取締役社長 野 房 喜 幸,10,8.0,2.0,0.2,0.2,10.0,0.0,42.7,17.1,8285231.0,0.149,0.645,,154000000.0,0,clean,
S100YD7R,E00961,4549,listed,医薬品,栄研化学株式会社,"EIKEN CHEMICAL CO.,LTD.",2026-03-31,2026-06-18,代表執行役社長 瀨川 雄司,10,16.0,2.0,0.111,0.2,18.0,8.0,41.0,13.0,7856285.0,0.187,0.681,,337000000.0,0,clean,
S100YD7X,E04125,9052,listed,陸運業,山陽電気鉄道株式会社,"Sanyo Electric Railway Co.,Ltd.",2026-03-31,2026-06-18,代表取締役社長 伊東 正博,11,10.0,1.0,0.091,0.0909,11.0,0.0,42.7,18.0,5873976.0,,0.748,,263000000.0,0,clean,
S100YD8G,E01464,3437,listed,金属製品,特殊電極株式会社,"TOKUDEN CO.,LTD.",2026-03-31,2026-06-18,代表取締役社長 西川 誉,8,8.0,,,,,,41.2,14.7,6850000.0,0.0156,0.6202,,64300000.0,0,clean,
S100YD8J,E02505,8015,listed,卸売業,豊田通商株式会社,TOYOTA TSUSHO CORPORATION,2026-03-31,2026-06-18,取締役社長 今井 斗志光,14,11.0,3.0,0.214,0.2143,14.0,0.0,43.0,16.7,14213845.0,0.095,0.619,,1168000000.0,5,clean,
S100YD9X,E00117,1847,listed,建設業,株式会社 イチケン,"ICHIKEN Co., Ltd.",2026-03-31,2026-06-18,代表取締役社長 政清 弘晃,11,10.0,1.0,0.091,0.0909,11.0,0.0,43.6,16.2,8582880.0,0.042,0.636,,242000000.0,0,clean,
S100YDA0,E03596,8392,listed,銀行業,株式会社大分銀行,"THE OITA BANK, LTD.",2026-03-31,2026-06-18,取締役頭取 高 橋 靖 英,12,10.0,2.0,0.166,0.1667,12.0,0.0,39.5,15.9,7075000.0,0.051,0.456,,359000000.0,0,clean,
S100YDA3,E00251,1798,listed,建設業,株式会社守谷商会,MORIYA CORPORATION,2026-03-31,2026-06-18,代表取締役社長 伊藤 由郁紀,12,12.0,,,,,,40.4,15.4,7048277.0,0.023,0.671,,215759000.0,0,clean,
S100YDBK,E02753,9914,listed,卸売業,株式会社 植松商会,"Uematsu Shokai Co.,Ltd.",2026-03-20,2026-06-18,代表取締役社長 植松 誠一郎,7,7.0,,,,,,40.8,15.0,4878068.0,0.067,0.827,,121821000.0,0,clean,
S100YDBM,E00542,3110,listed,ガラス・土石製品,日東紡績株式会社,"NITTO BOSEKI CO., LTD.",2026-03-31,2026-06-18,代表執行役社長 林 寿 信,7,20.0,2.0,0.091,0.2857,22.0,15.0,41.7,15.8,7487679.0,0.086,0.82,,516000000.0,2,clean,
S100YDBU,E00928,4512,listed,医薬品,わかもと製薬株式会社,"WAKAMOTO PHARMACEUTICAL CO.,LTD.",2026-03-31,2026-06-18,代表取締役社長 平井 友行,9,8.0,1.0,0.11,0.1111,9.0,0.0,44.4,17.0,5649590.0,0.182,0.85,,108690000.0,0,clean,
S100YDBW,E02357,7774,listed,精密機器,株式会社ジャパン・ティッシュエンジニアリング,"Japan Tissue Engineering Co., Ltd.",2026-03-31,2026-06-18,代表取締役 社長執行役員 山田 一登,9,9.0,,,,,,39.7,12.0,6112834.0,0.364,0.766,,111307000.0,0,clean,
S100YDCE,E00805,4109,listed,化学,ステラケミファ株式会社,STELLA CHEMIFA CORPORATION,2026-03-31,2026-06-18,代表取締役社長 橋本 亜希,13,10.0,3.0,0.231,0.2308,13.0,0.0,39.53,15.18,7318000.0,0.059,0.808,,261000000.0,0,clean,
S100YDD9,E02166,7267,listed,輸送用機器,本田技研工業株式会社,"HONDA MOTOR CO., LTD.",2026-03-31,2026-06-18,取締役 代表執行役社長 三 部 敏 宏,12,23.0,3.0,0.12,0.25,26.0,14.0,43.9,21.0,9326000.0,0.036,0.728,,1156000000.0,3,clean,
S100YDDM,E03447,3352,listed,小売業,株式会社バッファロー,"BUFFALO CO.,LTD.",2026-03-31,2026-06-18,代表取締役 社長執行役員 営業本部長 坂本 裕二,6,6.0,0.0,,0.0,6.0,0.0,39.5,12.0,6453000.0,0.0,0.684,,114090000.0,0,clean,
S100YDDS,E00285,1762,listed,建設業,株式会社髙松コンストラクショングループ,"TAKAMATSU CONSTRUCTION GROUP CO., LTD.",2026-03-31,2026-06-18,代表取締役社長 髙松 浩孝,15,14.0,1.0,0.067,0.0667,15.0,0.0,48.3,9.9,8976000.0,0.045,0.761,,319000000.0,0,clean,
S100YDDX,E36134,7366,listed,サービス業,株式会社LITALICO,LITALICO Inc.,2026-03-31,2026-06-18,代表取締役社長 長谷川 敦弥,5,4.0,1.0,0.2,0.2,5.0,0.0,34.7,4.9,5498000.0,0.33,0.909,,142000000.0,0,clean,
S100YDE9,E01518,6208,listed,機械,株式会社石川製作所,"Ishikawa Seisakusho, Ltd.",2026-03-31,2026-06-18,代表取締役社長 野口 俊和,13,13.0,0.0,0.0,0.0,13.0,0.0,41.8,15.1,6349000.0,0.105,0.76,,320608000.0,1,clean,
S100YDEF,E26686,7161,listed,銀行業,株式会社じもとホールディングス,"Jimoto Holdings,Inc.",2026-03-31,2026-06-18,代表取締役社長 坂爪 敏雄,15,14.0,1.0,0.06,0.0667,15.0,0.0,47.2,23.4,6973000.0,0.0,,,76000000.0,0,clean,
S100YDFO,E03555,8336,listed,銀行業,株式会社武蔵野銀行,"The Musashino Bank, Ltd.",2026-03-31,2026-06-18,取締役頭取 長堀 和正,12,11.0,1.0,0.08,0.0833,12.0,0.0,40.3,16.0,7079000.0,0.166,0.575,,291000000.0,0,clean,
S100YDFZ,E34699,7059,listed,サービス業,株式会社コプロ・ホールディングス,"COPRO-HOLDINGS. Co., Ltd.",2026-03-31,2026-06-18,代表取締役社長 清川 甲介,9,8.0,1.0,0.111,0.1111,9.0,0.0,34.0,3.6,5138000.0,0.4,0.601,,171005000.0,0,clean,
S100YDG7,E02749,9908,listed,卸売業,日本電計株式会社,"NIHON DENKEI CO.,LTD.",2026-03-31,2026-06-18,代表取締役社長 和田 史宣,11,10.0,1.0,0.091,0.0909,11.0,0.0,42.2,13.1,7570000.0,0.004,0.701,,281718000.0,0,clean,
S100YDGT,E00970,4548,listed,医薬品,生化学工業株式会社,SEIKAGAKU CORPORATION,2026-03-31,2026-06-18,代表取締役社長 水谷 建,10,7.0,3.0,0.3,0.3,10.0,0.0,40.2,11.5,8675482.0,0.167,0.73,,261000000.0,0,clean,
S100YDGW,E00389,2226,listed,食料品,株式会社湖池屋,KOIKE-YA Inc.,2026-03-31,2026-06-18,代表取締役会長 小池 孝,8,8.0,0.0,0.0,0.0,8.0,0.0,38.3,10.0,6232000.0,0.082,0.582,,133000000.0,0,clean,
S100YDH1,E00949,4536,listed,医薬品,参天製薬株式会社,"SANTEN PHARMACEUTICAL CO., LTD.",2026-03-31,2026-06-18,代表取締役社長兼CEO 伊藤 毅,10,7.0,3.0,0.3,0.3,10.0,0.0,43.0,15.0,9023000.0,0.182,0.808,,723000000.0,2,clean,
S100YDHC,E04988,4674,listed,情報・通信業,株式会社クレスコ,CRESCO LTD.,2026-03-31,2026-06-18,代表取締役 社長執行役員 冨永 宏,9,7.0,2.0,0.222,0.2222,9.0,0.0,37.2,11.9,6713000.0,0.126,0.786,,152811000.0,0,clean,
S100YDHD,E04612,,unlisted,サービス業,福井県観光開発株式会社,"Fukuiken Sight-seeing resources Cultivation Co., Ltd",2026-03-31,2026-06-18,代表取締役社長 岸 研司,0,,,,,,,,,,,,,,0,no_tagged_board,officers table is TextBlock only
S100YDHG,E00985,4569,listed,医薬品,杏林製薬株式会社,"KYORIN Pharmaceutical Co., Ltd.",2026-03-31,2026-06-18,代表取締役社長 荻原 豊,11,10.0,1.0,0.091,0.0909,11.0,0.0,45.0,19.2,8563245.0,0.096,0.705,,213000000.0,0,clean,
S100YDIT,E03762,8622,listed,証券、商品先物取引業,水戸証券株式会社,"Mito Securities Co., Ltd.",2026-03-31,2026-06-18,代表取締役社長 小 林 克 徳,10,8.0,2.0,0.2,0.2,10.0,0.0,41.9,16.9,7511244.0,0.197,0.688,,288000000.0,0,clean,
S100YDJ0,E03202,9950,listed,小売業,株式会社ハチバン,"HACHI-BAN CO.,LTD.",2026-03-20,2026-06-18,代表取締役社長 長丸 昌功,10,9.0,1.0,0.1,0.1,10.0,0.0,44.0,12.7,5942316.0,0.069,0.651,,117419000.0,0,clean,
S100YDJC,E00052,1801,listed,建設業,大成建設株式会社,TAISEI CORPORATION,2026-03-31,2026-06-16,代表取締役社長 相 川 善 郎,16,14.0,2.0,0.13,0.125,16.0,0.0,42.3,17.0,11910134.0,0.021,0.59,,1091000000.0,3,clean,
S100YDJN,E03552,8338,listed,銀行業,株式会社筑波銀行,"Tsukuba Bank, Ltd.",2026-03-31,2026-06-18,取締役頭取 生田 雅彦,11,9.0,2.0,0.18,0.1818,11.0,0.0,42.5,19.6,6571000.0,0.096,0.455,,163000000.0,0,clean,
S100YDJU,E02876,3420,listed,金属製品,株式会社ケー・エフ・シー,KFC Ltd,2026-03-31,2026-06-18,代表取締役社長 田村 知幸,10,8.0,2.0,0.2,0.2,10.0,0.0,42.4,14.0,6403066.0,,0.682,,194376000.0,0,clean,
S100YDK3,E02529,8058,listed,卸売業,三菱商事株式会社,Mitsubishi Corporation,2026-03-31,2026-06-12,代表取締役 社長 中西 勝也,15,11.0,4.0,0.267,0.2667,15.0,0.0,42.3,17.0,21125472.0,0.131,0.647,,2904000000.0,6,clean,
S100YDKO,E03472,3020,listed,小売業,アプライド株式会社,"Applied Co.,Ltd.",2026-03-31,2026-06-18,代表取締役会長兼社長 岡 義治,14,12.0,2.0,0.143,0.1429,14.0,0.0,34.5,11.0,5268000.0,0.02,0.718,,185000000.0,0,clean,
S100YDKQ,E05561,3800,listed,情報・通信業,株式会社ユニリタ,UNIRITA Inc.,2026-03-31,2026-06-18,代表取締役 社長執行役員 北野 裕行,12,10.0,2.0,0.167,0.1667,12.0,0.0,41.2,13.1,6924000.0,0.111,0.792,,187977000.0,0,clean,
S100YDLY,E00097,1813,listed,建設業,株式会社不動テトラ,Fudo Tetra Corporation,2026-03-31,2026-06-18,代表取締役社長 奥田 眞也,9,7.0,2.0,0.2222,0.2222,9.0,0.0,46.0,19.1,8359959.0,0.055,0.706,,301000000.0,0,clean,
S100YDMT,E00227,1952,listed,建設業,新日本空調株式会社,"Shin Nippon Air Technologies Co., Ltd.",2026-03-31,2026-06-18,代表取締役社長 廣 島 雅 則,10,8.0,2.0,0.2,0.2,10.0,0.0,43.3,15.9,10943000.0,0.051,0.651,,410000000.0,0,clean,
S100YDN3,E02272,7733,listed,精密機器,オリンパス株式会社,OLYMPUS CORPORATION,2026-03-31,2026-06-18,取締役 代表執行役 社長兼CEO ボブ・ホワイト,11,17.0,4.0,0.19,0.3636,21.0,10.0,44.1,15.74,10056995.0,0.119,0.746,,4609000000.0,12,clean,
S100YDNF,E01438,5988,listed,金属製品,株式会社パイオラックス,"PIOLAX,INC.",2026-03-31,2026-06-18,代表取締役社長 山田 聡,9,7.0,2.0,0.22,0.2222,9.0,0.0,42.0,16.2,6186246.0,0.074,0.698,,220000000.0,0,clean,
S100YDNT,E03721,,unlisted,その他金融業,アイフル株式会社,AIFUL CORPORATION,2026-03-31,2026-06-18,代表取締役社長 福 田 光 秀,10,9.0,1.0,0.1,0.1,10.0,0.0,38.7,12.6,6038000.0,0.096,0.641,,333000000.0,0,clean,
S100YDOC,E05560,2475,listed,サービス業,WDBホールディングス株式会社,"WDB HOLDINGS CO., LTD.",2026-03-31,2026-06-18,代表取締役社長 中野 敏光,9,8.0,1.0,0.111,0.1111,9.0,0.0,48.9,16.2,7618000.0,,,,185727000.0,0,clean,
S100YDOG,E00994,3553,listed,化学,共和レザー株式会社,"KYOWA LEATHER CLOTH CO., LTD.",2026-03-31,2026-06-18,取締役社長執行役員 花 井 幹 雄,11,11.0,,,,,,39.7,15.7,6465000.0,,0.745,,170000000.0,0,clean,
S100YDOU,E00149,1969,listed,建設業,高砂熱学工業株式会社,"Takasago Thermal Engineering Co., Ltd.",2026-03-31,2026-06-18,代表取締役社長 社長執行役員 小島 和人,12,11.0,1.0,0.08,0.0833,12.0,0.0,41.5,14.7,12457000.0,0.035,0.629,,562000000.0,1,clean,
S100YDP5,E00900,4619,listed,化学,日本特殊塗料株式会社,"Nihon Tokushu Toryo Co., Ltd.",2026-03-31,2026-06-18,代表取締役社長 社長執行役員 遠田 比呂志,10,9.0,1.0,0.1,0.1,10.0,0.0,40.9,14.9,6857870.0,0.025,0.576,,260000000.0,0,clean,
S100YDPE,E33825,4381,listed,情報・通信業,ビープラッツ株式会社,"BPLATS,Inc.",2026-03-31,2026-06-18,代表取締役社長 藤 田 健 治,10,10.0,,,,,,35.8,5.67,5379000.0,,,,78484000.0,0,clean,
S100YDQN,E03379,4337,listed,サービス業,ぴあ株式会社,PIA CORPORATION,2026-03-31,2026-06-18,代表取締役社長 矢内 廣,15,13.0,2.0,0.133,0.1333,15.0,0.0,38.6,8.0,8805000.0,0.354,0.563,,636000000.0,1,clean,
S100YDQV,E05504,9428,listed,情報・通信業,株式会社クロップス,CROPS CORPORATION,2026-03-31,2026-06-18,代表取締役 社長執行役員 前田 有幾,10,9.0,1.0,0.1,0.1,10.0,0.0,31.4,3.5,4569923.0,0.123,0.805,,95000000.0,0,clean,
S100YDSL,E01599,6463,listed,機械,TPR株式会社,"TPR CO., LTD.",2026-03-31,2026-06-18,代表取締役会長兼CEO 藤城 豪二,15,14.0,1.0,0.07,0.0667,15.0,0.0,42.2,17.9,7466332.0,0.058,0.673,,509000000.0,0,clean,
S100YDSZ,E04322,9353,listed,倉庫・運輸関連,櫻島埠頭株式会社,"SAKURAJIMA FUTO KAISHA,LTD.",2026-03-31,2026-06-18,代表取締役社長 谷本 祐介,10,10.0,0.0,0.0,0.0,10.0,0.0,47.9,18.7,6091000.0,,,,139816000.0,0,clean,
S100YDT8,E02841,7486,listed,卸売業,サンリン株式会社,"SANRIN CO.,LTD.",2026-03-31,2026-06-18,代表取締役社長 百瀬 久志,12,11.0,1.0,0.083,0.0833,12.0,0.0,43.3,14.5,5261522.0,0.069,0.773,,158000000.0,0,clean,
S100YDU9,E00650,3878,listed,パルプ・紙,株式会社巴川コーポレーション,TOMOEGAWA CORPORATION,2026-03-31,2026-06-18,代表取締役社長 井上 雄介,8,7.0,1.0,0.125,0.125,8.0,0.0,44.5,16.3,7037000.0,0.066,0.652,,143000000.0,0,clean,
S100YDUS,E02765,9955,listed,卸売業,株式会社ヨンキュウ,"THE YONKYU CO.,LTD.",2026-03-31,2026-06-18,代表取締役社長 笠岡 恒三,14,14.0,,,,,,42.9,12.7,4778997.0,,,,198039000.0,0,clean,
S100YDWH,E04427,4839,listed,情報・通信業,株式会社WOWOW,WOWOW INC.,2026-03-31,2026-06-18,代表取締役 社長執行役員 山本 均,10,9.0,1.0,0.1,0.1,10.0,0.0,41.2,13.6,10769000.0,0.247,0.875,,378000000.0,0,clean,
S100YDWK,E02021,6894,listed,電気機器,パルステック工業株式会社,"PULSTEC INDUSTRIAL CO.,LTD.",2026-03-31,2026-06-18,代表取締役社長 青野 嘉幸,7,6.0,1.0,0.143,0.1429,7.0,0.0,45.8,22.3,6238019.0,0.037,0.657,,95340000.0,0,clean,
S100YDX1,E39184,150A,listed,サービス業,株式会社JSH,"JSH Co.,Ltd.",2025-03-31,2025-06-23,代表取締役会長兼社長 野口 和輝,12,11.0,1.0,0.08,0.0833,12.0,0.0,44.8,2.63,3574000.0,0.338,1.075,,204090000.0,0,clean,
S100YDXW,E01968,6946,listed,電気機器,日本アビオニクス株式会社,"Nippon Avionics Co., Ltd.",2026-03-31,2026-06-18,代表取締役執行役員社長 竹内 正人,7,6.0,1.0,0.143,0.1429,7.0,0.0,47.4,16.3,7124000.0,0.055,0.692,,95000000.0,0,clean,
S100YDYC,E02738,9816,listed,卸売業,株式会社ストライダーズ,Striders Corporation,2026-03-31,2026-06-18,代表取締役社長 早川 良太郎,6,4.0,2.0,0.333,0.3333,6.0,0.0,34.9,4.2,5418000.0,,,,41000000.0,0,clean,
S100YDYD,E34537,7047,listed,情報・通信業,ポート株式会社,PORT INC.,2026-03-31,2026-06-18,代表取締役社長CEO 春日 博文,5,3.0,2.0,0.4,0.4,5.0,0.0,28.9,3.1,4837000.0,0.287,0.799,,64321000.0,0,clean,
S100YDZP,E05153,2130,listed,サービス業,株式会社メンバーズ,"Members Co., Ltd.",2026-03-31,2026-06-18,代表取締役社長 髙野 明彦,7,5.0,2.0,0.286,0.2857,7.0,0.0,31.1,4.2,5520000.0,0.328,0.878,,89049000.0,0,clean,
S100YE00,E33603,4249,listed,化学,森六株式会社,"MORIROKU COMPANY, LTD.",2026-03-31,2026-06-18,代表取締役社長 最高経営責任者 黒瀨 直樹,9,7.0,2.0,0.222,0.2222,9.0,0.0,43.0,16.9,6442564.0,0.056,0.769,,167000000.0,0,clean,
S100YE1C,E38443,7120,listed,情報・通信業,株式会社SHINKO,SHINKO Inc.,2026-03-31,2026-06-18,代表取締役社長 村上 芳仁,11,10.0,1.0,0.091,0.0909,11.0,0.0,39.8,12.8,5420533.0,0.032,0.754,,183000000.0,0,clean,
S100YE1V,E03622,8418,listed,銀行業,株式会社山口フィナンシャルグループ,"Yamaguchi Financial Group, Inc.",2026-03-31,2026-06-18,代表取締役社長CEO 椋梨 敬介,11,8.0,3.0,0.272,0.2727,11.0,0.0,45.1,19.3,8371000.0,0.103,0.511,,147000000.0,0,clean,
S100YE21,E00473,2903,listed,食料品,シノブフーズ株式会社,"SHINOBU FOODS PRODUCTS CO., LTD.",2026-03-31,2026-06-18,代表取締役社長 松 本 崇 志,10,8.0,2.0,0.2,0.2,10.0,0.0,40.0,9.5,5898000.0,0.107,0.82,,250000000.0,0,clean,
S100YE26,E02247,7214,listed,輸送用機器,GMB株式会社,GMB CORPORATION,2026-03-31,2026-06-18,代表取締役社長 松岡 祐吉,11,10.0,1.0,0.091,0.0909,11.0,0.0,42.0,17.7,6033000.0,0.065,0.824,,205635000.0,0,clean,
S100YE2C,E01777,6758,listed,電気機器,ソニーグループ株式会社,SONY GROUP CORPORATION,2026-03-31,2026-06-18,代表執行役 十時 裕樹,11,10.0,5.0,0.333,0.4545,15.0,4.0,42.7,16.0,11550986.0,0.205,0.828,,,6,clean,
S100YE2M,E03549,8344,listed,銀行業,株式会社山形銀行,"The Yamagata Bank, Ltd.",2026-03-31,2026-06-18,取締役頭取 佐 藤 英 司,10,8.0,2.0,0.2,0.2,10.0,0.0,41.0,17.8,6917000.0,0.195,0.485,,178000000.0,0,clean,
S100YE2O,E36756,7130,listed,卸売業,ヤマエグループホールディングス株式会社,"YAMAE GROUP HOLDINGS CO.,LTD.",2026-03-31,2026-06-18,代表取締役社長 大 森 礼 仁,11,9.0,2.0,0.182,0.1818,11.0,0.0,39.3,2.7,6957000.0,0.067,0.711,,491000000.0,1,clean,
S100YE3H,E01878,6841,listed,電気機器,横河電機株式会社,Yokogawa Electric Corporation,2026-03-31,2026-06-18,取締役 代表執行役社長 重野 邦正,12,9.0,3.0,0.25,0.25,12.0,0.0,44.0,16.0,9486104.0,0.11,0.771,,1139000000.0,2,clean,
S100YE3S,E05332,2359,listed,情報・通信業,株式会社コア,CORE CORPORATION,2026-03-31,2026-06-18,代表取締役社長執行役員 横山 浩二,9,7.0,2.0,0.222,0.2222,9.0,0.0,40.6,15.6,7006000.0,0.033,0.83,,204000000.0,0,clean,
S100YE42,E01336,5805,listed,非鉄金属,SWCC株式会社,SWCC Corporation,2026-03-31,2026-06-18,代表取締役 小 又 哲 夫,8,5.0,3.0,0.375,0.375,8.0,0.0,44.7,16.9,7231000.0,0.059,0.718,,227000000.0,0,clean,
S100YE46,E32825,3969,listed,情報・通信業,株式会社エイトレッド,ATLED CORP.,2026-03-31,2026-06-18,代表取締役社長 岡本 康広,8,8.0,,,,,,31.6,4.5,5780000.0,0.0,0.776,,51630000.0,0,clean,
S100YE4Y,E02410,6413,listed,機械,理想科学工業株式会社,RISO KAGAKU CORPORATION,2026-03-31,2026-06-18,代表取締役社長 社長執行役員 羽山 明,10,9.0,1.0,0.1,0.1,10.0,0.0,45.8,22.1,8520952.0,0.054,0.76,,234000000.0,0,clean,
S100YE5G,E00572,3513,listed,繊維製品,イチカワ株式会社,"ICHIKAWA CO., LTD.",2026-03-31,2026-06-18,代表取締役社長 矢 崎 孝 信,0,9.0,2.0,0.182,,11.0,,43.6,23.7,6300000.0,0.015,0.756,,265000000.0,0,no_tagged_board,officers table is TextBlock only
S100YE6B,E02729,9889,listed,情報・通信業,JBCCホールディングス株式会社,JBCC Holdings Inc.,2026-03-31,2026-06-18,代表取締役社長 東上 征司,6,5.0,1.0,0.167,0.1667,6.0,0.0,48.9,16.3,12392000.0,0.5,1.186,,135000000.0,1,clean,
S100YE7T,E31748,6178,listed,サービス業,日本郵政株式会社,"JAPAN POST HOLDINGS Co.,Ltd.",2026-03-31,2026-06-18,取締役兼代表執行役社長 根 岸 一 行,13,38.0,7.0,0.1556,0.5385,45.0,32.0,43.1,15.9,8718000.0,0.178,0.684,,1037000000.0,0,clean,
S100YE84,E04286,9304,listed,倉庫・運輸関連,澁澤倉庫株式会社,"Shibusawa Logistics Corporation (旧英訳名 The Shibusawa Warehouse Co., Ltd.) (注) 2024年6月27日開催の第177期定時株主総会の決議により、 2025年1月1日付で英訳名を上記のとおり変更いたしました。",2025-03-31,2025-06-25,取締役社長 大隅 毅,11,10.0,1.0,0.091,0.0909,11.0,0.0,43.0,17.0,7536653.0,0.011,0.746,,165000000.0,0,clean,
S100YE88,E00410,409A,listed,食料品,オリオンビール株式会社,"ORION BREWERIES,LTD.",2026-03-31,2026-06-18,代表取締役社長 兼 執行役員社長CEO 村野 一,10,8.0,2.0,0.2,0.2,10.0,0.0,41.0,12.0,7041000.0,0.12,0.591,,119000000.0,0,clean,
S100YE9T,E01627,6382,listed,機械,トリニティ工業株式会社,TRINITY INDUSTRIAL CORPORATION,2026-03-31,2026-06-18,取締役社長 飯田 基博,13,13.0,,,,,,41.9,16.6,6467000.0,0.0,0.639,,178634000.0,0,clean,
S100YEAI,E04926,4665,listed,サービス業,株式会社ダスキン,"DUSKIN CO., LTD.",2026-03-31,2026-06-18,代表取締役 社長執行役員 大 久 保 裕 行,14,11.0,3.0,0.214,0.2143,14.0,0.0,46.1,18.2,7812432.0,0.173,0.467,,404679000.0,0,clean,
S100YEB9,E31336,3908,listed,情報・通信業,株式会社コラボス,Collabos Corporation,2026-03-31,2026-06-18,代表取締役社長 茂木 貴雄,9,9.0,,,,,,39.19,8.2,5363000.0,0.333,,,61140000.0,0,clean,
S100YEDH,E01569,6366,listed,建設業,千代田化工建設株式会社,Chiyoda Corporation,2026-03-31,2026-06-18,代表取締役社長 太田 光治,12,10.0,2.0,0.1667,0.1667,12.0,0.0,42.3,14.3,10793000.0,0.049,0.658,,394000000.0,0,clean,
S100YEDS,E01951,6652,listed,電気機器,IDEC株式会社,IDEC CORPORATION,2026-03-31,2026-06-18,代表取締役会長兼社長 舩木 俊之,9,6.0,3.0,0.333,0.3333,9.0,0.0,42.9,14.2,6816000.0,0.119,0.589,,395000000.0,1,clean,
S100YEG1,E32801,6539,listed,サービス業,株式会社MS-Japan,"MATCHING SERVICE JAPAN CO.,LTD.",2026-03-31,2026-06-18,代表取締役会長 CEO 有本 隆浩,7,6.0,1.0,0.14,0.1429,7.0,0.0,32.4,5.4,5431000.0,0.19,0.703,,170304000.0,0,clean,
S100YEJ6,E02246,7215,listed,輸送用機器,株式会社ファルテック,"FALTEC Co.,Ltd.",2026-03-31,2026-06-18,代表取締役社長 河井 芳浩,12,11.0,1.0,0.08,0.0833,12.0,0.0,45.4,17.9,5912000.0,0.049,0.773,,148000000.0,0,clean,
S100Y6HR,E32679,9142,listed,陸運業,九州旅客鉄道株式会社,Kyushu Railway Company,2026-03-31,2026-06-19,代表取締役社長執行役員 古宮 洋二,15,10.0,5.0,0.333,0.3333,15.0,0.0,42.5,13.4,6399403.0,0.064,0.794,,508000000.0,0,clean,
S100Y7BQ,E01232,5631,listed,機械,株式会社日本製鋼所,"THE JAPAN STEEL WORKS, LTD.",2026-03-31,2026-06-19,代表取締役社長 松尾 敏夫,14,11.0,3.0,0.214,0.2143,14.0,0.0,38.8,12.6,7137000.0,0.03,0.772,,416242000.0,0,clean,
S100Y7EC,E05309,2331,listed,サービス業,ALSOK株式会社(旧会社名 綜合警備保障株式会社),"ALSOK CO.,LTD.(旧英訳名 SOHGO SECURITY SERVICES CO.,LTD.)",2026-03-31,2026-06-19,代表取締役グループCOO 栢木 伊久二,15,12.0,3.0,0.2,0.2,15.0,0.0,41.8,18.3,6221418.0,0.072,0.745,,375000000.0,0,clean,
S100Y8FP,E03634,8551,listed,銀行業,株式会社 北日本銀行,"The Kita-Nippon Bank,Ltd.",2026-03-31,2026-06-19,取締役頭取 石 塚 恭 路,13,12.0,1.0,0.076,0.0769,13.0,0.0,40.0,17.0,5922000.0,0.059,0.556,,161000000.0,0,clean,
S100Y95Z,E00083,1833,listed,建設業,株式会社奥村組,OKUMURA CORPORATION,2026-03-31,2026-06-19,代表取締役社長 奥 村 太加典,13,11.0,2.0,0.154,0.1538,13.0,0.0,42.6,15.1,10062259.0,0.046,0.598,,306000000.0,0,clean,
S100Y99Z,E02127,7012,listed,輸送用機器,川崎重工業株式会社,"Kawasaki Heavy Industries, Ltd.",2026-03-31,2026-06-19,代表取締役社長執行役員 橋本 康彦,12,8.0,4.0,0.333,0.3333,12.0,0.0,41.7,15.3,9101888.0,0.026,0.692,,747000000.0,4,clean,
S100YA2L,E01063,4925,listed,化学,株式会社ハーバー研究所,"HABA LABORATORIES,INC.",2026-03-31,2026-06-19,代表取締役社長 西 幹男,9,6.0,3.0,0.333,0.3333,9.0,0.0,44.8,11.7,4214454.0,0.651,0.7,,141330000.0,0,clean,
S100YANZ,E02542,3004,listed,卸売業,神栄株式会社,SHINYEI KAISHA,2026-03-31,2026-06-19,代表取締役社長 赤 澤 秀 朗,9,8.0,1.0,0.111,0.1111,9.0,0.0,41.4,14.4,7633000.0,0.147,,,179000000.0,0,clean,
S100YAQJ,E05310,2332,listed,情報・通信業,株式会社クエスト,"Quest Co., Ltd.",2026-03-31,2026-06-19,代表取締役 社長執行役員 鎌田 智,11,9.0,2.0,0.18,0.1818,11.0,0.0,38.6,11.6,5965656.0,0.112,0.85,,179462000.0,0,clean,
S100YAX9,E02561,8076,listed,卸売業,株式会社カノークス,CANOX CORPORATION,2026-03-31,2026-06-19,代表取締役社長 小河 正直,10,9.0,1.0,0.1,0.1,10.0,0.0,42.0,11.0,7636000.0,,0.555,,190604000.0,0,clean,
S100YBKP,E04152,,unlisted,陸運業,横浜高速鉄道株式会社,YOKOHAMA MINATOMIRAI RAILWAY COMPANY,2026-03-31,2026-06-19,代表取締役社長 國本 直哉,0,,,,,,,,,,,,,,0,no_tagged_board,officers table is TextBlock only
S100YBNQ,E03574,8368,listed,銀行業,株式会社 百五銀行,"The Hyakugo Bank, Ltd.",2026-03-31,2026-06-19,取締役頭取 杉 浦 雅 和,16,13.0,3.0,0.1875,0.1875,16.0,0.0,40.9,15.3,7764000.0,0.112,0.439,,427000000.0,0,clean,
S100YBS9,E35360,,unlisted,不動産業,中央日本土地建物グループ株式会社,"Chuo-Nittochi Group Co., Ltd.",2026-03-31,2026-06-19,代表取締役社長 三 宅 潔,0,,,,,,,,,,,,,,0,no_tagged_board,officers table is TextBlock only
S100YBX4,E05219,4301,listed,サービス業,株式会社アミューズ,AMUSE INC.,2026-03-31,2026-06-19,代表取締役会長 兼 社長 大里 洋吉,13,11.0,2.0,0.15,0.1538,13.0,0.0,39.18,11.44,7523505.0,0.446,0.743,,411000000.0,1,clean,
S100YC1U,E03645,8537,listed,銀行業,株式会社大光銀行,"THE TAIKO BANK,LTD.",2026-03-31,2026-06-19,取締役頭取 川合 昌一,12,11.0,1.0,0.0833,0.0833,12.0,0.0,41.3,17.1,5930000.0,0.265,0.527,,211000000.0,0,clean,
S100YCB2,E03646,7184,listed,銀行業,株式会社富山第一銀行,"THE FIRST BANK OF TOYAMA,LTD.",2026-03-31,2026-06-19,取締役頭取 野村 充,15,14.0,1.0,0.066,0.0667,15.0,0.0,39.8,16.6,6863000.0,0.123,0.611,,286000000.0,0,clean,
S100YCBJ,E00406,2267,listed,食料品,株式会社ヤクルト本社,"YAKULT HONSHA CO.,LTD.",2026-03-31,2026-06-19,代表取締役社長 成 田 裕,19,15.0,4.0,0.211,0.2105,19.0,0.0,41.7,17.7,8549009.0,0.144,0.679,,762000000.0,1,clean,
S100YCGG,E02792,7417,listed,卸売業,株式会社南陽,NANYO CORPORATION,2026-03-31,2026-06-19,代表取締役社長 篠 崎 学,11,8.0,3.0,0.273,0.2727,11.0,0.0,41.3,12.5,6635000.0,,,,221000000.0,0,clean,
S100YCGY,E00080,1885,listed,建設業,東亜建設工業株式会社,TOA CORPORATION,2026-03-31,2026-06-19,代表取締役社長 早 川 毅,9,7.0,2.0,0.222,0.2222,9.0,0.0,44.0,17.8,10193864.0,0.01,0.585,,393000000.0,0,clean,
S100YCJZ,E34837,,unlisted,電気・ガス業,株式会社JERA,"JERA Co., Inc.",2026-03-31,2026-06-19,代表取締役社長CEO兼COO 奥田 久栄,0,,,,,,,,,,,,,,0,no_tagged_board,officers table is TextBlock only
S100YCSC,E00885,4461,listed,化学,第一工業製薬株式会社,DKS Co. Ltd.,2026-03-31,2026-06-19,代表取締役社長 山路 直貴,11,9.0,2.0,0.182,0.1818,11.0,0.0,41.4,15.6,8054710.0,0.097,0.727,,529000000.0,0,clean,
S100YCUD,E01264,5411,listed,鉄鋼,JFEホールディングス株式会社,"JFE Holdings, Inc.",2026-03-31,2026-06-19,代表取締役社長 北 野 嘉 久,13,11.0,2.0,0.1538,0.1538,13.0,0.0,48.0,23.5,12280000.0,,,,450862000.0,2,clean,
S100YCVD,E27572,3184,listed,小売業,ICDAホールディングス株式会社,"International Conglomerate of Distribution for Automobile Holdings Co., Ltd.",2026-03-31,2026-06-19,代表取締役社長 向井 弘光,7,6.0,1.0,0.143,0.1429,7.0,0.0,40.6,14.6,5220000.0,,,,77558000.0,0,clean,
S100YCXS,E37141,2993,listed,不動産業,株式会社長栄,Choei Inc.,2026-03-31,2026-06-19,代表取締役 社長執行役員 舩井 渉,9,8.0,1.0,0.111,0.1111,9.0,0.0,35.5,8.4,5051000.0,,0.723,,395847000.0,1,clean,
S100YCY4,E00181,1939,listed,建設業,株式会社四電工,YONDENKO CORPORATION,2026-03-31,2026-06-19,代表取締役 社長 関谷 幸男,11,8.0,3.0,0.273,0.2727,11.0,0.0,40.0,16.2,7743000.0,0.034,0.723,,196000000.0,0,clean,
S100YCZI,E00356,2109,listed,食料品,DM三井製糖株式会社,"Mitsui DM Sugar Co., Ltd.",2026-03-31,2026-06-19,代表取締役社長 森本 卓,11,9.0,2.0,0.182,0.1818,11.0,0.0,43.38,18.28,8154131.0,0.123,0.773,,236000000.0,0,clean,
S100YD1A,E05221,4310,listed,サービス業,株式会社ドリームインキュベータ,Dream Incubator Inc.,2026-03-31,2026-06-19,代表取締役社長 三宅 孝之,7,5.0,2.0,0.28,0.2857,7.0,0.0,34.61,3.76,12208000.0,0.167,,,288000000.0,1,clean,
S100YD30,E00448,4229,listed,化学,群栄化学工業株式会社,"Gun Ei Chemical Industry Co.,Ltd.",2026-03-31,2026-06-19,代表取締役 社長執行役員 有 田 喜 一 郎,8,7.0,1.0,0.12,0.125,8.0,0.0,40.1,15.9,7385000.0,0.08,0.893,,247000000.0,0,clean,
S100YD3V,E01739,6503,listed,電気機器,三菱電機株式会社,Mitsubishi Electric Corporation,2026-03-31,2026-06-19,執行役社長 漆間 啓,10,19.0,2.0,0.1,0.2,21.0,11.0,40.5,15.3,9134603.0,0.042,0.642,,1953000000.0,12,clean,
S100YD4R,E00836,4272,listed,化学,日本化薬株式会社,"NIPPON KAYAKU CO.,LTD.",2026-03-31,2026-06-19,代表取締役社長 川村 茂之,14,13.0,1.0,0.07,0.0714,14.0,0.0,41.0,14.8,7976000.0,0.09,0.718,,488000000.0,1,clean,
S100YD4W,E00458,2288,listed,食料品,丸大食品株式会社,"MARUDAI FOOD CO., LTD.",2026-03-31,2026-06-19,代表取締役社長 佐 藤 勇 二,9,8.0,1.0,0.111,0.1111,9.0,0.0,41.6,17.5,5943000.0,0.061,0.536,,229000000.0,0,clean,
S100YD4Z,E30917,6240,listed,機械,ヤマシンフィルタ株式会社,YAMASHIN-FILTER CORP.,2026-03-31,2026-06-19,代表取締役社長執行役員 山崎 敦彦,9,6.0,3.0,0.33,0.3333,9.0,0.0,40.5,8.7,7323000.0,0.097,0.764,,381000000.0,1,clean,
S100YD50,E00895,4615,listed,化学,神東塗料株式会社,"SHINTO PAINT COMPANY, LIMITED",2026-03-31,2026-06-19,代表取締役社長執行役員 小 坂 伊 知 郎,10,9.0,1.0,0.1,0.1,10.0,0.0,43.9,14.6,5440000.0,0.103,0.831,,106000000.0,0,clean,
S100YD7O,E01966,6947,listed,電気機器,株式会社図研,ZUKEN INC.,2026-03-31,2026-06-19,代表取締役社長 勝部 迅也,8,6.0,2.0,0.25,0.25,8.0,0.0,44.3,17.9,8659154.0,,0.697,,261610000.0,0,clean,
S100YD8C,E01204,5386,listed,ガラス・土石製品,株式会社鶴弥,"TSURUYA CO.,LTD.",2026-03-31,2026-06-19,代表取締役 鶴見 哲,8,8.0,,,,,,45.8,19.0,5014408.0,0.121,0.778,,110000000.0,0,clean,
S100YDBB,E03530,8303,listed,銀行業,株式会社SBI新生銀行,"SBI Shinsei Bank, Limited",2026-03-31,2026-06-19,代表取締役社長 最高経営責任者 川島 克哉,11,8.0,3.0,0.272,0.2727,11.0,0.0,42.7,13.1,8558000.0,0.222,0.735,,246000000.0,0,clean,
S100YDBT,E01254,5541,listed,鉄鋼,大平洋金属株式会社,"Pacific Metals Co., Ltd.",2026-03-31,2026-06-19,代表取締役社長 岩 舘 一 夫,10,9.0,1.0,0.1,0.1,10.0,0.0,43.3,20.4,5610000.0,,0.812,,192000000.0,0,clean,
S100YDCX,E01173,5304,listed,ガラス・土石製品,SECカーボン株式会社,"SEC CARBON,LIMITED",2026-03-31,2026-06-19,代表取締役社長 中 島 耕,11,9.0,2.0,0.182,0.1818,11.0,0.0,43.0,18.0,7766222.0,0.019,0.711,,232000000.0,0,clean,
S100YDDF,E25662,7022,listed,輸送用機器,サノヤスホールディングス株式会社,Sanoyas Holdings Corporation,2026-03-31,2026-06-19,代表取締役社長 北 逵 伊 佐 雄,9,8.0,1.0,0.111,0.1111,9.0,0.0,41.3,9.6,6034616.0,0.083,0.705,,149000000.0,0,clean,
S100YDG4,E02691,8283,listed,卸売業,株式会社PALTAC,PALTAC CORPORATION,2026-03-31,2026-06-19,代表取締役社長 吉田 拓也,18,14.0,4.0,0.222,0.2222,18.0,0.0,43.8,17.5,6761779.0,0.083,0.522,,431000000.0,0,clean,
S100YDHL,E07801,6098,listed,サービス業,株式会社リクルートホールディングス,"Recruit Holdings Co., Ltd.",2026-03-31,2026-06-19,代表取締役社長 兼 Chief Executive Officer 出木場 久征,12,8.0,4.0,0.333,0.3333,12.0,0.0,40.2,9.3,11624997.0,0.55,0.858,,2441000000.0,13,clean,
S100YDI1,E03231,7412,listed,小売業,株式会社アトム,ATOM CORPORATION,2026-03-31,2026-06-19,代表取締役社長 植田 剛史,8,4.0,4.0,0.5,0.5,8.0,0.0,43.0,12.0,4625000.0,0.072,0.698,,89000000.0,0,clean,
S100YDJY,E04633,,unlisted,サービス業,株式会社千葉カントリー倶楽部,"CHIBA COUNTRY CLUB CO.,LTD.",2026-03-31,2026-06-19,代表取締役社長 山本 章裕,0,,,,,,,,,,,,,,0,no_tagged_board,officers table is TextBlock only
S100YDK0,E03557,8337,listed,銀行業,株式会社千葉興業銀行,"The Chiba Kogyo Bank, Ltd.",2026-03-31,2026-06-19,取締役頭取 梅田 仁司,13,11.0,2.0,0.153,0.1538,13.0,0.0,40.0,15.0,6808000.0,0.251,0.603,,251000000.0,0,clean,
S100YDLB,E03500,3066,listed,小売業,株式会社JBイレブン,"JB ELEVEN CO.,LTD.",2026-03-31,2026-06-19,代表取締役社長 新美 司,8,6.0,2.0,0.25,0.25,8.0,0.0,48.7,12.2,6576000.0,0.032,0.585,,47000000.0,0,clean,
S100YDP3,E03610,8308,listed,銀行業,株式会社りそなホールディングス,"Resona Holdings, Inc.",2026-03-31,2026-06-19,代表執行役社長 南 昌 宏,10,28.0,3.0,0.096,0.3,31.0,21.0,45.1,14.4,9069000.0,,,,804000000.0,3,clean,
S100YDPD,E03538,,unlisted,銀行業,株式会社りそな銀行,"Resona Bank,Limited",2026-03-31,2026-06-19,代表取締役社長 千 田 一 弘,0,,,,,,,,,,,,,,0,no_tagged_board,officers table is TextBlock only
S100YDQ3,E00768,4043,listed,化学,株式会社トクヤマ,Tokuyama Corporation,2026-03-31,2026-06-19,代表取締役 社長執行役員 井上 智弘,11,9.0,2.0,0.18,0.1818,11.0,0.0,41.45,16.82,7940277.0,0.035,0.755,,298000000.0,0,clean,
S100YDRI,E05346,8439,listed,その他金融業,東京センチュリー株式会社,Tokyo Century Corporation,2026-03-31,2026-06-19,代表取締役社長 CEO 藤原 弘治,15,12.0,3.0,0.2,0.2,15.0,0.0,43.0,16.0,9316000.0,0.147,0.627,,897000000.0,1,clean,
S100YDSC,E01253,5463,listed,鉄鋼,丸一鋼管株式会社,Maruichi Steel Tube Ltd.,2026-03-31,2026-06-19,代表取締役 鈴 木 博 之,13,9.0,4.0,0.308,0.3077,13.0,0.0,40.9,19.35,7216151.0,0.05,0.792,,317000000.0,0,clean,
S100YDSE,E03556,8331,listed,銀行業,株式会社千葉銀行,"The Chiba Bank, Ltd.",2026-03-31,2026-06-19,取締役頭取 米本 努,14,9.0,5.0,0.357,0.3571,14.0,0.0,38.3,14.4,8370000.0,0.19,0.536,,504000000.0,1,clean,
S100YDSM,E05011,4705,listed,サービス業,株式会社クリップコーポレーション,CLIP Corporation,2026-03-31,2026-06-19,代表取締役会長 井 上 憲 氏,10,9.0,1.0,0.1,0.1,10.0,0.0,37.0,7.7,3782176.0,,,,80000000.0,0,clean,
S100YDSN,E22440,3151,listed,卸売業,株式会社バイタルケーエスケー・ホールディングス,"VITAL KSK HOLDINGS,INC.",2026-03-31,2026-06-19,代表取締役社長 村 井 泰 介,12,9.0,3.0,0.25,0.25,12.0,0.0,43.3,6.1,6234677.0,,,,22000000.0,0,clean,
S100YDSY,E01369,5955,listed,金属製品,株式会社ワイズホールディングス,"WISE HOLDINGS CO., LTD.",2026-03-31,2026-06-19,代表取締役社長 堀 直 樹,5,5.0,0.0,0.0,0.0,5.0,0.0,49.0,4.0,8742000.0,,,,56560000.0,0,clean,
S100YDT5,E05274,4350,listed,小売業,株式会社メディカルシステムネットワーク,"MEDICAL SYSTEM NETWORK Co.,Ltd.",2026-03-31,2026-06-19,代表取締役社長 田 尻 稲 雄,17,16.0,1.0,0.059,0.0588,17.0,0.0,43.0,8.0,5862000.0,0.266,0.691,,481000000.0,0,clean,
S100YDTC,E03756,8609,listed,証券、商品先物取引業,株式会社岡三証券グループ,OKASAN SECURITIES GROUP INC.,2026-03-31,2026-06-19,代表取締役社長 新芝 宏之,7,6.0,1.0,0.14,0.1429,7.0,0.0,45.0,14.0,11281863.0,,,,237000000.0,1,clean,
S100YDTW,E01902,6999,listed,電気機器,KOA株式会社,KOA CORPORATION,2026-03-31,2026-06-19,代表取締役 社長執行役員 向山 浩正,15,12.0,3.0,0.2,0.2,15.0,0.0,40.7,17.1,5923699.0,0.0296,0.7145,,353000000.0,0,clean,
S100YDU2,E02728,9888,listed,卸売業,株式会社UEX,"UEX,LTD.",2026-03-31,2026-06-19,代表取締役社長 秀 髙 雅 紀,9,8.0,1.0,0.111,0.1111,9.0,0.0,44.2,16.8,6947960.0,,,,162651000.0,0,clean,
S100YDVA,E33638,6565,listed,サービス業,ABホテル株式会社,"ABHOTEL CO., LTD.",2026-03-31,2026-06-19,代表取締役社長 沓名 一樹,8,7.0,1.0,0.125,0.125,8.0,0.0,36.6,2.1,5163000.0,0.0,0.551,,132620000.0,0,clean,
S100YDVL,E03134,8230,listed,小売業,株式会社はせがわ,"HASEGAWA CO., LTD.",2026-03-31,2026-06-19,代表取締役社長 新貝 三四郎,9,7.0,2.0,0.2222,0.2222,9.0,0.0,45.7,17.8,5389000.0,0.068,0.482,,166000000.0,0,clean,
S100YDW0,E00461,2875,listed,食料品,東洋水産株式会社,"TOYO SUISAN KAISHA, LTD.",2026-03-31,2026-06-19,代表取締役社長 住本 憲隆,16,13.0,3.0,0.188,0.1875,16.0,0.0,41.7,16.8,6986000.0,0.055,0.661,,457000000.0,0,clean,
S100YDW4,E03468,3397,listed,小売業,株式会社 トリドールホールディングス,TORIDOLL Holdings Corporation,2026-03-31,2026-06-19,代表取締役社長 粟 田 貴 也,6,3.0,3.0,0.5,0.5,6.0,0.0,41.98,6.43,8326000.0,0.222,0.72,,155000000.0,0,clean,
S100YDWN,E05267,4345,listed,サービス業,株式会社シーティーエス,"CTS Co., Ltd.",2026-03-31,2026-06-19,代表取締役 社長執行役員 横島 連,7,6.0,1.0,0.143,0.1429,7.0,0.0,43.8,11.2,6535342.0,0.0,0.527,,75000000.0,0,clean,
S100YDWS,E33840,7326,listed,保険業,SBIインシュアランスグループ株式会社,"SBI Insurance Group Co., Ltd.",2026-03-31,2026-06-19,代表取締役 執行役員会長兼社長 乙部 辰良,11,11.0,0.0,0.0,0.0,11.0,0.0,51.0,5.2,9290474.0,,,,98000000.0,0,clean,
S100YDYF,E02412,7947,listed,化学,株式会社エフピコ,FP CORPORATION,2026-03-31,2026-06-19,代表取締役会長 佐藤 守正,16,14.0,2.0,0.125,0.125,16.0,0.0,42.3,15.6,7611000.0,0.166,0.609,,798000000.0,2,clean,
S100YDYH,E02270,7727,listed,精密機器,株式会社オーバル,OVAL Corporation,2026-03-31,2026-06-19,代表取締役社長 谷 本 淳,9,8.0,1.0,0.11,0.1111,9.0,0.0,43.9,16.6,6949000.0,0.034,0.727,,144452000.0,0,clean,
S100YDZX,E01782,6763,listed,電気機器,帝国通信工業株式会社,"Teikoku Tsushin Kogyo Co., Ltd.",2026-03-31,2026-06-19,代表取締役社長 羽生 満寿夫,10,7.0,3.0,0.3,0.3,10.0,0.0,41.3,17.9,6188000.0,0.029,0.759,,162167000.0,0,clean,
S100YE06,E01077,5011,listed,石油・石炭製品,ニチレキグループ株式会社,"NICHIREKI GROUP CO., LTD.",2026-03-31,2026-06-19,代表取締役社長 小 幡 学,13,10.0,3.0,0.2308,0.2308,13.0,0.0,44.9,14.8,8447000.0,0.031,0.595,,358000000.0,0,clean,
S100YE10,E01685,6287,listed,機械,株式会社サトー(旧会社名 サトーホールディングス株式会社),SATO CORPORATION(旧英訳名 SATO HOLDINGS CORPORATION),2026-03-31,2026-06-19,代表取締役 社長執行役員 グループCEO 小沼 宏行,10,8.0,2.0,0.2,0.2,10.0,0.0,44.8,16.2,7453498.0,0.104,0.698,,253000000.0,0,clean,
S100YE1D,E05617,2121,listed,サービス業,株式会社MIXI,"MIXI, Inc.",2026-03-31,2026-06-19,代表取締役社長 上級執行役員 CEO 木村 弘毅,10,7.0,3.0,0.3,0.3,10.0,0.0,38.1,6.2,8470000.0,0.197,0.746,,569000000.0,2,clean,
S100YE1F,E02727,9885,listed,卸売業,株式会社 シャルレ,"CHARLE CO.,LTD.",2026-03-31,2026-06-19,代表取締役社長 林 勝哉,8,7.0,1.0,0.125,0.125,8.0,0.0,46.4,19.8,6102000.0,0.297,,,112000000.0,0,clean,
S100YE3Y,E02388,7970,listed,化学,信越ポリマー株式会社,"Shin-Etsu Polymer Co.,Ltd.",2026-03-31,2026-06-19,代表取締役社長 社長執行役員 出 戸 利 明,9,7.0,2.0,0.222,0.2222,9.0,0.0,44.1,19.4,6844000.0,0.062,0.745,,214000000.0,0,clean,
S100YE4V,E01541,6339,listed,機械,新東工業株式会社,"Sintokogio,Ltd.",2026-03-31,2026-06-19,代表取締役社長執行役員 永井 淳,15,14.0,1.0,0.067,0.0667,15.0,0.0,41.0,16.6,6712000.0,0.043,0.666,,198000000.0,0,clean,
S100YE51,E05524,2464,listed,サービス業,株式会社Aoba-BBT,"Aoba-BBT, Inc.",2026-03-31,2026-06-19,代表取締役社長 柴田 巌,7,6.0,1.0,0.143,0.1429,7.0,0.0,44.9,9.1,6372000.0,0.364,0.838,,73000000.0,0,clean,
S100YE54,E04523,9536,listed,電気・ガス業,西部ガスホールディングス株式会社,"SAIBU GAS HOLDINGS CO.,LTD.",2026-03-31,2026-06-19,代表取締役社長 加 藤 卓 二,12,11.0,1.0,0.083,0.0833,12.0,0.0,41.5,13.8,6555364.0,0.022,0.694,,241000000.0,0,clean,
S100YE56,E01653,6455,listed,輸送用機器,株式会社モリタホールディングス,MORITA HOLDINGS CORPORATION,2026-03-31,2026-06-19,代表取締役 社長執行役員 加 藤 雅 義,13,11.0,2.0,0.154,0.1538,13.0,0.0,44.6,12.45,8170179.0,0.087,0.771,,355000000.0,0,clean,
S100YE5H,E37781,7389,listed,銀行業,株式会社あいちフィナンシャルグループ,"Aichi Financial Group, Inc.",2026-03-31,2026-06-19,代表取締役社長執行役員 伊藤 行記,12,10.0,2.0,0.166,0.1667,12.0,0.0,47.2,23.0,10671000.0,0.089,0.531,,401000000.0,0,clean,
S100YE5N,E00942,4527,listed,医薬品,ロート製薬株式会社,"ROHTO PHARMACEUTICAL CO.,LTD.",2026-03-31,2026-06-19,代表取締役社長 瀬 木 英 俊,19,11.0,8.0,0.421,0.4211,19.0,0.0,42.1,13.8,8505000.0,0.31,0.678,,655000000.0,1,clean,
S100YE5P,E00157,8157,listed,卸売業,都築電気株式会社,"TSUZUKI DENKI CO., LTD.",2026-03-31,2026-06-19,代表取締役社長 吉田 克之,13,11.0,2.0,0.154,0.1538,13.0,0.0,43.2,17.9,9404000.0,0.04,0.739,,318000000.0,0,clean,
S100YE5V,E00435,2801,listed,食料品,キッコーマン株式会社,KIKKOMAN CORPORATION,2026-03-31,2026-06-19,代表取締役社長 中野 祥三郎,17,14.0,3.0,0.176,0.1765,17.0,0.0,43.1,13.4,8210646.0,0.133,0.689,,910000000.0,4,clean,
S100YE62,E01207,5384,listed,ガラス・土石製品,株式会社フジミインコーポレーテッド,FUJIMI INCORPORATED,2026-03-31,2026-06-19,代表取締役社長 関 敬史,11,9.0,2.0,0.18,0.1818,11.0,0.0,41.9,12.7,8920784.0,0.032,0.692,,260000000.0,0,clean,
S100YE6L,E03639,8550,listed,銀行業,株式会社栃木銀行,"THE TOCHIGI BANK, LTD.",2026-03-31,2026-06-19,取締役頭取 仲 田 裕 之,14,12.0,2.0,0.142,0.1429,14.0,0.0,40.8,18.1,6762000.0,0.052,0.526,,212000000.0,0,clean,
S100YE6U,E02248,7208,listed,輸送用機器,株式会社カネミツ,KANEMITSU CORPORATION,2026-03-31,2026-06-19,代表取締役社長 金光 俊明,10,8.0,2.0,0.2,0.2,10.0,0.0,42.8,18.0,6424000.0,0.111,0.714,,113000000.0,0,clean,
S100YE6Y,E05047,8876,listed,サービス業,株式会社リログループ,"Relo Group, Inc.",2026-03-31,2026-06-19,代表取締役CEO 中村 謙一,12,9.0,3.0,0.25,0.25,12.0,0.0,40.1,8.1,6164000.0,0.355,0.774,,364000000.0,0,clean,
S100YE76,E04426,9434,listed,情報・通信業,ソフトバンク株式会社,SoftBank Corp.,2026-03-31,2026-06-19,代表取締役 社長執行役員 兼 CEO 宮川 潤一,15,9.0,6.0,0.4,0.4,15.0,0.0,42.0,14.8,8713000.0,0.109,0.783,,1692000000.0,4,clean,
S100YE7H,E02373,7981,listed,その他製品,タカラスタンダード株式会社,"TAKARA STANDARD CO.,LTD.",2026-03-31,2026-06-19,代表取締役社長 小 森 大,11,8.0,3.0,0.273,0.2727,11.0,0.0,41.0,14.0,6285000.0,0.079,0.69,,325000000.0,0,clean,
S100YE7N,E40215,302A,listed,サービス業,株式会社ビースタイルホールディングス,"b-style holdings, Inc.",2025-03-31,2025-06-23,代表取締役社長 三原 邦彦,7,7.0,0.0,0.0,0.0,7.0,0.0,42.9,6.7,5998000.0,0.462,0.749,,119386000.0,0,clean,
S100YE8F,E01688,5953,listed,金属製品,昭和鉄工株式会社,"Showa Manufacturing Co.,Ltd.",2026-03-31,2026-06-19,代表取締役社長 日 野 宏 昭,8,8.0,0.0,0.0,0.0,8.0,0.0,40.02,16.35,6002242.0,0.049,0.5957,,100000000.0,0,clean,
S100YE8H,E02812,3153,listed,卸売業,八洲電機株式会社,"Yashima Denki Co.,Ltd.",2026-03-31,2026-06-19,代表取締役社長兼グループCOO 清 宮 茂 樹,8,8.0,0.0,0.111,0.0,8.0,0.0,41.8,17.1,8238000.0,0.092,0.725,,378000000.0,1,partial,G2 female ratio filed 0.111 vs recomputed 0.0000
S100YE8Y,E00824,4206,listed,化学,アイカ工業株式会社,"Aica Kogyo Company, Limited",2026-03-31,2026-06-19,代表取締役社長執行役員 海老原 健治,9,7.0,2.0,0.222,0.2222,9.0,0.0,41.0,16.0,8172000.0,0.037,0.811,,345000000.0,1,clean,
S100YE9I,E00776,4063,listed,化学,信越化学工業株式会社,"Shin-Etsu Chemical Co., Ltd.",2026-03-31,2026-06-19,代表取締役社長 斉藤 恭彦,14,11.0,3.0,0.214,0.2143,14.0,0.0,40.8,18.8,8988000.0,0.032,0.786,,1215000000.0,4,clean,
S100YE9U,E00677,3943,listed,パルプ・紙,大石産業株式会社,"OHISHI SANGYO CO.,LTD.",2026-03-31,2026-06-19,代表取締役社長 山口 博章,9,8.0,1.0,0.111,0.1111,9.0,0.0,40.6,14.9,5868000.0,0.024,0.612,,110000000.0,0,clean,
S100YEA0,E00633,7896,listed,その他製品,セブン工業株式会社,"SEVEN INDUSTRIES CO.,LTD.",2026-03-31,2026-06-19,代表取締役 社長執行役員 木下 浩一,11,11.0,,,,,,42.5,16.1,5440722.0,0.0,0.801,,92000000.0,0,clean,
S100YEAG,E04777,9763,listed,卸売業,丸建リース株式会社(旧会社名 丸紅建材リース株式会社),"Maruken Lease Co., Ltd.(旧英訳名 Marubeni Construction Material Lease Co.,Ltd.)",2026-03-31,2026-06-19,代表取締役社長 井 ノ 上 雅 弘,9,9.0,,,,,,45.7,17.1,7644927.0,0.026,0.713,,147000000.0,0,clean,
S100YEAK,E05701,2156,listed,サービス業,セーラー広告株式会社,SAYLOR ADVERTISING.INC.,2026-03-31,2026-06-19,代表取締役社長 香川 裕史,9,8.0,1.0,0.11,0.1111,9.0,0.0,44.4,17.3,5429000.0,,,,102279000.0,0,clean,
S100YEAY,E35791,4886,listed,医薬品,あすか製薬ホールディングス株式会社,"ASKA Pharmaceutical Holdings Co., Ltd.",2026-03-31,2026-06-19,代表取締役社長 山口 惣大,13,10.0,3.0,0.231,0.2308,13.0,0.0,46.0,17.0,10213546.0,,,,90000000.0,0,clean,
S100YEBM,E03580,8367,listed,銀行業,株式会社南都銀行,"The Nanto Bank,Ltd.",2026-03-31,2026-06-19,取締役頭取 石 田 諭,12,10.0,,0.166,,,,39.1,16.5,7215000.0,0.164,0.431,,321000000.0,0,clean,
S100YECQ,E32763,7191,listed,その他金融業,株式会社イントラスト,Entrust Inc.,2026-03-31,2026-06-19,代表取締役社長執行役員 桑原 豊,9,7.0,2.0,0.22,0.2222,9.0,0.0,38.6,4.1,5237000.0,0.318,0.544,,87835000.0,0,clean,
S100YECU,E31640,3918,listed,情報・通信業,PCIホールディングス株式会社,"PCI Holdings,INC.",2026-03-31,2026-06-19,代表取締役社長 森下 健作,9,9.0,0.0,0.0,0.0,9.0,0.0,48.7,7.5,7469000.0,,,,85740000.0,0,clean,
S100YED6,E02554,8078,listed,卸売業,阪和興業株式会社,"HANWA CO., LTD.",2026-03-31,2026-06-19,代表取締役社長 中 川 洋 一,14,12.0,2.0,0.143,0.1429,14.0,0.0,37.4,11.3,9976000.0,0.039,0.534,,610000000.0,1,clean,
S100YEDB,E02109,6658,listed,電気機器,シライ電子工業株式会社,"Shirai Electronics Industrial Co.,Ltd.",2026-03-31,2026-06-19,代表取締役社長 五 藤 学,8,7.0,1.0,0.13,0.125,8.0,0.0,46.6,20.5,5373000.0,0.023,0.781,,139000000.0,0,clean,
S100YEDT,E02055,6797,listed,電気機器,名古屋電機工業株式会社,"NAGOYA ELECTRIC WORKS CO.,LTD.",2026-03-31,2026-06-19,代表取締役社長 服部 高明,10,9.0,1.0,0.1,0.1,10.0,0.0,42.1,16.7,6568569.0,0.019,0.632,,210270000.0,0,clean,
S100YEDU,E00060,1820,listed,建設業,西松建設株式会社,"Nishimatsu Construction Co., Ltd.",2026-03-31,2026-06-19,代表取締役社長 細 川 雅 一,9,7.0,2.0,0.222,0.2222,9.0,0.0,43.8,18.9,10618000.0,0.01,0.574,,292000000.0,0,clean,
S100YEDZ,E03792,8700,listed,証券、商品先物取引業,丸八証券株式会社,"Maruhachi Securities Co., Ltd.",2026-03-31,2026-06-19,代表取締役社長 鈴木 卓也,7,7.0,,,,,,44.0,15.0,7489000.0,0.256,,,128530000.0,0,clean,
S100YEE5,E01879,6845,listed,電気機器,アズビル株式会社,Azbil Corporation,2026-03-31,2026-06-19,取締役 代表執行役社長 山本 清博,10,10.0,3.0,0.23,0.3,13.0,3.0,46.0,19.8,9182109.0,0.074,0.699,,712000000.0,2,clean,
S100YEE9,E37456,5078,listed,不動産業,株式会社セレコーポレーション,CEL Corporation,2026-02-28,2026-05-22,代表取締役 社長執行役員 山口 貴載,12,10.0,2.0,0.167,0.1667,12.0,0.0,43.9,8.0,7914000.0,,,,204952000.0,0,clean,
S100YEEA,E00385,2220,listed,食料品,亀田製菓株式会社,"KAMEDA SEIKA CO., LTD.",2026-03-31,2026-06-19,代表取締役社長 髙 木 政 紀,13,11.0,2.0,0.154,0.1538,13.0,0.0,41.0,17.8,5690000.0,0.143,0.698,,344000000.0,0,clean,
S100YEEB,E01740,6504,listed,電気機器,富士電機株式会社,"FUJI ELECTRIC CO.,LTD.",2026-03-31,2026-06-19,代表取締役会長CEO 北澤 通宏,15,13.0,2.0,0.133,0.1333,15.0,0.0,44.9,20.3,8409855.0,0.042,0.714,,1179000000.0,6,clean,
S100YEEF,E05090,4761,listed,情報・通信業,株式会社さくらケーシーエス,SAKURA KCS Corporation,2026-03-31,2026-06-19,取締役社長 加 藤 貴 紀,8,8.0,,,,,,44.8,20.9,7447000.0,0.088,0.729,,126000000.0,0,clean,
S100YEES,E22460,3635,listed,情報・通信業,株式会社コーエーテクモホールディングス,"KOEI TECMO HOLDINGS CO., LTD.",2026-03-31,2026-06-19,代表取締役 社長執行役員CEO 鯉沼 久史,15,10.0,5.0,0.333,0.3333,15.0,0.0,38.8,9.8,9035323.0,0.182,0.581,,950000000.0,3,clean,
S100YEET,E01750,6622,listed,電気機器,株式会社ダイヘン,DAIHEN Corporation,2026-03-31,2026-06-19,代表取締役社長 蓑 毛 正 一 郎,14,13.0,1.0,0.071,0.0714,14.0,0.0,44.0,20.0,9732000.0,0.017,0.661,,494000000.0,0,clean,
S100YEF7,E31574,3137,listed,小売業,株式会社ファンデリー,"Fundely Co., Ltd.",2026-03-31,2026-06-19,代表取締役 阿部 公祐,6,5.0,1.0,0.167,0.1667,6.0,0.0,30.7,6.5,4737000.0,,,,87010000.0,0,clean,
S100YEFI,E04154,9024,listed,陸運業,株式会社西武ホールディングス,SEIBU HOLDINGS INC.,2026-03-31,2026-06-19,代表取締役社長兼CEO兼COO 西山 隆一郎,18,16.0,2.0,0.111,0.1111,18.0,0.0,40.7,15.5,8715652.0,0.098,0.731,,805000000.0,5,clean,
S100YEFQ,E01575,1963,listed,建設業,日揮ホールディングス株式会社,JGC HOLDINGS CORPORATION,2026-03-31,2026-06-19,代表取締役会長兼社長 CEO 佐藤 雅之,13,11.0,2.0,0.15,0.1538,13.0,0.0,44.6,12.8,9749814.0,0.03,0.612,,469000000.0,2,clean,
S100YEFS,E00380,2208,listed,食料品,株式会社ブルボン,BOURBON CORPORATION,2026-03-31,2026-06-19,代表取締役社長 吉田 匡慶,21,19.0,2.0,0.095,0.0952,21.0,0.0,38.3,15.9,5220000.0,0.074,0.723,,256000000.0,0,clean,
S100YEFT,E02129,7014,listed,輸送用機器,株式会社名村造船所,"Namura Shipbuilding Co.,Ltd.",2026-03-31,2026-06-19,代表取締役社長 名 村 建 介,12,11.0,1.0,0.0833,0.0833,12.0,0.0,41.1,17.2,6901000.0,0.055,0.838,,457000000.0,2,clean,
S100YEGC,E01478,6005,listed,機械,三浦工業株式会社,"MIURA CO., LTD.",2026-03-31,2026-06-19,代表取締役 社長執行役員 CEO 米田 剛,9,7.0,2.0,0.222,0.2222,9.0,0.0,40.6,15.2,7339099.0,0.038,0.583,,524000000.0,2,clean,
S100YEGK,E39460,173A,listed,情報・通信業,株式会社ハンモック,Hammock Inc.,2026-03-31,2026-06-19,代表取締役社長 若山 大典,7,6.0,1.0,0.143,0.1429,7.0,0.0,36.5,6.4,5928000.0,0.189,,,96880000.0,0,clean,
S100YEGP,E03051,8174,listed,小売業,日本瓦斯株式会社,"NIPPON GAS CO.,LTD.",2026-03-31,2026-06-19,代表取締役社長執行役員 柏 谷 邦 彦,8,7.0,1.0,0.125,0.125,8.0,0.0,39.8,13.3,7027848.0,0.032,0.601,,250000000.0,1,clean,
S100YEGQ,E02964,2795,listed,卸売業,日本プリメックス株式会社,NIPPON PRIMEX INC.,2026-03-31,2026-06-19,代表取締役会長兼社長 中 川 善 司,9,9.0,,,,,,48.2,17.4,7313000.0,,,,83962000.0,0,clean,
S100YEH1,E39018,5845,listed,その他金融業,全保連株式会社,"ZENHOREN CO.,LTD.",2026-03-31,2026-06-19,代表取締役会長兼社長執行役員 茨木 英彦,10,8.0,2.0,0.2,0.2,10.0,0.0,43.1,10.8,6594000.0,0.109,0.665,,580000000.0,2,clean,
S100YEH7,E02881,7575,listed,卸売業,日本ライフライン株式会社,"Japan Lifeline Co., Ltd.",2026-03-31,2026-06-19,代表取締役社長CEO 鈴木 啓介,13,10.0,3.0,0.231,0.2308,13.0,0.0,42.1,10.2,9558154.0,0.038,0.439,,551000000.0,0,clean,
S100YEHE,E37157,4125,listed,化学,三和油化工業株式会社,SANWAYUKA INDUSTRY CORPORATION,2026-03-31,2026-06-19,代表取締役社長執行役員 柳 均,6,5.0,1.0,0.17,0.1667,6.0,0.0,36.7,9.6,5773000.0,0.045,0.811,,125005000.0,0,clean,
S100YEHI,E25303,2229,listed,食料品,カルビー株式会社,"Calbee, Inc.",2026-03-31,2026-06-19,代表取締役社長兼CEO 江 原 信,11,7.0,4.0,0.36,0.3636,11.0,0.0,42.2,12.6,6856000.0,0.264,0.787,,322000000.0,0,clean,
S100YEHM,E04521,9535,listed,電気・ガス業,広島ガス株式会社,"HIROSHIMA GAS CO.,LTD.",2026-03-31,2026-06-19,代表取締役社長 中 川 智 彦,14,12.0,2.0,0.143,0.1429,14.0,0.0,44.3,18.9,6019000.0,0.077,0.737,,360000000.0,0,clean,
S100YEHW,E04496,3834,listed,情報・通信業,株式会社朝日ネット,"Asahi Net, Inc.",2026-03-31,2026-06-19,代表取締役 社長執行役員 小松 大,8,6.0,2.0,0.25,0.25,8.0,0.0,40.4,9.8,5128000.0,0.05,0.658,,223000000.0,0,clean,
S100YEHZ,E38714,5844,listed,銀行業,株式会社京都フィナンシャルグループ,"Kyoto Financial Group, Inc.",2026-03-31,2026-06-19,代表取締役社長 土 井 伸 宏,11,6.0,5.0,0.45,0.4545,11.0,0.0,42.9,16.7,8415000.0,,,,393000000.0,0,clean,
S100YEI1,E31594,6167,listed,機械,冨士ダイス株式会社,"Fuji Die Co.,Ltd.",2026-03-31,2026-06-19,代表取締役社長 春田 善和,13,12.0,1.0,0.077,0.0769,13.0,0.0,44.8,21.9,5705659.0,0.059,0.703,,249000000.0,0,clean,
S100YEI3,E03040,8252,listed,小売業,株式会社丸井グループ,"MARUI GROUP CO.,LTD.",2026-03-31,2026-06-19,代表取締役社長 青 井 浩,10,7.0,3.0,0.3,0.3,10.0,0.0,39.6,15.5,6888700.0,0.233,0.807,,316000000.0,1,clean,
S100YEIS,E01056,4368,listed,化学,扶桑化学工業株式会社,"FUSO CHEMICAL CO.,LTD.",2026-03-31,2026-06-19,代表取締役社長 杉田 真一,11,9.0,2.0,0.182,0.1818,11.0,0.0,41.6,12.0,7577639.0,0.017,0.779,,430527000.0,0,clean,
S100YEJ2,E05657,2136,listed,サービス業,株式会社ヒップ,HIP CORPORATION,2026-03-31,2026-06-19,代表取締役社長 田中 伸明,9,8.0,1.0,0.111,0.1111,9.0,0.0,38.4,11.2,5118000.0,,0.831,,38027000.0,0,clean,
S100YEL0,E00858,7942,listed,化学,株式会社ジェイエスピー(商号 株式会社JSP),JSP Corporation,2026-03-31,2026-06-19,代表取締役社長 大久保 知彦,16,14.0,2.0,0.125,0.125,16.0,0.0,41.2,14.8,7692000.0,0.056,0.728,,341000000.0,0,clean,
S100YEL3,E01602,6473,listed,機械,株式会社ジェイテクト,JTEKT Corporation,2026-03-31,2026-06-19,取締役社長 近 藤 禎 人,10,8.0,2.0,0.2,0.2,10.0,0.0,41.4,17.2,7732683.0,0.026,0.767,,389000000.0,0,clean,
S100YEL6,E25263,3648,listed,情報・通信業,AGS株式会社,AGS Corporation,2026-03-31,2026-06-19,代表取締役社長 中野 真治,12,9.0,3.0,0.25,0.25,12.0,0.0,43.3,19.4,6887000.0,0.112,0.649,,159795000.0,0,clean,
S100YELN,E03568,8361,listed,銀行業,株式会社大垣共立銀行,"The Ogaki Kyoritsu Bank, Ltd.",2026-03-31,2026-06-19,取締役頭取 林 敬治,12,11.0,1.0,0.083,0.0833,12.0,0.0,39.2,16.6,6811000.0,0.068,0.536,,352000000.0,0,clean,
S100YEMH,E05120,4783,listed,情報・通信業,NCD株式会社,"NCD Co., Ltd.",2026-03-31,2026-06-19,代表取締役社長 下 條 治,10,9.0,1.0,0.1,0.1,10.0,0.0,37.9,10.6,6477000.0,0.132,0.97,,196621000.0,0,clean,
S100YEMK,E00265,,unlisted,建設業,東光電気工事株式会社,"TOKO ELECTRICAL CONSTRUCTION CO., LTD.",2026-03-31,2026-06-19,代表取締役社長 山本 隆洋,0,,,,,,,,,,,,,,0,no_tagged_board,officers table is TextBlock only
S100YENI,E04837,9715,listed,サービス業,トランス・コスモス株式会社,transcosmos inc.,2026-03-31,2026-06-19,代表取締役共同社長 牟田 正明代表取締役共同社長 神谷 健志,18,16.0,2.0,0.111,0.1111,18.0,0.0,37.0,9.0,4993509.0,0.272,0.673,,547000000.0,0,clean,
S100YENS,E03663,8541,listed,銀行業,株式会社愛媛銀行,"The Ehime Bank, Ltd.",2026-03-31,2026-06-19,頭取 西 川 義 教,14,12.0,2.0,0.143,0.1429,14.0,0.0,38.8,15.8,6556000.0,0.145,0.53,,305000000.0,0,clean,
S100YEO5,E04290,9324,listed,倉庫・運輸関連,安田倉庫株式会社,Yasuda Logistics Corporation,2026-03-31,2026-06-19,代表取締役社長 小川 一成,12,12.0,0.0,0.0,0.0,12.0,0.0,39.5,12.8,7715711.0,0.151,0.701,,327000000.0,0,clean,
S100YEO8,E01161,1871,listed,建設業,ピーエス・コンストラクション株式会社,"PS Construction Co., Ltd.",2026-03-31,2026-06-19,代表取締役 社長執行役員 櫻林 美津雄,14,13.0,1.0,0.071,0.0714,14.0,0.0,44.0,19.0,9816216.0,0.009,0.563,,269000000.0,0,clean,
S100YEOH,E00720,7875,listed,その他製品,竹田iPホールディングス株式会社,"TAKEDA iP HOLDINGS CO., LTD.",2026-03-31,2026-06-19,代表取締役社長 COO 細野 浩之,7,5.0,2.0,0.286,0.2857,7.0,0.0,43.1,15.4,5419000.0,0.111,0.837,,134000000.0,0,clean,
S100YEOP,E02289,7729,listed,精密機器,株式会社東京精密,"TOKYO SEIMITSU CO., LTD.",2026-03-31,2026-06-19,代表取締役社長CEO 木 村 龍 一,10,7.0,3.0,0.3,0.3,10.0,0.0,38.5,9.5,8276412.0,0.029,0.606,,546000000.0,2,clean,
S100YEOU,E05417,2411,listed,情報・通信業,ゲンダイエージェンシー株式会社,GENDAI AGENCY INC.,2026-03-31,2026-06-19,代表取締役 社長最高経営責任者 大島 克俊,10,10.0,,,,,,40.63,12.0,5741000.0,0.069,0.663,,88000000.0,0,clean,
S100YEOV,E32447,7189,listed,銀行業,株式会社西日本フィナンシャルホールディングス,"Nishi-Nippon Financial Holdings, Inc.",2026-03-31,2026-06-19,代表取締役社長 村 上 英 之,9,7.0,2.0,0.222,0.2222,9.0,0.0,46.6,21.5,9742000.0,,,,363000000.0,0,clean,
S100YEPQ,E05659,3835,listed,情報・通信業,eBASE株式会社,"eBASE Co.,Ltd.",2026-03-31,2026-06-19,代表取締役社長 岩田 貴夫,9,8.0,1.0,0.111,0.1111,9.0,0.0,40.1,10.0,5732000.0,0.0357,0.966,,172433000.0,0,clean,
S100YEPV,E00176,1898,listed,建設業,世紀東急工業株式会社,"SEIKITOKYU KOGYO CO., LTD.",2026-03-31,2026-06-19,取締役社長 平 喜 一,11,9.0,2.0,0.182,0.1818,11.0,0.0,40.7,14.6,8193176.0,0.021,0.576,,214000000.0,0,clean,
S100YEPX,E03943,8848,listed,不動産業,株式会社レオパレス21,LEOPALACE21 CORPORATION,2026-03-31,2026-06-19,代表取締役社長 宮尾 文也,14,13.0,1.0,0.071,0.0714,14.0,0.0,41.0,13.0,6501618.0,0.059,0.575,,528000000.0,0,clean,
S100YEQ9,E23187,8713,listed,銀行業,フィデアホールディングス株式会社,FIDEA Holdings Co. Ltd.,2026-03-31,2026-06-19,代表執行役社長 新 野 正 博,13,19.0,4.0,0.173,0.3077,23.0,10.0,46.25,22.25,6886000.0,0.194,0.792,,298000000.0,0,clean,
S100YEQC,E02458,4816,listed,情報・通信業,東映アニメーション株式会社,"TOEI ANIMATION CO.,LTD.",2026-03-31,2026-06-19,代表取締役社長 高木 勝裕,17,17.0,0.0,0.0,0.0,17.0,0.0,39.0,9.0,8550112.0,0.245,0.849,,433000000.0,0,clean,
S100YEQG,E03617,,unlisted,銀行業,株式会社三井住友銀行,Sumitomo Mitsui Banking Corporation,2026-03-31,2026-06-19,頭取 福 留 朗 裕,0,,,,,,,,,,,,,,0,no_tagged_board,officers table is TextBlock only
S100YEQK,E01496,6135,listed,機械,株式会社牧野フライス製作所,"Makino Milling Machine Co., Ltd.",2026-03-31,2026-06-19,取締役社長 宮 崎 正 太 郎,13,11.0,2.0,0.15,0.1538,13.0,0.0,43.6,19.0,7431567.0,0.033,0.753,,292000000.0,1,clean,
S100YER0,E05685,,unlisted,サービス業,株式会社タケエイ,TAKEEI CORPORATION,2026-03-31,2026-06-19,代表取締役社長 阿 部 光 男,13,12.0,1.0,0.077,0.0769,13.0,0.0,45.3,11.2,6292000.0,0.089,0.669,,,0,clean,
S100YER6,E02231,7266,listed,輸送用機器,株式会社今仙電機製作所,"Imasen Electric Industrial Co., Ltd.",2026-03-31,2026-06-19,代表取締役社長執行役員 長谷川 健一,12,11.0,1.0,0.0833,0.0833,12.0,0.0,45.4,22.0,6263000.0,0.027,0.699,,245000000.0,0,clean,
S100YERG,E30047,3679,listed,情報・通信業,株式会社じげん,"ZIGExN Co., Ltd.",2026-03-31,2026-06-19,代表取締役 社長執行役員 CEO 平尾 丈,8,6.0,2.0,0.25,0.25,8.0,0.0,33.2,4.0,5540000.0,0.153,0.633,,81000000.0,0,clean,
S100YERK,E03614,8316,listed,銀行業,株式会社三井住友フィナンシャルグループ,"Sumitomo Mitsui Financial Group, Inc.",2026-03-31,2026-06-19,執行役社長 中 島 達,13,20.0,4.0,0.167,0.3077,24.0,11.0,39.0,14.0,11803000.0,,,,1535000000.0,15,clean,
S100YERT,E01708,6315,listed,機械,TOWA株式会社,TOWA CORPORATION,2026-03-31,2026-06-19,取締役社長執行役員 三浦 宗男,10,8.0,2.0,0.2,0.2,10.0,0.0,39.2,10.8,7386835.0,0.044,0.758,,316618000.0,0,clean,
S100YERU,E00041,1662,listed,鉱業,石油資源開発株式会社,"Japan Petroleum Exploration Co., Ltd.",2026-03-31,2026-06-19,代表取締役社長 山下 通郎,15,13.0,2.0,0.133,0.1333,15.0,0.0,39.81,14.08,10606937.0,0.081,0.696,,478000000.0,0,clean,
S100YESP,E05426,8425,listed,その他金融業,みずほリース株式会社,"Mizuho Leasing Company, Limited",2026-03-31,2026-06-19,代表取締役社長 中村 昭,16,14.0,2.0,0.125,0.125,16.0,0.0,44.6,14.0,9718677.0,0.156,0.59,,847000000.0,0,clean,
S100YET5,E30908,9467,listed,情報・通信業,株式会社アルファポリス,"AlphaPolis Co.,Ltd.",2026-03-31,2026-06-19,代表取締役社長 梶本 雄介,7,7.0,,,,,,34.8,5.6,6709000.0,0.467,,,69051000.0,0,clean,
S100YETA,E01772,6752,listed,電気機器,パナソニック ホールディングス株式会社,Panasonic Holdings Corporation,2026-03-31,2026-06-19,代表取締役 社長執行役員 楠 見 雄 規,18,13.0,5.0,0.278,0.2778,18.0,0.0,44.1,18.6,9880585.0,0.142,0.844,,882000000.0,1,clean,
S100YEU4,E03784,8706,listed,証券、商品先物取引業,極東証券株式会社,"KYOKUTO SECURITIES CO., LTD.",2026-03-31,2026-06-19,代表取締役社長 菊池 一広,10,9.0,1.0,0.1,0.1,10.0,0.0,44.3,17.1,8378789.0,0.236,,,382000000.0,2,clean,
S100YEUT,E03544,8349,listed,銀行業,株式会社 東北銀行,"THE TOHOKU BANK,LTD.",2026-03-31,2026-06-19,取締役頭取 佐藤 健志,11,9.0,2.0,0.1818,0.1818,11.0,0.0,41.0,16.1,5572000.0,0.249,0.605,,167000000.0,0,clean,
S100YEV1,E02069,6737,listed,電気機器,EIZO株式会社,EIZO Corporation,2026-03-31,2026-06-19,代表取締役社長 COO 恵比寿 正樹,8,7.0,1.0,0.125,0.125,8.0,0.0,41.7,17.7,5740000.0,0.07,0.551,,147000000.0,0,clean,
S100YEV4,E02522,8075,listed,卸売業,神鋼商事株式会社,Shinsho Corporation,2026-03-31,2026-06-19,代表取締役社長 髙下 拡展,9,7.0,2.0,0.22,0.2222,9.0,0.0,39.3,14.3,9739000.0,0.046,0.633,,293000000.0,0,clean,
S100YEVF,E02947,2733,listed,卸売業,株式会社あらた,ARATA CORPORATION,2026-03-31,2026-06-19,代表取締役 社長執行役員 東風谷 誠一,11,8.0,3.0,0.273,0.2727,11.0,0.0,42.7,18.5,6188970.0,0.054,0.429,,282000000.0,0,clean,
S100YEVM,E32198,9466,listed,情報・通信業,株式会社アイドママーケティングコミュニケーション,Aidma Marketing Communication Corporation,2026-03-31,2026-06-19,代表取締役 蛯谷 貴,7,7.0,,,,,,37.3,9.8,4144000.0,0.364,,,101150000.0,0,clean,
S100YEW9,E00433,2612,listed,食料品,かどや製油株式会社,KADOYA SESAME MILLS INCORPORATED,2026-03-31,2026-06-19,代表取締役社長 北川 淳一,12,11.0,1.0,0.083,0.0833,12.0,0.0,42.4,15.5,7655372.0,0.119,0.754,,424000000.0,0,clean,
S100YEWF,E34486,1450,listed,建設業,TANAKEN株式会社,TANAKEN Inc.,2026-03-31,2026-06-19,代表取締役社長執行役員 中尾 安志,8,8.0,,,,,,44.6,7.0,7215000.0,,,,123388000.0,0,clean,
S100YEXP,E00652,7919,listed,その他製品,野崎印刷紙業株式会社,"Nozaki Insatsu Shigyo Co., Ltd.",2026-03-31,2026-06-19,代表取締役社長 野 﨑 隆 男,12,12.0,,,,,,47.5,21.2,5239000.0,0.059,0.672,,110261000.0,0,clean,
S100YEXW,E00714,3951,listed,パルプ・紙,朝日印刷株式会社,"ASAHI PRINTING CO.,LTD.",2026-03-31,2026-06-19,代表取締役社長 朝日 重紀,15,14.0,1.0,0.067,0.0667,15.0,0.0,37.4,14.3,5031000.0,0.04,0.661,,310000000.0,1,clean,
S100YEY0,E00984,4568,listed,医薬品,第一三共株式会社,"DAIICHI SANKYO COMPANY, LIMITED",2026-03-31,2026-06-19,代表取締役社長 奥澤 宏幸,15,10.0,5.0,0.333,0.3333,15.0,0.0,45.0,19.9,10976771.0,0.153,0.782,,1088000000.0,4,clean,
S100YEY5,E03316,7606,listed,小売業,株式会社ユナイテッドアローズ,UNITED ARROWS LTD.,2026-03-31,2026-06-19,代表取締役社長執行役員 CEO 松 崎 善 則,6,5.0,1.0,0.167,0.1667,6.0,0.0,35.7,10.2,5020000.0,0.279,0.736,,248000000.0,0,clean,
S100YEYD,E04291,9305,listed,卸売業,株式会社ヤマタネ,Yamatane Corporation,2026-03-31,2026-06-19,代表取締役社長執行役員 河 原 田 岩 夫,12,10.0,2.0,0.167,0.1667,12.0,0.0,41.0,12.0,7109000.0,0.132,0.732,,209000000.0,0,clean,
S100YEYJ,E00716,7893,listed,その他製品,株式会社プロネクサス,PRONEXUS INC.,2026-03-31,2026-06-19,代表取締役社長 上野 剛史,12,10.0,2.0,0.167,0.1667,12.0,0.0,43.5,12.7,7439383.0,0.065,0.728,,199405000.0,0,clean,
S100YEZ8,E33034,6544,listed,サービス業,ジャパンエレベーターサービスホールディングス株式会社,"JAPAN ELEVATOR SERVICE HOLDINGS CO.,LTD.",2026-03-31,2026-06-19,代表取締役会長兼社長CEO 石田 克史,8,5.0,3.0,0.375,0.375,8.0,0.0,42.2,8.1,7090000.0,0.057,0.678,,189000000.0,0,clean,
S100YEZW,E02693,8275,listed,卸売業,株式会社フォーバル,FORVAL CORPORATION,2026-03-31,2026-06-19,代表取締役社長 中島 將典,7,7.0,,,,,,38.3,11.4,6177892.0,0.129,0.665,,312398000.0,0,clean,
S100YF0N,E04890,9639,listed,サービス業,三協フロンテア株式会社,"SANKYO FRONTIER CO.,LTD.",2026-03-31,2026-06-19,代表取締役社長 長妻 貴嗣,11,10.0,1.0,0.091,0.0909,11.0,0.0,45.5,9.4,5590000.0,0.018,0.56,,191000000.0,0,clean,
S100YF0X,E30865,4591,listed,医薬品,株式会社リボミック,RIBOMIC Inc.,2026-03-31,2026-06-19,代表取締役社長 中村 義一,9,9.0,,,,,,41.6,6.5,7087000.0,,,,126600000.0,0,clean,
S100YF23,E05018,7595,listed,情報・通信業,株式会社アルゴグラフィックス,ARGO GRAPHICS Inc.,2026-03-31,2026-06-19,代表取締役 会長執行役員(CEO) 藤澤 義麿,10,8.0,2.0,0.2,0.2,10.0,0.0,42.3,13.0,8064000.0,0.0526,0.744,,297583000.0,0,clean,
S100YF2P,E00545,3121,listed,サービス業,マーチャント・バンカーズ株式会社,"MBK Co.,Ltd.",2025-10-31,2026-01-28,代表取締役社長兼CEO 髙﨑 正年,9,8.0,1.0,0.111,0.1111,9.0,0.0,52.0,12.2,7053000.0,,,,27140000.0,0,clean,
S100YF2U,E00225,1965,listed,建設業,株式会社テクノ菱和,TECHNO RYOWA LTD.,2026-03-31,2026-06-19,代表取締役社長執行役員 加 藤 雅 也,10,9.0,1.0,0.1,0.1,10.0,0.0,44.0,15.0,10919000.0,0.052,0.557,,302000000.0,0,clean,
S100YF3C,E03362,,unlisted,小売業,オーケー株式会社,OK Corporation,2026-03-20,2026-06-19,代表取締役社長 二宮 涼太郎,0,,,,,,,,,,,,,,0,no_tagged_board,officers table is TextBlock only
S100YF3L,E03294,7561,listed,小売業,株式会社ハークスレイ,HURXLEY CORPORATION,2026-03-31,2026-06-19,代表取締役会長兼社長 青木 達也,9,8.0,1.0,0.111,0.1111,9.0,0.0,50.0,6.8,7241000.0,,0.636,,79000000.0,0,clean,
S100YF3N,E04946,8566,listed,その他金融業,リコーリース株式会社,"RICOH LEASING COMPANY,LTD.",2026-03-31,2026-06-19,代表取締役 社長執行役員 中村 徳晴,13,9.0,4.0,0.308,0.3077,13.0,0.0,41.5,13.5,8082000.0,0.259,0.64,,283000000.0,0,clean,
S100YF3V,E04539,9708,listed,サービス業,株式会社帝国ホテル,"IMPERIAL HOTEL, LTD.",2026-03-31,2026-06-19,代表取締役 社長執行役員 風 間 淳,19,17.0,2.0,0.105,0.1053,19.0,0.0,38.1,13.6,5822000.0,0.205,0.687,,388000000.0,0,clean,
S100YF3Y,E00086,1893,listed,建設業,五洋建設株式会社,"PENTA-OCEAN CONSTRUCTION CO.,LTD.",2026-03-31,2026-06-19,代表取締役社長 清 水 琢 三,14,11.0,3.0,0.214,0.2143,14.0,0.0,41.3,16.7,9358808.0,0.023,0.601,,454000000.0,0,clean,
S100YF41,E01953,6963,listed,電気機器,ローム株式会社,ROHM COMPANY LIMITED,2026-03-31,2026-06-19,代表取締役社長 社長執行役員 東 克己,10,8.0,2.0,0.2,0.2,10.0,0.0,42.4,14.0,8035000.0,0.015,0.67,,431000000.0,1,clean,
S100YF47,E01182,6971,listed,電気機器,京セラ株式会社,KYOCERA CORPORATION,2026-03-31,2026-06-19,代表取締役社長 執行役員社長 最高経営責任者 作 島 史 朗,15,12.0,3.0,0.2,0.2,15.0,0.0,40.1,16.0,7397108.0,0.063,0.559,,534000000.0,2,clean,
S100YF48,E02563,8103,listed,卸売業,明和産業株式会社,MEIWA CORPORATION,2026-03-31,2026-06-19,代表取締役社長 吉田 毅,8,7.0,1.0,0.12,0.125,8.0,0.0,42.5,16.0,9355000.0,,,,141000000.0,0,clean,
S100YF4M,E04304,9319,listed,倉庫・運輸関連,株式会社中央倉庫,"Chuo Warehouse Co.,Ltd.",2026-03-31,2026-06-19,代表取締役 社長執行役員 谷奥 秀実,10,9.0,1.0,0.1,0.1,10.0,0.0,41.4,15.9,5706726.0,0.04,0.565,,149998000.0,0,clean,
S100YF57,E00923,4507,listed,医薬品,塩野義製薬株式会社,"Shionogi &amp; Co., Ltd.",2026-03-31,2026-06-19,代表取締役会長兼社長 CEO 手代木 功,11,8.0,3.0,0.273,0.2727,11.0,0.0,42.4,15.6,10300842.0,0.171,0.806,,1131000000.0,2,clean,
S100YF5I,E35136,4691,listed,サービス業,ワシントンホテル株式会社,WASHINGTON HOTEL CORPORATION,2026-03-31,2026-06-19,代表取締役社長 長谷川 太,8,7.0,1.0,0.125,0.125,8.0,0.0,38.4,9.1,4902000.0,0.4,0.769,,105017000.0,0,clean,
S100YF5Z,E05232,4318,listed,サービス業,株式会社クイック,"QUICK CO.,LTD.",2026-03-31,2026-06-19,代表取締役社長 川口 一郎,13,11.0,2.0,0.154,0.1538,13.0,0.0,30.3,6.5,6475585.0,0.286,0.666,,314833000.0,0,clean,
S100YF6A,E05438,8424,listed,その他金融業,芙蓉総合リース株式会社,"Fuyo General Lease Co., Ltd.",2026-03-31,2026-06-19,代表取締役社長 織田 寛明,13,12.0,1.0,0.077,0.0769,13.0,0.0,40.9,13.8,9788000.0,0.33,0.713,,402000000.0,0,clean,
S100YF6F,E31079,6033,listed,サービス業,株式会社エクストリーム,"EXTREME CO.,LTD.",2026-03-31,2026-06-19,代表取締役社長CEO 佐藤 昌平,8,7.0,1.0,0.125,0.125,8.0,0.0,36.3,4.1,5182000.0,0.161,0.855,,95838000.0,0,clean,
S100YF73,E01828,6807,listed,電気機器,日本航空電子工業株式会社,"Japan Aviation Electronics Industry, Limited",2026-03-31,2026-06-19,社 長 村 木 正 行,14,12.0,2.0,0.143,0.1429,14.0,0.0,41.3,16.3,7270000.0,0.042,0.752,,330000000.0,0,clean,
S100YF7Q,E05135,4792,listed,サービス業,山田コンサルティンググループ株式会社,"YAMADA Consulting Group Co.,Ltd.",2026-03-31,2026-06-19,代表取締役社長 増田 慶作,9,7.0,2.0,0.222,0.2222,9.0,0.0,38.1,7.2,9750086.0,0.191,0.509,,286171000.0,0,clean,
S100YF7X,E05697,2175,listed,サービス業,株式会社エス・エム・エス,"SMS CO., LTD.",2026-03-31,2026-06-19,代表取締役社長 髙畑 正樹,6,4.0,2.0,0.333,0.3333,6.0,0.0,32.8,4.3,5179000.0,0.196,0.74,,208000000.0,0,clean,
S100YF7Y,E03380,2705,listed,小売業,株式会社大戸屋ホールディングス,"OOTOYA Holdings Co., Ltd.",2026-03-31,2026-06-19,代表取締役社長 蔵人 賢樹,9,7.0,2.0,0.222,0.2222,9.0,0.0,47.3,11.9,6912000.0,0.178,0.82,,160000000.0,0,clean,
S100YF85,E03673,8559,listed,銀行業,株式会社豊和銀行,"THE HOWA BANK, LTD.",2026-03-31,2026-06-19,取締役頭取 権藤 淳,12,11.0,1.0,0.083,0.0833,12.0,0.0,37.3,14.4,5227000.0,0.104,0.566,,117000000.0,0,clean,
S100YF86,E00695,7914,listed,その他製品,共同印刷株式会社,"Kyodo Printing Co., Ltd.",2026-03-31,2026-06-19,代表取締役社長 大橋 輝臣,11,8.0,3.0,0.273,0.2727,11.0,0.0,45.6,16.3,6711000.0,0.105,0.679,,358000000.0,0,clean,
S100YF8C,E05485,3371,listed,情報・通信業,株式会社ソフトクリエイトホールディングス,SOFTCREATE HOLDINGS CORP.,2026-03-31,2026-06-19,代表取締役会長 林 勝,10,9.0,1.0,0.1,0.1,10.0,0.0,35.6,7.0,6894000.0,,,,248381000.0,0,clean,
S100YF8Y,E03615,8411,listed,銀行業,株式会社みずほフィナンシャルグループ,"Mizuho Financial Group, Inc.",2026-03-31,2026-06-19,執行役社長 木原 正裕,14,22.0,6.0,0.214,0.4286,28.0,14.0,42.5,16.9,11665000.0,,0.622,,,4,clean,
S100YF90,E35542,6613,listed,電気機器,株式会社QDレーザ,"QD Laser, Inc.",2026-03-31,2026-06-19,代表取締役社長 大久保 潔,6,5.0,1.0,0.167,0.1667,6.0,0.0,51.08,7.72,8307267.0,,,,59281000.0,0,clean,
S100YF98,E02616,8046,listed,卸売業,丸藤シートパイル株式会社,"MARUFUJI SHEET PILING CO.,LTD.",2026-03-31,2026-06-19,代表取締役社長 羽 生 成 夫,9,9.0,,,,,,45.1,18.1,7418000.0,0.033,0.692,,165000000.0,0,clean,
S100YF9W,E01554,6381,listed,機械,アネスト岩田株式会社,ANEST IWATA Corporation,2026-03-31,2026-06-19,代表取締役 社長執行役員 CEO 三好栄祐,9,7.0,2.0,0.222,0.2222,9.0,0.0,42.6,15.2,5949000.0,0.061,0.749,,275000000.0,0,clean,
S100YFAH,E03532,,unlisted,銀行業,株式会社みずほ銀行,"Mizuho Bank, Ltd.",2026-03-31,2026-06-19,取締役頭取 加藤 勝彦,0,,,,,,,,,,,,,,0,no_tagged_board,officers table is TextBlock only
S100YFCA,E05438,8424,listed,その他金融業,芙蓉総合リース株式会社,"Fuyo General Lease Co., Ltd.",2025-03-31,2025-06-23,代表取締役社長 織田 寛明,12,11.0,1.0,0.083,0.0833,12.0,0.0,41.2,13.9,9365000.0,0.334,0.677,,444000000.0,0,clean,
S100YFDJ,E00952,4526,listed,食料品,理研ビタミン株式会社,"RIKEN VITAMIN CO.,LTD.",2026-03-31,2026-06-19,代表取締役社長 望月 敦,12,10.0,2.0,0.167,0.1667,12.0,0.0,39.5,15.5,8412000.0,0.071,0.731,,300000000.0,0,clean,
S100YFDZ,E00316,1720,listed,建設業,東急建設株式会社,"TOKYU CONSTRUCTION CO., LTD.",2026-03-31,2026-06-19,代表取締役社長 寺 田 光 宏,14,13.0,1.0,0.071,0.0714,14.0,0.0,43.5,18.0,10277668.0,0.016,0.656,,269000000.0,0,clean,
S100YFE8,E02535,8065,listed,卸売業,佐藤商事株式会社,SATO SHO-JI CORPORATION,2026-03-31,2026-06-19,代表取締役社長執行役員 野澤 哲夫,9,8.0,1.0,0.11,0.1111,9.0,0.0,43.8,14.3,8773000.0,0.023,0.589,,341000000.0,0,clean,
S100YFF9,E01798,6848,listed,電気機器,東亜ディーケーケー株式会社,DKK-TOA CORPORATION,2026-03-31,2026-06-19,代表取締役社長 髙 島 一 幸,16,16.0,,,,,,40.7,14.0,6231082.0,0.203,0.821,,189000000.0,0,clean,
S100YFFH,E36730,7350,listed,銀行業,株式会社おきなわフィナンシャルグループ,"Okinawa Financial Group, Inc.",2026-03-31,2026-06-19,代表取締役社長 山 城 正 保,7,4.0,3.0,0.42,0.4286,7.0,0.0,44.9,18.8,7510000.0,,,,73000000.0,0,clean,
S100YFGN,E02752,9913,listed,卸売業,日邦産業株式会社,NIPPO LTD.,2026-03-31,2026-06-19,代表取締役社長 岩佐 恭知,11,9.0,2.0,0.182,0.1818,11.0,0.0,38.1,11.3,5702857.0,0.042,0.614,,229000000.0,0,clean,
S100YFH9,E36956,4890,listed,サービス業,株式会社坪田ラボ,Tsubota Laboratory Incorporated,2026-03-31,2026-06-19,代表取締役社長 坪田 一男,7,6.0,1.0,0.143,0.1429,7.0,0.0,48.0,2.1,8178000.0,,,,109374000.0,0,clean,
S100YFHS,E36751,9247,listed,サービス業,TREホールディングス株式会社,TRE HOLDINGS CORPORATION,2026-03-31,2026-06-19,代表取締役社長 阿部光男,7,4.0,3.0,0.429,0.4286,7.0,0.0,48.3,10.8,8894000.0,,,,188000000.0,1,clean,
S100YFHT,E03434,3326,listed,小売業,株式会社ランシステム,"RUNSYSTEM CO.,LTD.",2026-03-31,2026-06-19,代表取締役社長 日高 大輔,10,9.0,1.0,0.1,0.1,10.0,0.0,46.1,14.9,5573700.0,0.029,0.58,,74160000.0,0,clean,
S100YFJF,E30140,6089,listed,サービス業,株式会社ウィルグループ,"WILL GROUP, INC.",2026-03-31,2026-06-19,代表取締役社長 角 裕一,8,5.0,3.0,0.375,0.375,8.0,0.0,40.2,8.8,6859000.0,0.125,0.651,,151000000.0,0,clean,
S100YFJQ,E04218,9039,listed,陸運業,株式会社サカイ引越センター,"Sakai Moving Service Co.,Ltd.",2026-03-31,2026-06-19,代表取締役社長 田島 哲康,9,7.0,2.0,0.222,0.2222,9.0,0.0,34.5,8.4,4950000.0,0.031,0.833,,148000000.0,0,clean,
S100YFK2,E01218,5381,listed,ガラス・土石製品,マイポックス株式会社(旧会社名 Mipox株式会社)(注)2025年6月24日開催の第95期定時株主総会の決議に基づき、2025年10月1日から会社名を上記のとおり変更しております。,Mipox Corporation,2026-03-31,2026-06-19,代表取締役社長 渡 邉 淳,8,7.0,1.0,0.125,0.125,8.0,0.0,40.9,9.9,5662000.0,0.037,0.619,,143427000.0,0,clean,
S100YFK9,E25169,6249,listed,機械,株式会社ゲームカードホールディングス(旧会社名 株式会社ゲームカード・ジョイコホールディングス),"Gamecard Holdings,Inc.(旧英訳名 Gamecard-Joyco Holdings,Inc.)(注)2025年6月19日開催の定時株主総会の決議により、2025年10月1日か ら会社名及び英訳名を上記の通り変更いたしました。",2026-03-31,2026-06-19,代表取締役社長 鈴木 聡,8,8.0,0.0,0.0,0.0,8.0,0.0,53.0,13.0,7574000.0,0.5,0.72,,131000000.0,0,clean,
S100YFL2,E40213,287A,listed,その他製品,黒田グループ株式会社,"Kuroda Group Co., Ltd.",2026-03-31,2026-06-19,代表取締役 社長執行役員 細川 浩一,5,5.0,,,,,,44.7,7.7,8040531.0,0.105,0.745,,164000000.0,0,clean,
S100YFLS,E02805,7442,listed,卸売業,中山福株式会社,"NAKAYAMAFUKU CO.,LTD.",2022-03-31,2022-06-28,代表取締役社長兼管理本部長 橋本 謹也,10,8.0,2.0,0.2,0.2,10.0,0.0,40.0,14.0,5418829.0,,,,180584000.0,0,clean,
S100YFMO,E33625,7198,listed,その他金融業,SBIアルヒ株式会社,SBI ARUHI Corporation,2026-03-31,2026-06-19,代表取締役社長CEO兼COO 伊久間 努,6,4.0,2.0,0.333,0.3333,6.0,0.0,42.9,6.4,5559019.0,0.302,0.698,,176000000.0,0,clean,
S100YFNB,E03624,8354,listed,銀行業,株式会社ふくおかフィナンシャルグループ,"Fukuoka Financial Group, Inc.",2026-03-31,2026-06-19,取締役社長 五 島 久,11,9.0,2.0,0.18,0.1818,11.0,0.0,38.7,10.8,7789000.0,,,,541000000.0,0,clean,
S100YFNM,E02805,7442,listed,卸売業,中山福株式会社,"NAKAYAMAFUKU CO.,LTD.",2023-03-31,2023-06-30,代表取締役社長 橋本 謹也,10,8.0,2.0,0.2,0.2,10.0,0.0,40.0,15.0,5240820.0,,,,174826000.0,0,clean,
S100YFNT,E02805,7442,listed,卸売業,中山福株式会社,"NAKAYAMAFUKU CO.,LTD.",2024-03-31,2024-06-25,代表取締役社長 橋本 謹也,10,8.0,2.0,0.2,0.2,10.0,0.0,40.0,15.0,5567829.0,0.103,0.39,,142648000.0,0,clean,
S100YFNX,E02805,7442,listed,卸売業,中山福株式会社,"NAKAYAMAFUKU CO.,LTD.",2025-03-31,2025-06-20,代表取締役社長 橋本 謹也,10,8.0,2.0,0.2,0.2,10.0,0.0,41.0,14.0,5247680.0,0.144,0.426,,144746000.0,0,clean,
S100YFRE,E03160,9878,listed,小売業,株式会社 セキド,"SEKIDO CO.,LTD.",2026-03-20,2026-06-19,代表取締役社長 関戸正実,6,6.0,,,,,,39.4,13.5,3991000.0,,,,61823000.0,0,clean,
S100YFRP,E02805,7442,listed,卸売業,中山福株式会社,"NAKAYAMAFUKU CO.,LTD.",2026-03-31,2026-06-19,代表取締役社長 橋本 謹也,12,10.0,2.0,0.167,0.1667,12.0,0.0,40.0,14.0,5555050.0,0.186,0.424,,174013000.0,0,clean,
S100Y1I3,E01669,6458,listed,機械,新晃工業株式会社,SINKO INDUSTRIES LTD.,2026-03-31,2026-06-22,代表取締役社長 末 永 聡,13,10.0,3.0,0.231,0.2308,13.0,0.0,41.0,15.0,6781000.0,0.013,0.614,,254000000.0,0,clean,
S100Y4PM,E01139,5331,listed,ガラス・土石製品,ノリタケ株式会社,"NORITAKE CO., LIMITED",2026-03-31,2026-06-22,代表取締役社長 東 山 明,10,6.0,4.0,0.4,0.4,10.0,0.0,44.8,21.3,6971000.0,0.071,0.738,,332000000.0,0,clean,
S100Y8FK,E04094,9001,listed,陸運業,東武鉄道株式会社,"TOBU RAILWAY CO.,LTD.",2026-03-31,2026-06-22,取締役社長 都 筑 豊,14,13.0,1.0,0.071,0.0714,14.0,0.0,47.7,26.5,7446807.0,0.028,0.843,,365000000.0,0,clean,
S100Y8QF,E02258,7305,listed,鉄鋼,新家工業株式会社,"ARAYA INDUSTRIAL CO., LTD.",2026-03-31,2026-06-22,代表取締役社長 市 川 圭 司,11,10.0,1.0,0.09,0.0909,11.0,0.0,39.0,16.0,5813000.0,0.021,0.866,,186000000.0,0,clean,
S100Y8SE,E04190,,unlisted,陸運業,東海自動車株式会社,"Tokai Jidosha Co.,Ltd.",2026-03-31,2026-06-22,代表取締役社長 三宅 裕司,0,,,,,,,,,,,,,,0,no_tagged_board,officers table is TextBlock only
S100Y9SP,E04287,9306,listed,倉庫・運輸関連,東陽倉庫株式会社,"Toyo Logistics Co., Ltd.",2026-03-31,2026-06-22,代表取締役社長 黒田 城児,9,8.0,1.0,0.111,0.1111,9.0,0.0,40.64,16.19,6485000.0,0.086,0.64,,116000000.0,0,clean,
S100Y9WS,E01251,5461,listed,鉄鋼,中部鋼鈑株式会社,"Chubu Steel Plate Co.,Ltd.",2026-03-31,2026-06-22,代表取締役社長 金子 大剛,12,9.0,3.0,0.25,0.25,12.0,0.0,41.1,18.4,7057000.0,0.0,0.573,,196000000.0,0,clean,
S100YAUO,E00752,4005,listed,化学,住友化学株式会社,"SUMITOMO CHEMICAL COMPANY, LIMITED",2026-03-31,2026-06-22,代表取締役社長 水 戸 信 彰,14,12.0,2.0,0.14,0.1429,14.0,0.0,42.4,16.7,9585195.0,0.092,0.772,,1742000000.0,3,clean,
S100YC3N,E04973,4658,listed,サービス業,日本空調サービス株式会社,"Nippon Air Conditioning Services Co., Ltd.",2026-03-31,2026-06-22,代表取締役社長 依藤 敏明,11,8.0,3.0,0.273,0.2727,11.0,0.0,40.2,14.3,7243492.0,0.059,0.632,,211000000.0,0,clean,
S100YC5C,E03752,8604,listed,証券、商品先物取引業,野村ホールディングス株式会社,"Nomura Holdings, Inc.",2026-03-31,2026-06-22,代表執行役社長 グループCEO 奥田 健太郎,12,15.0,3.0,0.1667,0.25,18.0,6.0,45.0,4.0,14208790.0,,,,8708000000.0,8,clean,
S100YC5Z,E15690,297A,listed,陸運業,アルピコホールディングス株式会社,"ALPICO HOLDINGS CO., LTD.",2026-03-31,2026-06-22,代表取締役社長 佐藤 裕一,13,11.0,2.0,0.1538,0.1538,13.0,0.0,47.1,11.0,5526926.0,,,,158658000.0,0,clean,
S100YCNV,E00810,4113,listed,化学,田岡化学工業株式会社,"TAOKA CHEMICAL COMPANY, LIMITED",2026-03-31,2026-06-22,取締役社長 岩崎 明,11,9.0,2.0,0.18,0.1818,11.0,0.0,40.8,14.3,7141781.0,0.115,0.818,,172000000.0,0,clean,
S100YCRC,E02114,6638,listed,電気機器,株式会社ミマキエンジニアリング,"MIMAKI ENGINEERING CO.,LTD.",2026-03-31,2026-06-22,代表取締役社長 CEO 池田 和明,13,11.0,2.0,0.154,0.1538,13.0,0.0,41.6,10.6,7661204.0,0.048,0.768,,359728000.0,0,clean,
S100YCTS,E02615,8045,listed,卸売業,横浜丸魚株式会社,"Yokohama Maruuo Co., Ltd.",2026-03-31,2026-06-22,代表取締役社長 小島 雅裕,10,9.0,1.0,0.1,0.1,10.0,0.0,43.2,17.7,6626511.0,,,,115242000.0,0,clean,
S100YCWL,E00109,1972,listed,建設業,三晃金属工業株式会社,"SANKO METAL INDUSTRIAL CO., LTD.",2026-03-31,2026-06-22,代表取締役社長 青 木 栄 一,10,10.0,,,,,,43.7,18.0,8560679.0,,0.506,,223000000.0,0,clean,
S100YCYT,E00709,9471,listed,情報・通信業,株式会社文溪堂,"BUNKEIDO CO.,LTD.",2026-03-31,2026-06-22,代表取締役社長 水谷 泰三,12,11.0,1.0,0.083,0.0833,12.0,0.0,41.1,13.6,6386488.0,0.281,0.75,,214954000.0,0,clean,
S100YD4D,E04380,9405,listed,情報・通信業,朝日放送グループホールディングス株式会社,ASAHI BROADCASTING GROUP HOLDINGS CORPORATION,2026-03-31,2026-06-22,代表取締役社長 西 出 将 之,13,10.0,3.0,0.2308,0.2308,13.0,0.0,48.7,20.8,14650000.0,,,,224000000.0,0,clean,
S100YD7A,E00462,2810,listed,食料品,ハウス食品グループ本社株式会社,HOUSE FOODS GROUP INC.,2026-03-31,2026-06-22,代表取締役社長 浦 上 博 史,12,10.0,2.0,0.167,0.1667,12.0,0.0,41.9,14.3,8404405.0,0.194,,,378000000.0,0,clean,
S100YD7H,E04149,9022,listed,陸運業,東海旅客鉄道株式会社,Central Japan Railway Company,2026-03-31,2026-06-22,代表取締役社長 丹 羽 俊 介,16,14.0,2.0,0.125,0.125,16.0,0.0,37.0,16.3,8605695.0,0.028,0.759,,736000000.0,0,clean,
S100YD87,E01631,6480,listed,機械,日本トムソン株式会社,"NIPPON THOMPSON CO., LTD.",2026-03-31,2026-06-22,代表取締役社長CEO 細 野 幹 人,11,9.0,2.0,0.181,0.1818,11.0,0.0,39.6,15.8,6865606.0,0.036,0.571,,355000000.0,0,clean,
S100YD98,E00073,1941,listed,建設業,株式会社中電工,CHUDENKO CORPORATION,2026-03-31,2026-06-22,代表取締役社長 重藤 隆文,11,9.0,2.0,0.182,0.1818,11.0,0.0,40.2,18.8,8451000.0,0.024,0.813,,318000000.0,0,clean,
S100YD99,E00760,4022,listed,化学,ラサ工業株式会社,"Rasa Industries, Ltd.",2026-03-31,2026-06-22,代表取締役 社長執行役員 坂尾 耕作,8,7.0,1.0,0.125,0.125,8.0,0.0,44.8,19.8,6708649.0,0.016,0.831,,145000000.0,0,clean,
S100YDCG,E04604,,unlisted,サービス業,名古屋競馬株式会社,"Nagoya Horse Racing Co.,Ltd.",2026-03-31,2026-06-22,代表取締役社長 加 藤 慎 也,0,,,,,,,,,,,,,,0,no_tagged_board,officers table is TextBlock only
S100YDD5,E03236,7421,listed,小売業,カッパ・クリエイト株式会社,"KAPPA-CREATE CO., LTD.",2026-03-31,2026-06-22,代表取締役社長 山角 豪,7,4.0,3.0,0.429,0.4286,7.0,0.0,39.8,14.5,4691656.0,0.086,0.861,,74000000.0,0,clean,
S100YDHJ,E02902,7619,listed,卸売業,田中商事株式会社,"TANAKA CO.,LTD.",2026-03-31,2026-06-22,代表取締役社長 安部 安生,9,8.0,1.0,0.111,0.1111,9.0,0.0,39.4,13.4,5346684.0,,0.77,,205171000.0,0,clean,
S100YDME,E01577,6379,listed,建設業,レイズネクスト株式会社,RAIZNEXT Corporation,2026-03-31,2026-06-22,代表取締役社長 毛 利 照 彦,10,8.0,2.0,0.2,0.2,10.0,0.0,42.0,15.4,9750000.0,0.023,0.711,,331000000.0,0,clean,
S100YDOZ,E00074,1942,listed,建設業,株式会社関電工,"KANDENKO CO.,LTD.",2026-03-31,2026-06-22,代表取締役社長 社長執行役員 田母神 博文,17,15.0,2.0,0.118,0.1176,17.0,0.0,42.4,19.3,10123347.0,0.024,0.811,,628000000.0,0,clean,
S100YDRV,E01636,6363,listed,機械,株式会社酉島製作所,"Torishima Pump Mfg.Co.,Ltd.",2026-03-31,2026-06-22,代表取締役CEO 原 田 耕 太 郎,11,9.0,2.0,0.182,0.1818,11.0,0.0,38.9,13.1,7014610.0,0.034,0.75,,358000000.0,2,clean,
S100YDS7,E01572,6369,listed,機械,トーヨーカネツ株式会社,TOYO KANETSU K.K.,2026-03-31,2026-06-22,代表取締役社長 大和田 能史,9,7.0,2.0,0.222,0.2222,9.0,0.0,43.8,14.2,7669869.0,0.063,0.667,,230000000.0,0,clean,
S100YDSD,E01135,5343,listed,ガラス・土石製品,ニッコー株式会社,NIKKO COMPANY,2026-03-31,2026-06-22,代表取締役社長 三谷 明子,13,11.0,2.0,0.15,0.1538,13.0,0.0,46.4,19.7,4702000.0,0.1,0.758,,115000000.0,0,clean,
S100YDT2,E03582,8383,listed,銀行業,株式会社鳥取銀行,"THE TOTTORI BANK, LTD.",2026-03-31,2026-06-22,取締役頭取 入 江 到,11,10.0,1.0,0.09,0.0909,11.0,0.0,39.0,16.1,5404000.0,0.088,0.555,,133000000.0,0,clean,
S100YDUO,E36102,1786,listed,建設業,オリエンタル白石株式会社,Oriental Shiraishi Corporation,2026-03-31,2026-06-22,代表取締役社長 照 井 満,12,10.0,2.0,0.166,0.1667,12.0,0.0,45.3,18.7,8895000.0,0.022,0.514,,136000000.0,0,clean,
S100YDUY,E01683,6488,listed,機械,株式会社ヨシタケ,Yoshitake Inc.,2026-03-31,2026-06-22,代表取締役社長 山田 哲,8,8.0,,,,,,42.3,16.0,6282549.0,,,,112522000.0,0,clean,
S100YDWR,E01427,5951,listed,金属製品,ダイニチ工業株式会社,"Dainichi Co.,Ltd.",2026-03-31,2026-06-22,代表取締役社長 吉井 唯,8,7.0,1.0,0.125,0.125,8.0,0.0,43.1,20.8,6468473.0,0.094,0.748,,206312000.0,0,clean,
S100YDXD,E00053,1803,listed,建設業,清水建設株式会社,SHIMIZU CORPORATION,2026-03-31,2026-06-22,取締役社長 新 村 達 也,15,12.0,3.0,0.2,0.2,15.0,0.0,43.7,16.1,10431000.0,0.057,0.642,,1115000000.0,4,clean,
S100YDZS,E01280,5659,listed,鉄鋼,日本精線株式会社,"Nippon Seisen Co.,Ltd.",2026-03-31,2026-06-22,代表取締役社長 利光 一浩,11,9.0,2.0,0.18,0.1818,11.0,0.0,43.0,19.0,7628204.0,0.023,0.558,,199000000.0,0,clean,
S100YE1K,E02012,6518,listed,電気機器,三相電機株式会社,"SANSO ELECTRIC CO.,LTD.",2026-03-31,2026-06-22,代表取締役社長 黒田 直樹,10,9.0,1.0,0.1,0.1,10.0,0.0,43.1,16.5,5802000.0,0.125,0.646,,156760000.0,0,clean,
S100YE2I,E05075,4752,listed,情報・通信業,株式会社 昭和システムエンジニアリング,SHOWA SYSTEM ENGINEERING CORPORATION,2026-03-31,2026-06-22,代表取締役社長 尾崎 裕一,13,13.0,,,,,,38.5,15.4,6021000.0,0.047,0.838,,141600000.0,0,clean,
S100YE2Y,E04826,9729,listed,サービス業,株式会社トーカイ,TOKAI Corp.,2026-03-31,2026-06-22,代表取締役社長 浅井 利明,10,8.0,2.0,0.2,0.2,10.0,0.0,41.3,10.7,5510960.0,0.084,0.603,,156000000.0,0,clean,
S100YE3I,E00941,4524,listed,医薬品,森下仁丹株式会社,"MORISHITA JINTAN CO., LTD.",2026-03-31,2026-06-22,代表取締役社長 森下 雄司,7,6.0,1.0,0.143,0.1429,7.0,0.0,42.1,13.3,6349000.0,0.208,0.862,,97000000.0,0,clean,
S100YE3K,E00690,3895,listed,パルプ・紙,ハビックス株式会社,HAVIX CORPORATION,2026-03-31,2026-06-22,代表取締役社長 福 村 大 介,6,6.0,,,,,,40.4,11.2,5935000.0,,,,148339000.0,0,clean,
S100YE44,E02472,7840,listed,その他製品,フランスベッドホールディングス株式会社,"FRANCE BED HOLDINGS CO.,LTD.",2026-03-31,2026-06-22,代表取締役会長兼社長 池 田 茂,9,8.0,1.0,0.111,0.1111,9.0,0.0,47.1,20.1,7549338.0,0.174,0.783,,232000000.0,0,clean,
S100YE5S,E03581,8370,listed,銀行業,株式会社紀陽銀行,"The Kiyo Bank, Ltd.",2026-03-31,2026-06-22,取締役頭取 原 口 裕 之,12,10.0,2.0,0.166,0.1667,12.0,0.0,37.66,14.41,6048000.0,0.277,0.516,,343000000.0,0,clean,
S100YE67,E23818,3178,listed,小売業,チムニー株式会社,"CHIMNEY CO., LTD.",2026-03-31,2026-06-22,代表取締役社長 茨 田 篤 司,15,14.0,1.0,0.067,0.0667,15.0,0.0,43.7,9.9,5025000.0,0.106,0.531,,66600000.0,0,clean,
S100YE6A,E00346,2002,listed,食料品,株式会社日清製粉グループ本社,NISSHIN SEIFUN GROUP INC.,2026-03-31,2026-06-22,取締役社長 瀧 原 賢 二,14,13.0,1.0,0.071,0.0714,14.0,0.0,42.0,15.2,8980584.0,0.2,0.72,,328000000.0,0,clean,
S100YE6X,E04804,9744,listed,サービス業,株式会社メイテックグループホールディングス,MEITEC Group Holdings Inc.,2026-03-31,2026-06-22,代表取締役社長 上村 正人,7,4.0,3.0,0.429,0.4286,7.0,0.0,,,,,,,229000000.0,0,clean,
S100YE7I,E02675,8153,listed,卸売業,株式会社モスフードサービス,"MOS FOOD SERVICES, INC.",2026-03-31,2026-06-22,代表取締役社長 中村 栄輔,13,12.0,1.0,0.077,0.0769,13.0,0.0,41.6,14.3,6881086.0,0.177,0.604,,208000000.0,0,clean,
S100YE8K,E00012,1301,listed,水産・農林業,株式会社極洋,"KYOKUYO CO.,LTD.",2026-03-31,2026-06-22,代表取締役社長 井 上 誠,18,15.0,3.0,0.167,0.1667,18.0,0.0,41.6,16.5,9268717.0,0.038,0.537,,534000000.0,1,clean,
S100YE8L,E00819,4203,listed,化学,住友ベークライト株式会社,Sumitomo Bakelite Company Limited,2026-03-31,2026-06-22,代表取締役社長 鍜治屋 伸一,13,11.0,2.0,0.15,0.1538,13.0,0.0,46.7,22.0,8170000.0,0.059,0.707,,577000000.0,2,clean,
S100YE8P,E27063,6165,listed,機械,パンチ工業株式会社,"PUNCH INDUSTRY CO., LTD.",2026-03-31,2026-06-22,代表取締役 社長執行役員 CEO 森久保 哲司,7,5.0,2.0,0.28,0.2857,7.0,0.0,40.9,15.6,5638020.0,0.047,0.833,,88000000.0,0,clean,
S100YE8V,E35510,4882,listed,医薬品,株式会社ペルセウスプロテオミクス,Perseus Proteomics Inc.,2026-03-31,2026-06-22,代表取締役社長執行役員 横川 拓哉,8,8.0,,,,,,48.6,7.6,7778263.0,,,,72840000.0,0,clean,
S100YE9H,E03592,8398,listed,銀行業,株式会社筑邦銀行,"The Chikuho Bank, Ltd.",2026-03-31,2026-06-22,取締役頭取 鶴 久 博 幸,12,11.0,1.0,0.083,0.0833,12.0,0.0,37.7,15.3,5499000.0,0.098,0.493,,202000000.0,0,clean,
S100YECO,E01594,6448,listed,電気機器,ブラザー工業株式会社,"BROTHER INDUSTRIES, LTD.",2026-03-31,2026-06-22,代表取締役社長 池 田 和 史,15,12.0,3.0,0.2,0.2,15.0,0.0,43.6,13.9,8053735.0,0.071,0.773,,643000000.0,1,clean,
S100YEIM,E04768,8584,listed,その他金融業,株式会社ジャックス,"JACCS CO., LTD.",2026-03-31,2026-06-22,取締役社長 村 上 亮,15,13.0,2.0,0.133,0.1333,15.0,0.0,40.4,15.5,6765000.0,0.19,0.664,,476000000.0,0,clean,
S100YEJ7,E35587,6230,listed,機械,SANEI株式会社,SANEI LTD.,2026-03-31,2026-06-22,代表取締役社長 西岡 利明,11,9.0,2.0,0.182,0.1818,11.0,0.0,40.7,14.5,5618000.0,0.046,0.547,,311510000.0,0,clean,
S100YEJU,E00279,1768,listed,建設業,株式会社ソネック,SONEC CORPORATION,2026-03-31,2026-06-22,代表取締役社長 山本 貴弘,10,9.0,1.0,0.1,0.1,10.0,0.0,40.5,13.1,7076196.0,,,,95389000.0,0,clean,
S100YELE,E04321,9351,listed,倉庫・運輸関連,東洋埠頭株式会社,"TOYO WHARF &amp; WAREHOUSE CO.,LTD.",2026-03-31,2026-06-22,代表取締役社長 原 匡史,11,10.0,1.0,0.09,0.0909,11.0,0.0,44.6,19.7,7936247.0,0.099,0.844,,156000000.0,0,clean,
S100YEMC,E01092,5195,listed,ゴム製品,バンドー化学株式会社,"Bando Chemical Industries, Ltd.",2026-03-31,2026-06-22,代表取締役社長 植野 富夫,9,8.0,1.0,0.11,0.1111,9.0,0.0,42.9,15.9,7332412.0,0.041,0.619,,209000000.0,0,clean,
S100YEN3,E04108,9049,listed,陸運業,京福電気鉄道株式会社,"Keifuku Electric Railroad Co.,Ltd.",2026-03-31,2026-06-22,代表取締役社長 大塚 憲郎,13,12.0,1.0,0.077,0.0769,13.0,0.0,39.1,13.7,4986000.0,0.063,0.683,,128000000.0,0,clean,
S100YENT,E02128,7013,listed,機械,株式会社IHI,IHI Corporation,2026-03-31,2026-06-22,代表取締役社長 井 手 博,17,12.0,5.0,0.2941,0.2941,17.0,0.0,42.4,15.2,10005041.0,0.061,0.684,,942000000.0,3,clean,
S100YEOO,E02652,8035,listed,電気機器,東京エレクトロン株式会社,Tokyo Electron Limited,2026-03-31,2026-06-22,代表取締役社長 河 合 利 樹,13,10.0,3.0,0.231,0.2308,13.0,0.0,43.1,14.7,13804159.0,0.087,0.606,,3262000000.0,3,clean,
S100YER7,E02628,8107,listed,繊維製品,株式会社キムラタン,KIMURATAN CORPORATION,2026-03-31,2026-06-22,代表取締役社長 九鬼 祐一郎,8,7.0,1.0,0.125,0.125,8.0,0.0,53.5,22.5,4722000.0,,,,30900000.0,0,clean,
S100YESK,E02503,8093,listed,卸売業,極東貿易株式会社,"Kyokuto Boeki Kaisha, Ltd.",2026-03-31,2026-06-22,代表取締役社長 佐久間 慎治,7,6.0,1.0,0.142,0.1429,7.0,0.0,45.0,18.0,8687000.0,,,,144000000.0,0,clean,
S100YEUJ,E01428,7939,listed,その他製品,株式会社研創,"KENSOH CO.,LTD.",2026-03-31,2026-06-22,代表取締役社長 林 大一郎,7,6.0,1.0,0.143,0.1429,7.0,0.0,41.5,15.3,4897000.0,,0.768,,96100000.0,0,clean,
S100YEUU,E00815,4182,listed,化学,三菱瓦斯化学株式会社,"MITSUBISHI GAS CHEMICAL COMPANY,INC.",2026-03-31,2026-06-22,代表取締役社長 伊佐早 禎則,17,13.0,4.0,0.235,0.2353,17.0,0.0,41.0,17.5,9076743.0,0.046,0.732,,659000000.0,0,clean,
S100YEUV,E05462,8793,listed,その他金融業,NECキャピタルソリューション株式会社,NEC Capital Solutions Limited,2026-03-31,2026-06-22,代表取締役社長 菅沼 正明,13,11.0,2.0,0.153,0.1538,13.0,0.0,44.3,14.6,8325000.0,0.109,0.647,,199000000.0,0,clean,
S100YEVQ,E01247,5451,listed,鉄鋼,株式会社ヨドコウ(旧会社名:株式会社淀川製鋼所),"YODOKO,Ltd.(旧英訳名:Yodogawa Steel Works,Ltd.)(注)2025年10月1日付で、会社名及び英訳名を上記のとおり変更しております。",2026-03-31,2026-06-22,代表取締役社長 田中 栄一,11,8.0,3.0,0.27,0.2727,11.0,0.0,42.5,20.8,7822251.0,0.029,0.702,,309000000.0,0,clean,
S100YEVT,E01080,5013,listed,石油・石炭製品,株式会社ユシロ,Yushiro Inc.,2026-03-31,2026-06-22,代表取締役社長 社長執行役員 有 坂 昌 規,9,7.0,2.0,0.222,0.2222,9.0,0.0,47.5,17.9,7164000.0,0.056,0.779,,238000000.0,0,clean,
S100YEWB,E00457,2897,listed,食料品,日清食品ホールディングス株式会社,"NISSIN FOODS HOLDINGS CO.,LTD.",2026-03-31,2026-06-22,代表取締役社長 安藤 宏基,13,9.0,4.0,0.308,0.3077,13.0,0.0,39.5,8.7,8425365.0,,,,1029000000.0,2,clean,
S100YEWH,E23741,3131,listed,卸売業,シンデン・ハイテックス株式会社,SHINDEN HIGHTEX CORPORATION,2026-03-31,2026-06-22,代表取締役社長 鈴木 淳,14,14.0,,,,,,48.6,11.8,7408678.0,0.075,0.812,,169332000.0,0,clean,
S100YEWN,E00431,2607,listed,食料品,不二製油株式会社,"FUJI OIL CO., LTD.",2026-03-31,2026-06-22,代表取締役社長CEO 大森 達司,11,9.0,2.0,0.182,0.1818,11.0,0.0,41.0,16.0,8332205.0,0.163,0.753,,282000000.0,0,clean,
S100YEXB,E01305,5753,listed,非鉄金属,日本伸銅株式会社,"NIPPON SHINDO CO.,LTD.",2026-03-31,2026-06-22,代表取締役社長 高倉 英朗,7,7.0,,,,,,42.0,19.0,7445000.0,,0.777,,90000000.0,0,clean,
S100YEXL,E02889,7593,listed,小売業,VTホールディングス株式会社,"VT HOLDINGS CO.,LTD.",2026-03-31,2026-06-22,代表取締役社長 高 橋 一 穂,14,12.0,2.0,0.143,0.1429,14.0,0.0,38.3,6.2,6484000.0,,,,373000000.0,1,clean,
S100YEYZ,E04822,9759,listed,情報・通信業,株式会社NSD,"NSD CO.,LTD.",2026-03-31,2026-06-22,代表取締役社長 今城 義和,11,7.0,4.0,0.364,0.3636,11.0,0.0,39.2,14.9,7510000.0,0.127,0.851,,244000000.0,1,clean,
S100YEZP,E02952,2750,listed,卸売業,石光商事株式会社,"S.ISHIMITSU & CO.,LTD.",2026-03-31,2026-06-22,代表取締役社長 荒 川 正 臣,10,7.0,3.0,0.3,0.3,10.0,0.0,43.2,12.2,6700000.0,0.223,0.751,,140112000.0,0,clean,
S100YEZT,E04284,9302,listed,倉庫・運輸関連,三井倉庫ホールディングス株式会社,"MITSUI-SOKO HOLDINGS Co., Ltd.",2026-03-31,2026-06-22,代表取締役社長 社長執行役員 古賀 博文,14,12.0,2.0,0.1429,0.1429,14.0,0.0,42.3,12.9,8473000.0,0.126,0.794,,405000000.0,0,clean,
S100YEZU,E01437,5984,listed,金属製品,兼房株式会社,KANEFUSA CORPORATION,2026-03-31,2026-06-22,代表取締役 社長執行役員 磯谷 岳摩,9,8.0,1.0,0.11,0.1111,9.0,0.0,41.0,17.8,5949869.0,0.055,0.629,,217054000.0,0,clean,
S100YF00,E04899,9625,listed,サービス業,株式会社セレスポ,"CERESPO CO., LTD.",2026-03-31,2026-06-22,代表取締役社長 田代 剛,10,8.0,2.0,0.2,0.2,10.0,0.0,43.9,18.1,6447220.0,0.131,0.803,,157549000.0,0,clean,
S100YF06,E02199,6470,listed,機械,大豊工業株式会社,"TAIHO KOGYO CO., LTD.",2026-03-31,2026-06-22,代表取締役社長 新 美 俊 生,9,8.0,1.0,0.111,0.1111,9.0,0.0,40.4,16.7,6697966.0,0.018,0.731,,161000000.0,0,clean,
S100YF0Y,E02333,6788,listed,電気機器,株式会社日本トリム,"NIHON TRIM CO.,LTD.",2026-03-31,2026-06-22,代表取締役社長 田 原 周 夫,8,6.0,2.0,0.25,0.25,8.0,0.0,44.16,13.98,7233000.0,0.062,0.615,,151000000.0,0,clean,
S100YF0Z,E03991,8891,listed,不動産業,AMGホールディングス株式会社,"AMG HOLDINGS CO., LTD.",2026-03-31,2026-06-22,代表取締役社長 長谷川 克彦,7,6.0,1.0,0.143,0.1429,7.0,0.0,45.0,0.0,4696000.0,,,,50910000.0,0,clean,
S100YF1F,E04547,,unlisted,サービス業,株式会社ホテルオークラ,"HOTEL OKURA CO., LTD.",2026-03-31,2026-06-22,代表取締役社長 荻 田 敏 宏,0,,,,,,,,,,,,,,0,no_tagged_board,officers table is TextBlock only
S100YF2C,E00260,1787,listed,建設業,株式会社ナカボーテック,"Nakabohtec Corrosion Protecting Co.,Ltd.",2026-03-31,2026-06-22,代表取締役社長 宮地 誠,11,11.0,0.0,0.0,0.0,11.0,0.0,41.9,15.9,9389000.0,0.0,0.719,,183064000.0,0,clean,
S100YF39,E00442,2892,listed,食料品,日本食品化工株式会社,"NIHON SHOKUHIN KAKO CO., LTD.",2026-03-31,2026-06-22,代表取締役 荒川 健,9,7.0,2.0,0.22,0.2222,9.0,0.0,41.0,17.0,7599000.0,0.062,0.676,,52000000.0,0,clean,
S100YF3G,E03138,9832,listed,卸売業,株式会社オートバックスセブン,"AUTOBACS SEVEN CO.,LTD.",2026-03-31,2026-06-22,代表取締役社長 堀井 勇吾,8,7.0,1.0,0.125,0.125,8.0,0.0,45.8,16.3,7237000.0,0.081,0.583,,326000000.0,0,clean,
S100YF3W,E02510,8032,listed,卸売業,日本紙パルプ商事株式会社,"Japan Pulp &amp; Paper Co., Ltd.",2026-03-31,2026-06-22,代表取締役社長 社長執行役員 渡 辺 昭 彦,11,7.0,4.0,0.364,0.3636,11.0,0.0,44.7,20.5,8899403.0,0.02,0.55,,337000000.0,0,clean,
S100YF4O,E04803,9742,listed,情報・通信業,株式会社アイネス,INES Corporation,2026-03-31,2026-06-22,代表取締役社長 服部 修治,11,8.0,3.0,0.27,0.2727,11.0,0.0,41.45,17.29,7063658.0,0.134,0.836,,184000000.0,0,clean,
S100YF4W,E02267,7723,listed,精密機器,愛知時計電機株式会社,"Aichi Tokei Denki Co., Ltd.",2026-03-31,2026-06-22,代表取締役社長 社長執行役員 國 島 賢 治,10,8.0,2.0,0.2,0.2,10.0,0.0,45.2,17.5,6089000.0,0.014,0.583,,270000000.0,0,clean,
S100YF50,E02303,7702,listed,精密機器,株式会社ジェイ・エム・エス,"JMS CO.,LTD.",2026-03-31,2026-06-22,代表取締役社長 桂 龍 司,11,11.0,,,,,,40.7,16.3,4880000.0,0.043,0.699,,142000000.0,0,clean,
S100YF5H,E21955,3443,listed,金属製品,川田テクノロジーズ株式会社,"KAWADA TECHNOLOGIES, INC.",2026-03-31,2026-06-22,代表取締役社長 川田 忠裕,10,8.0,2.0,0.2,0.2,10.0,0.0,42.8,16.3,7978692.0,0.091,0.815,,86000000.0,1,clean,
S100YF5T,E04317,9322,listed,倉庫・運輸関連,川西倉庫株式会社,"KAWANISHI WAREHOUSE CO.,LTD.",2026-03-31,2026-06-22,代表取締役社長 川西 二郎,7,7.0,,,,,,39.5,15.4,6355624.0,0.105,0.66,,129348000.0,0,clean,
S100YF60,E40215,302A,listed,サービス業,株式会社ビースタイルホールディングス,"b-style holdings, Inc.",2026-03-31,2026-06-22,代表取締役社長 三原 邦彦,7,6.0,1.0,0.142,0.1429,7.0,0.0,42.9,6.7,6257000.0,0.533,0.721,,123715000.0,0,clean,
S100YF6G,E05551,3796,listed,情報・通信業,株式会社いい生活,"e-Seikatsu Co.,Ltd.",2026-03-31,2026-06-22,代表取締役社長 CEO 前野 善一,8,8.0,,,,,,35.6,7.8,6281000.0,0.05,,,197048000.0,0,clean,
S100YF6I,E05736,3622,listed,情報・通信業,ネットイヤーグループ株式会社,Netyear Group Corporation,2026-03-31,2026-06-22,代表取締役社長CEO 廣中 龍蔵,9,7.0,2.0,0.222,0.2222,9.0,0.0,39.9,7.9,5952000.0,0.37,0.8,,54000000.0,0,clean,
S100YF75,E05306,2749,listed,サービス業,株式会社JPホールディングス,"JP-HOLDINGS,INC.",2026-03-31,2026-06-22,代表取締役社長 坂 井 徹,12,11.0,1.0,0.083,0.0833,12.0,0.0,41.1,5.4,5173000.0,0.214,0.994,,126184000.0,0,clean,
S100YF7M,E01137,5333,listed,ガラス・土石製品,NGK株式会社(旧会社名 日本碍子株式会社)(注) 2025年6月26日開催の第159期定時株主総会の決議により、2026年4月1日から会社名を上記のとおり変更いたしました。,"NGK Corporation(旧英訳名 NGK INSULATORS, LTD.)(注) 2025年6月26日開催の第159回定時株主総会の決議により、2026年4月1日から会社名を上記のとおり変更いたしました。",2026-03-31,2026-06-22,代表取締役社長 小林 茂,13,10.0,3.0,0.231,0.2308,13.0,0.0,40.7,15.4,9200112.0,0.048,0.788,,720000000.0,2,clean,
S100YF88,E00439,2053,listed,食料品,中部飼料株式会社,"CHUBUSHIRYO CO., LTD.",2026-03-31,2026-06-22,代表取締役社長 藤 田 京 一,11,8.0,3.0,0.273,0.2727,11.0,0.0,40.3,14.8,7853807.0,0.013,0.712,,245000000.0,0,clean,
S100YF8D,E02076,6927,listed,電気機器,ヘリオス テクノ ホールディング株式会社,"Helios Techno Holding Co.,Ltd.",2026-03-31,2026-06-22,代表取締役社長 佐 藤 良 久,9,7.0,2.0,0.222,0.2222,9.0,0.0,43.6,2.4,7260000.0,,,,117155000.0,0,clean,
S100YF8O,E01635,6396,listed,機械,株式会社宇野澤組鐵工所,"Unozawa-gumi Iron Works, Limited",2026-03-31,2026-06-22,代表取締役社長 樋 口 勉,8,8.0,,,,,,46.7,19.7,6372036.0,,,,81382000.0,0,clean,
S100YF9D,E02152,7270,listed,輸送用機器,株式会社SUBARU,SUBARU CORPORATION,2025-03-31,2025-06-23,代表取締役社長 大崎 篤,12,9.0,3.0,0.25,0.25,12.0,0.0,39.8,15.9,7307644.0,0.037,0.778,,748000000.0,3,clean,
S100YF9J,E01989,6928,listed,電気機器,株式会社 エノモト,"ENOMOTO Co.,Ltd.",2026-03-31,2026-06-22,代表取締役社長 白鳥 誉,6,4.0,2.0,0.333,0.3333,6.0,0.0,40.1,16.4,5232065.0,0.0,0.716,,129779000.0,0,clean,
S100YF9N,E01320,5928,listed,金属製品,アルメタックス株式会社,"ALMETAX MANUFACTURING CO., LTD.",2026-03-31,2026-06-22,代表取締役社長 社長執行役員 村 治 俊 哉,7,7.0,,,,,,47.1,19.6,4683444.0,0.018,0.717,,98700000.0,0,clean,
S100YFA1,E04095,,unlisted,陸運業,伊豆箱根鉄道株式会社,"IZUHAKONE RAILWAY CO.,LTD.",2026-03-31,2026-06-22,代表取締役社長 伍堂 文康,0,,,,,,,,,,,,,,0,no_tagged_board,officers table is TextBlock only
S100YFA2,E00669,3946,listed,パルプ・紙,株式会社トーモク,"TOMOKU CO., LTD.",2026-03-31,2026-06-22,代表取締役社長執行役員 中 橋 光 男,13,10.0,3.0,0.23,0.2308,13.0,0.0,39.7,14.4,5794000.0,0.026,0.711,,363000000.0,0,clean,
S100YFAQ,E03793,8617,listed,証券、商品先物取引業,光世証券株式会社,"The Kosei Securities Co.,Ltd.",2026-03-31,2026-06-22,取締役社長 巽 大 介,6,6.0,0.0,0.0,0.0,6.0,0.0,44.0,23.0,7990000.0,,,,81000000.0,0,clean,
S100YFAW,E02015,6869,listed,電気機器,シスメックス株式会社,SYSMEX CORPORATION,2026-03-31,2026-06-22,代表取締役社長 松井 石根,13,11.0,2.0,0.154,0.1538,13.0,0.0,42.4,12.8,8835000.0,0.113,0.669,,770000000.0,2,clean,
S100YFBB,E00173,1960,listed,建設業,株式会社サンテック,Sanyo Engineering &amp; Construction Inc.,2026-03-31,2026-06-22,代表取締役社長 八幡 信孝,10,10.0,,,,,,44.0,15.3,7606000.0,0.016,0.637,,166000000.0,0,clean,
S100YFBY,E01711,6322,listed,機械,株式会社タクミナ,TACMINA CORPORATION,2026-03-31,2026-06-22,代表取締役社長 山田 圭祐,7,7.0,,,,,,39.9,14.1,6942000.0,0.018,0.658,,197280000.0,0,clean,
S100YFCG,E01055,4972,listed,化学,綜研化学株式会社,"Soken Chemical &amp; Engineering Co., Ltd.",2026-03-31,2026-06-22,代表取締役社長執行役員 冨 田 幸 二,10,8.0,2.0,0.2,0.2,10.0,0.0,40.1,14.5,7829000.0,0.076,0.804,,211000000.0,0,clean,
S100YFCP,E02611,8056,listed,情報・通信業,BIPROGY株式会社,BIPROGY Inc.,2026-03-31,2026-06-22,代表取締役社長 齊 藤 昇,14,10.0,4.0,0.285,0.2857,14.0,0.0,46.3,20.4,8846208.0,0.137,0.793,,481000000.0,2,clean,
S100YFCS,E00775,4062,listed,電気機器,イビデン株式会社,"IBIDEN CO.,LTD.",2026-03-31,2026-06-18,代表取締役社長 河島 浩二,12,9.0,3.0,0.25,0.25,12.0,0.0,40.2,16.9,7663191.0,0.025,0.757,,560000000.0,2,clean,
S100YFD3,E31997,6186,listed,サービス業,株式会社一蔵,"ICHIKURA CO., LTD.",2026-03-31,2026-06-22,代表取締役社長 河端 義彦,9,8.0,1.0,0.111,0.1111,9.0,0.0,37.0,7.0,4247000.0,0.338,0.465,,138479000.0,0,clean,
S100YFDV,E02369,7994,listed,その他製品,株式会社オカムラ,OKAMURA CORPORATION,2026-03-31,2026-06-22,代表取締役 社長執行役員 中 村 雅 行,16,12.0,4.0,0.25,0.25,16.0,0.0,42.1,17.3,8529000.0,0.086,0.783,,595000000.0,1,clean,
S100YFE3,E01600,6471,listed,機械,日本精工株式会社,NSK Ltd.,2026-03-31,2026-06-22,代表執行役社長 市井 明俊,9,11.0,2.0,0.154,0.2222,13.0,4.0,42.1,16.6,7879335.0,0.026,0.747,,890000000.0,3,clean,
S100YFEF,E02580,8081,listed,卸売業,株式会社カナデン,KANADEN CORPORATION,2026-03-31,2026-06-22,代表取締役社長 守 屋 太,10,7.0,3.0,0.3,0.3,10.0,0.0,42.7,17.3,8262000.0,0.014,0.574,,246000000.0,0,clean,
S100YFEP,E35287,4484,listed,情報・通信業,ランサーズ株式会社,"LANCERS,INC.",2026-03-31,2026-06-22,代表取締役社長 CEO 秋好 陽介,8,8.0,0.0,0.0,0.0,8.0,0.0,36.0,4.2,5414000.0,0.2,,,98653000.0,0,clean,
S100YFEW,E04990,4679,listed,サービス業,株式会社 田 谷,"TAYA Co.,Ltd.",2026-03-31,2026-06-22,代表取締役会長兼社長 田谷 和正,8,7.0,1.0,0.125,0.125,8.0,0.0,35.1,12.6,4100684.0,0.148,0.635,,76000000.0,0,clean,
S100YFF6,E01393,5998,listed,金属製品,株式会社アドバネクス,Advanex Inc.,2026-03-31,2026-06-22,代表取締役会長兼社長 朝 田 英 太 郎,8,7.0,1.0,0.125,0.125,8.0,0.0,43.0,14.5,5189761.0,0.043,0.624,,165506000.0,0,clean,
S100YFFT,E01509,6151,listed,機械,日東工器株式会社,"NITTO KOHKI CO.,LTD.",2026-03-31,2026-06-22,代表取締役社長 小形 明誠,9,8.0,1.0,0.111,0.1111,9.0,0.0,43.7,16.3,6890000.0,0.063,0.798,,228000000.0,0,clean,
S100YFG9,E00873,3402,listed,繊維製品,東レ株式会社,"TORAY INDUSTRIES, INC.",2026-03-31,2026-06-22,代表取締役社長 大矢 光雄,15,12.0,3.0,0.2,0.2,15.0,0.0,40.8,17.4,8384000.0,0.069,0.711,,788000000.0,2,clean,
S100YFGL,E01767,6703,listed,電気機器,沖電気工業株式会社,"Oki Electric Industry Company, Limited",2026-03-31,2026-06-22,代表取締役社長執行役員 森 孝廣,13,11.0,2.0,0.154,0.1538,13.0,0.0,43.6,18.4,7802144.0,0.071,0.735,,434000000.0,1,clean,
S100YFGR,E02927,2676,listed,卸売業,高千穂交易株式会社,"TAKACHIHO KOHEKI CO.,LTD.",2026-03-31,2026-06-22,代表取締役社長 井出 尊信,7,6.0,1.0,0.143,0.1429,7.0,0.0,42.8,17.0,7518555.0,0.078,0.713,,119944000.0,0,clean,
S100YFHH,E01385,5929,listed,金属製品,三和ホールディングス株式会社,Sanwa Holdings Corporation,2026-03-31,2026-06-22,代表取締役社長 髙山 靖司,10,9.0,1.0,0.1,0.1,10.0,0.0,45.0,17.0,10575428.0,,,,420000000.0,2,clean,
S100YFHO,E00761,4023,listed,化学,株式会社クレハ,KUREHA CORPORATION,2026-03-31,2026-06-22,代表取締役社長兼CEO 名武 克泰,9,7.0,2.0,0.222,0.2222,9.0,0.0,43.6,19.8,7418000.0,0.083,0.787,,320000000.0,0,clean,
S100YFI1,E35568,4932,listed,化学,株式会社アルマード,"ALMADO, INC.",2026-03-31,2026-06-22,代表取締役社長 保科 史朗,7,6.0,1.0,0.143,0.1429,7.0,0.0,41.4,3.9,6342577.0,,,,109978000.0,0,clean,
S100YFIL,E00558,3306,listed,卸売業,日本製麻株式会社,"THE NIHON SEIMA CO.,LTD.",2026-03-31,2026-06-22,代表取締役社長 植杉 泰久,6,6.0,,,,,,48.3,14.2,3893000.0,,,,60850000.0,0,clean,
S100YFIO,E04272,9201,listed,空運業,日本航空株式会社,"Japan Airlines Co., Ltd.",2026-03-31,2026-06-22,代表取締役社長執行役員 鳥取 三津子,14,11.0,3.0,0.214,0.2143,14.0,0.0,40.2,14.9,10112000.0,0.336,0.496,,564000000.0,0,clean,
S100YFIT,E01118,7938,listed,その他製品,株式会社リーガルコーポレーション,REGAL CORPORATION,2026-03-31,2026-06-22,代表取締役社長 青野 元一,10,8.0,2.0,0.2,0.2,10.0,0.0,44.8,20.7,5675000.0,0.109,0.8,,131000000.0,0,clean,
S100YFJB,E11661,6238,listed,機械,フリュー株式会社,FURYU CORPORATION,2026-03-31,2026-06-22,代表取締役社長 榎本 雅仁,9,7.0,2.0,0.22,0.2222,9.0,0.0,38.0,9.0,6814823.0,0.318,0.778,,160499000.0,0,clean,
S100YFJY,E26707,5703,listed,非鉄金属,日本軽金属ホールディングス株式会社,"Nippon Light Metal Holdings Company, Ltd.",2026-03-31,2026-06-22,代表取締役社長 朝来野 修一,14,13.0,1.0,0.071,0.0714,14.0,0.0,50.55,20.45,9563554.0,,,,399000000.0,0,clean,
S100YFKQ,E02221,7296,listed,輸送用機器,株式会社エフ・シー・シー,"F.C.C.CO.,LTD.",2026-03-31,2026-06-22,代表取締役社長 斎藤 善敬,10,8.0,2.0,0.2,0.2,10.0,0.0,44.6,19.8,7703580.0,0.025,0.758,,272000000.0,0,clean,
S100YFKZ,E02152,7270,listed,輸送用機器,株式会社SUBARU,SUBARU CORPORATION,2026-03-31,2026-06-22,代表取締役社長 大崎 篤,12,9.0,3.0,0.25,0.25,12.0,0.0,40.0,15.7,7643520.0,0.043,0.78,,562000000.0,1,clean,
S100YFLC,E01617,6325,listed,機械,株式会社タカキタ,"TAKAKITA CO., LTD.",2026-03-31,2026-06-22,代表取締役社長 藤澤 龍也,10,10.0,,,,,,40.8,15.1,5297072.0,0.032,0.736,,101053000.0,0,clean,
S100YFLP,E00322,1721,listed,建設業,コムシスホールディングス株式会社,COMSYS Holdings Corporation,2026-03-31,2026-06-22,代表取締役社長 田辺 博,11,9.0,2.0,0.182,0.1818,11.0,0.0,50.2,20.5,9624445.0,,,,237000000.0,0,clean,
S100YFLX,E02562,,unlisted,卸売業,新生紙パルプ商事株式会社,SHINSEI PULP&amp;PAPER COMPANY LIMITED,2026-03-31,2026-06-22,代表取締役社長 三 瓶 悦 男,0,,,,,,,,,,,,,,0,no_tagged_board,officers table is TextBlock only
S100YFML,E01443,3433,listed,金属製品,トーカロ株式会社,"TOCALO Co.,Ltd.",2026-03-31,2026-06-22,代表取締役 社長執行役員 小林 和也,13,10.0,3.0,0.23,0.2308,13.0,0.0,39.6,13.0,7978000.0,0.041,0.649,,370000000.0,0,clean,
S100YFMQ,E40154,300A,listed,サービス業,MIC株式会社,"MIC Co., Ltd.",2026-03-31,2026-06-22,代表取締役社長 河合 克也,9,8.0,1.0,0.111,0.1111,9.0,0.0,33.2,6.8,5877000.0,0.34,0.714,,241800000.0,0,clean,
S100YFN3,E00962,4547,listed,医薬品,キッセイ薬品工業株式会社,"KISSEI PHARMACEUTICAL CO., LTD.",2026-03-31,2026-06-22,代表取締役会長 神 澤 陸 雄,16,14.0,2.0,0.125,0.125,16.0,0.0,42.7,18.2,7980826.0,0.071,0.72,,383000000.0,0,clean,
S100YFNF,E24536,3166,listed,卸売業,OCHIホールディングス株式会社,"OCHI HOLDINGS CO.,LTD.",2026-03-31,2026-06-22,代表取締役 社長執行役員 越 智 通 広,10,7.0,3.0,0.3,0.3,10.0,0.0,53.8,7.3,7571000.0,0.088,0.454,,91000000.0,0,clean,
S100YFNH,E01807,6779,listed,電気機器,日本電波工業株式会社,"NIHON DEMPA KOGYO CO., LTD.",2026-03-31,2026-06-22,代表取締役執行役員社長 加 藤 啓 美,11,9.0,2.0,0.182,0.1818,11.0,0.0,43.1,16.5,7011000.0,0.042,0.788,,51000000.0,0,clean,
S100YFOI,E00161,1976,listed,建設業,明星工業株式会社,"MEISEI INDUSTRIAL Co.,Ltd.",2026-03-31,2026-06-22,代表取締役社長 栁瀬 徹次,9,8.0,1.0,0.11,0.1111,9.0,0.0,39.7,13.8,7260593.0,0.027,0.791,,158000000.0,0,clean,
S100YFOK,E39741,255A,listed,精密機器,ジーエルテクノホールディングス株式会社,"GLTECHNO HOLDINGS, INC.",2026-03-31,2026-06-22,代表取締役社長 長見 善博,6,5.0,1.0,0.167,0.1667,6.0,0.0,49.5,20.2,10480000.0,,,,126000000.0,0,clean,
S100YFP4,E00961,4549,listed,医薬品,栄研化学株式会社,"EIKEN CHEMICAL CO.,LTD.",2026-03-31,2026-06-18,代表執行役社長 瀨川 雄司,10,16.0,2.0,0.111,0.2,18.0,8.0,41.0,13.0,7856285.0,0.187,0.681,,337000000.0,0,clean,
S100YFP9,E01821,6882,listed,電気機器,株式会社三社電機製作所,"Sansha Electric Manufacturing Co.,Ltd.",2026-03-31,2026-06-22,代表取締役社長 山内 得志,10,8.0,2.0,0.2,0.2,10.0,0.0,46.5,18.9,5949245.0,0.058,0.688,,150000000.0,0,clean,
S100YFPG,E02635,8158,listed,卸売業,ソーダニッカ株式会社,"SODA NIKKA CO., LTD.",2026-03-31,2026-06-22,代表取締役社長執行役員 目 﨑 龍 二,8,6.0,2.0,0.25,0.25,8.0,0.0,43.6,16.0,7406895.0,0.029,0.656,,207000000.0,0,clean,
S100YFPI,E40423,341A,listed,精密機器,株式会社トヨコー,TOYOKOH Inc.,2026-03-31,2026-06-22,代表取締役CEO 豊澤 一晃,7,7.0,,,,,,45.0,5.5,5841000.0,,,,78186000.0,0,clean,
S100YFPM,E01200,5279,listed,ガラス・土石製品,日本興業株式会社,"NIHON KOGYO CO., LTD.",2026-03-31,2026-06-22,代表取締役社長 山 口 芳 美,12,11.0,1.0,0.083,0.0833,12.0,0.0,43.9,11.6,5531000.0,0.077,0.826,,100901000.0,0,clean,
S100YFPN,E05205,4290,listed,サービス業,株式会社プレステージ・インターナショナル,Prestige International Inc.,2026-03-31,2026-06-22,代表取締役社長執行役員グループCEO 玉上 進一,11,8.0,3.0,0.273,0.2727,11.0,0.0,,,,0.329,0.922,,190459000.0,0,clean,
S100YFPQ,E03116,8214,listed,小売業,株式会社AOKIホールディングス,AOKI Holdings Inc.,2026-03-31,2026-06-22,代表取締役社長 田 村 春 生,13,11.0,2.0,0.154,0.1538,13.0,0.0,44.8,7.8,7359000.0,0.211,0.641,,282000000.0,0,clean,
S100YFPS,E03807,8628,listed,証券、商品先物取引業,松井証券株式会社,"MATSUI SECURITIES CO., LTD.",2026-03-31,2026-06-22,代表取締役社長執行役員 和里田 聰,9,7.0,2.0,0.22,0.2222,9.0,0.0,37.3,9.7,11548000.0,0.196,0.813,,314000000.0,0,clean,
S100YFQA,E00513,2818,listed,食料品,株式会社ピエトロ,"PIETRO Co., Ltd.",2026-03-31,2026-06-22,代表取締役社長 高橋 泰行,11,8.0,3.0,0.273,0.2727,11.0,0.0,37.0,9.0,5320000.0,0.234,0.699,,190477000.0,0,clean,
S100YFQC,E01481,6103,listed,機械,オークマ株式会社,OKUMA Corporation,2026-03-31,2026-06-22,代表取締役社長 家 城 淳,13,11.0,2.0,0.15,0.1538,13.0,0.0,38.8,15.6,7023000.0,0.031,0.677,,358000000.0,0,clean,
S100YFQH,E38215,9341,listed,サービス業,株式会社GENOVA,"GENOVA, Inc.",2026-03-31,2026-06-22,代表取締役社長 平瀬 智樹,9,8.0,1.0,0.111,0.1111,9.0,0.0,29.4,3.6,5269000.0,0.168,0.674,,176883000.0,0,clean,
S100YFQT,E04520,9532,listed,電気・ガス業,大阪瓦斯株式会社,"OSAKA GAS CO., LTD.",2026-03-31,2026-06-22,代表取締役社長 社長執行役員 藤 原 正 隆,15,11.0,4.0,0.267,0.2667,15.0,0.0,44.3,16.1,8458000.0,0.055,0.742,,718000000.0,2,clean,
S100YFRH,E01805,6798,listed,電気機器,SMK株式会社,SMK Corporation,2026-03-31,2026-06-22,代表取締役社長 池 田 靖 光,9,8.0,1.0,0.11,0.1111,9.0,0.0,45.3,19.1,7065919.0,0.068,0.724,,136000000.0,0,clean,
S100YFRR,E00789,4031,listed,化学,片倉コープアグリ株式会社,Katakura &amp; Co-op Agri Corporation,2026-03-31,2026-06-22,代表取締役社長 二井 英一,13,12.0,1.0,0.077,0.0769,13.0,0.0,46.6,18.7,5723975.0,0.007,0.816,,136000000.0,0,clean,
S100YFRU,E02780,9987,listed,卸売業,株式会社スズケン,"SUZUKEN CO.,LTD.",2026-03-31,2026-06-22,代表取締役社長 浅 野 茂,10,7.0,3.0,0.3,0.3,10.0,0.0,47.3,22.1,7448830.0,0.049,0.623,,438000000.0,0,clean,
S100YFRW,E33633,6566,listed,サービス業,株式会社要興業,"KANAME KOGYO CO.,LTD.",2026-03-31,2026-06-22,代表取締役社長 木納 孝,13,13.0,,,,,,47.35,12.1,6545000.0,0.014,0.687,,177397000.0,0,clean,
S100YFRY,E00021,5711,listed,非鉄金属,三菱マテリアル株式会社,MITSUBISHI MATERIALS CORPORATION,2026-03-31,2026-06-22,執行役社長 田中 徹也,10,9.0,5.0,0.357,0.5,14.0,4.0,43.0,19.0,7329000.0,0.047,0.654,,620000000.0,1,clean,
S100YFS8,E05401,3739,listed,情報・通信業,コムシード株式会社,CommSeed Corporation,2026-03-31,2026-06-22,代表取締役社長CEO 塚原 謙次,8,7.0,1.0,0.125,0.125,8.0,0.0,43.0,10.3,5428000.0,,,,51158000.0,0,clean,
S100YFSO,E02569,1948,listed,建設業,株式会社弘電社,"The Kodensha, Co., Ltd.",2026-03-31,2026-06-22,代表取締役 社長執行役員 梶川 裕司,12,10.0,2.0,0.17,0.1667,12.0,0.0,43.7,18.1,7377774.0,0.047,0.715,,217000000.0,0,clean,
S100YFSR,E00808,4188,listed,化学,三菱ケミカルグループ株式会社,Mitsubishi Chemical Group Corporation,2026-03-31,2026-06-22,執行役社長 筑 本 学,8,9.0,1.0,0.1,0.125,10.0,2.0,50.2,24.3,11889000.0,,,,629000000.0,1,clean,
S100YFT2,E02698,8228,listed,卸売業,株式会社マルイチ産商,"MARUICHI Co.,Ltd.",2026-03-31,2026-06-22,代表取締役社長 社長執行役員 柏木 康全,10,9.0,1.0,0.1,0.1,10.0,0.0,40.2,15.6,6458657.0,0.021,0.539,,183000000.0,0,clean,
S100YFUB,E01414,6486,listed,機械,イーグル工業株式会社,"EAGLE INDUSTRY CO.,LTD.",2026-03-31,2026-06-22,代表取締役社長 鶴 鉄二,12,10.0,2.0,0.167,0.1667,12.0,0.0,41.8,16.1,8992612.0,0.055,0.753,,526000000.0,0,clean,
S100YFUO,E39184,150A,listed,サービス業,株式会社JSH,"JSH Co.,Ltd.",2026-03-31,2026-06-22,代表取締役会長兼社長 野口 和輝,12,11.0,1.0,0.08,0.0833,12.0,0.0,41.6,2.61,3488000.0,0.461,0.97,,219560000.0,0,clean,
S100YFUS,E22547,3150,listed,卸売業,株式会社グリムス,"grems,Inc.",2026-03-31,2026-06-22,代表取締役社長 田中 政臣,9,8.0,1.0,0.111,0.1111,9.0,0.0,41.7,6.5,4917000.0,0.091,0.843,,152250000.0,0,clean,
S100YFUT,E00434,2613,listed,食料品,株式会社J-オイルミルズ,"J-OIL MILLS, INC.",2026-03-31,2026-06-22,代表取締役社長執行役員 CEO 春 山 裕 一 郎,12,9.0,3.0,0.25,0.25,12.0,0.0,44.0,18.0,8401533.0,0.092,0.668,,289000000.0,0,clean,
S100YFUZ,E03565,8365,listed,銀行業,株式会社富山銀行,"The Bank of Toyama,Ltd.",2026-03-31,2026-06-22,取締役頭取 中沖 雄,13,12.0,1.0,0.07,0.0769,13.0,0.0,41.8,16.3,5713000.0,0.03,0.6,,144000000.0,0,clean,
S100YFV1,E37143,7134,listed,サービス業,株式会社アップガレージグループ,"UP GARAGE GROUP Co., Ltd.",2026-03-31,2026-06-22,代表取締役社長 河野 映彦,8,6.0,2.0,0.25,0.25,8.0,0.0,33.0,6.0,6235000.0,0.148,0.65,,153300000.0,0,clean,
S100YFV2,E02175,7245,listed,輸送用機器,大同メタル工業株式会社,"Daido Metal Co., Ltd.",2026-03-31,2026-06-22,代表取締役会長兼CEO 判 治 誠 吾,12,11.0,1.0,0.083,0.0833,12.0,0.0,41.4,16.9,6712000.0,0.048,0.692,,455000000.0,2,clean,
S100YFV5,E25165,3167,listed,卸売業,株式会社TOKAIホールディングス,TOKAI Holdings Corporation,2026-03-31,2026-06-22,代表取締役社長 小栗 勝男,13,11.0,2.0,0.154,0.1538,13.0,0.0,39.9,13.3,6950962.0,0.114,0.633,,206000000.0,0,clean,
S100YFV6,E01146,5351,listed,ガラス・土石製品,品川リフラ株式会社(旧会社名 品川リフラクトリーズ株式会社),"SHINAGAWA REFRA CO.,LTD.(旧英訳名 SHINAGAWA REFRACTORIES CO.,LTD.)(注)2025年6月26日開催の第191回定時株主総会の決議により、2025年10月1日から会社名及び英訳名を上記のとおり変更いたしました。",2026-03-31,2026-06-22,代表取締役社長 藤原 弘之,10,8.0,2.0,0.2,0.2,10.0,0.0,44.7,17.3,6897613.0,0.03,0.776,,393000000.0,0,clean,
S100YFVI,E35335,7079,listed,サービス業,WDBココ株式会社,"WDB coco CO., LTD.",2026-03-31,2026-06-22,代表取締役社長 谷口 晴彦,11,10.0,1.0,0.091,0.0909,11.0,0.0,36.6,4.7,4565000.0,0.641,0.797,,62980000.0,0,clean,
S100YFVM,E00974,4553,listed,医薬品,東和薬品株式会社,"TOWA PHARMACEUTICAL CO., LTD.",2026-03-31,2026-06-22,代表取締役社長 吉田 逸郎,9,8.0,1.0,0.111,0.1111,9.0,0.0,35.5,9.7,6948000.0,0.156,0.671,,257000000.0,0,clean,
S100YFWA,E34470,7670,listed,卸売業,オーウエル株式会社,O-WELL CORPORATION,2026-03-31,2026-06-22,代表取締役社長 川戸 康晴,9,8.0,1.0,0.111,0.1111,9.0,0.0,45.1,15.9,6857000.0,0.026,0.643,,180000000.0,0,clean,
S100YFWH,E00547,3202,listed,繊維製品,ダイトウボウ株式会社,"Daitobo Co., Ltd.",2026-03-31,2026-06-22,代表取締役社長執行役員CEO 山内 一裕,9,8.0,1.0,0.11,0.1111,9.0,0.0,48.5,16.1,6497000.0,0.265,,,89213000.0,0,clean,
S100YFWI,E31009,6027,listed,サービス業,弁護士ドットコム株式会社,"Bengo4.com,Inc.",2026-03-31,2026-06-22,代表取締役社長 兼 CEO 元榮 太一郎,10,9.0,1.0,0.1,0.1,10.0,0.0,36.4,3.4,7247000.0,0.231,0.724,,93007000.0,0,clean,
S100YFWJ,E02176,7240,listed,輸送用機器,NOK株式会社,NOK CORPORATION,2026-03-31,2026-06-22,代表取締役社長執行役員グループCEO 鶴 正雄,10,9.0,1.0,0.1,0.1,10.0,0.0,42.3,19.3,8475417.0,0.032,0.774,,435000000.0,0,clean,
S100YFWS,E02411,6863,listed,電気機器,株式会社ニレコ,NIRECO CORPORATION,2026-03-31,2026-06-22,代表取締役社長 中杉 真一,6,5.0,1.0,0.167,0.1667,6.0,0.0,48.6,18.8,7115000.0,0.047,0.621,,89000000.0,0,clean,
S100YFWX,E03036,8022,listed,その他製品,美津濃株式会社,MIZUNO CORPORATION,2026-03-31,2026-06-22,代表取締役社長 水 野 明 人,8,6.0,2.0,0.25,0.25,8.0,0.0,42.6,17.3,7488000.0,0.113,0.75,,373000000.0,1,clean,
S100YFX5,E02642,8117,listed,卸売業,中央自動車工業株式会社,CENTRAL AUTOMOTIVE PRODUCTS LTD.,2026-03-31,2026-06-22,代表取締役社長 坂 田 信 一 郎,14,12.0,2.0,0.143,0.1429,14.0,0.0,41.0,15.0,9224000.0,0.135,0.859,,368645000.0,0,clean,
S100YFXN,E03487,3058,listed,小売業,株式会社三洋堂ホールディングス,Sanyodo Holdings Inc.,2026-03-31,2026-06-22,代表取締役社長最高経営責任者兼最高執行役員 加藤 和裕,10,5.0,5.0,0.5,0.5,10.0,0.0,48.4,22.2,4917000.0,0.15,0.366,,35535000.0,0,clean,
S100YFY1,E24073,8715,listed,保険業,アニコム ホールディングス株式会社,"Anicom Holdings, Inc.",2026-03-31,2026-06-22,代表取締役 小森 伸昭,11,10.0,1.0,0.09,0.0909,11.0,0.0,42.2,6.2,8399000.0,0.286,0.668,,207000000.0,0,clean,
S100YFY8,E00075,1944,listed,建設業,株式会社きんでん,KINDEN CORPORATION,2026-03-31,2026-06-22,取締役社長 上坂 隆勇,15,13.0,2.0,0.133,0.1333,15.0,0.0,41.6,19.5,9970353.0,,0.629,,534000000.0,0,clean,
S100YFZ6,E37158,4259,listed,情報・通信業,株式会社エクサウィザーズ,ExaWizards Inc.,2026-03-31,2026-06-22,代表取締役社長 CEO 春田 真,10,8.0,2.0,0.2,0.2,10.0,0.0,34.9,3.0,8550000.0,,0.691,,110000000.0,0,clean,
S100YFZJ,E02294,7769,listed,精密機器,リズム株式会社,"RHYTHM CO.,LTD.",2026-03-31,2026-06-22,代表取締役社長 湯本 武夫,10,9.0,1.0,0.1,0.1,10.0,0.0,43.2,15.5,5107000.0,0.103,0.762,,188375000.0,0,clean,
S100YG1N,E05550,2469,listed,サービス業,ヒビノ株式会社,Hibino Corporation,2026-03-31,2026-06-22,代表取締役社長(COO) 吉松 聡,11,11.0,,,,,,44.7,14.5,6712000.0,0.114,0.756,,297000000.0,0,clean,
S100YG20,E04609,9664,listed,サービス業,株式会社御園座,Misonoza Theatrical Corporation,2026-03-31,2026-06-22,代表取締役社長 宮 崎 敏 明,10,9.0,1.0,0.1,0.1,10.0,0.0,53.0,11.0,4085000.0,,,,22200000.0,0,clean,
S100YG2E,E04741,,unlisted,サービス業,有馬冨士開発株式会社,"Arimafuji Kaihatsu Co.,Ltd.",2026-03-31,2026-06-22,代表取締役社長 大島 均,0,,,,,,,,,,,,,,0,no_tagged_board,officers table is TextBlock only
S100YG2G,E00888,4365,listed,化学,松本油脂製薬株式会社,"MATSUMOTO YUSHI-SEIYAKU CO.,LTD.",2026-03-31,2026-06-22,代表取締役社長 木 村 直 樹,10,10.0,0.0,0.0,0.0,10.0,0.0,41.4,15.5,7549000.0,,0.537,,171000000.0,0,clean,
S100YG2P,E01058,4994,listed,化学,大成ラミックグループ株式会社,"Taisei Lamick Group Head Quarter &amp; Innovation Co., Ltd.",2026-03-31,2026-06-22,代表取締役社長 CEO 長谷部 正,9,7.0,2.0,0.22,0.2222,9.0,0.0,42.7,13.7,6997742.0,0.0,0.673,,182525000.0,0,clean,
S100YG2V,E40408,343A,listed,サービス業,株式会社IACEトラベル,IACE TRAVEL Corporation.,2026-03-31,2026-06-22,代表取締役社長執行役員 西澤 重治,9,8.0,1.0,0.111,0.1111,9.0,0.0,40.0,16.0,5322000.0,0.233,0.701,,82890000.0,0,clean,
S100YG3E,E00147,1860,listed,建設業,戸田建設株式会社,TODA CORPORATION,2026-03-31,2026-06-22,代表取締役社長 大 谷 清 介,11,9.0,2.0,0.182,0.1818,11.0,0.0,44.27,18.35,10382444.0,0.053,0.666,,376000000.0,1,clean,
S100YG3G,E01351,5820,listed,非鉄金属,株式会社三ッ星,"MITSUBOSHI CO.,LTD.",2026-03-31,2026-06-22,代表取締役社長 青木 邦博,7,6.0,1.0,0.14,0.1429,7.0,0.0,40.3,13.9,5487805.0,0.0,,,76144000.0,0,clean,
S100YG3O,E03321,7616,listed,小売業,株式会社コロワイド,"COLOWIDE CO.,LTD.",2026-03-31,2026-06-22,代表取締役社長 野尻 公平,10,8.0,2.0,0.2,0.2,10.0,0.0,44.1,14.2,6742000.0,0.208,0.643,,512000000.0,1,clean,
S100YG3Q,E01946,6954,listed,電気機器,ファナック株式会社,FANUC CORPORATION,2026-03-31,2026-06-22,代表取締役社長 山口 賢治,10,7.0,3.0,0.3,0.3,10.0,0.0,40.0,15.3,11444000.0,0.011,0.4,,897000000.0,4,clean,
S100YG3R,E21320,6632,listed,電気機器,株式会社JVCケンウッド,JVCKENWOOD Corporation,2026-03-31,2026-06-22,代表取締役 会長執行役員 最高経営責任者(CEO) 江口 祥一郎,14,12.0,2.0,0.143,0.1429,14.0,0.0,50.8,23.4,8628484.0,0.092,0.832,,430000000.0,0,clean,
S100YG40,E24558,1417,listed,建設業,株式会社ミライト・ワン,MIRAIT ONE Corporation,2026-03-31,2026-06-22,代表取締役社長 菅原 英宗,13,10.0,3.0,0.23,0.2308,13.0,0.0,44.9,17.8,7726016.0,0.043,0.734,,364000000.0,0,clean,
S100YG4M,E00238,1848,listed,建設業,株式会社富士ピー・エス,FUJI P.S CORPORATION,2026-03-31,2026-06-22,代表取締役社長 堤 忠彦,12,11.0,1.0,0.08,0.0833,12.0,0.0,44.2,15.9,7956439.0,0.044,0.682,,144000000.0,0,clean,
S100YG4N,E31626,3917,listed,情報・通信業,株式会社アイリッジ,"iRidge, Inc.",2026-03-31,2026-06-22,代表取締役社長 小田 健太郎,8,8.0,,,,,,41.3,4.0,7475000.0,,,,111908000.0,0,clean,
S100YG51,E27235,3670,listed,サービス業,協立情報通信株式会社,"Kyoritsu Computer &amp; Communication Co.,Ltd.",2026-03-31,2026-06-22,代表取締役 佐々木 修,10,10.0,0.0,,0.0,10.0,0.0,39.6,14.3,5627000.0,0.077,,,93850000.0,0,clean,
S100YG54,E02838,7480,listed,卸売業,スズデン株式会社,SUZUDEN CORPORATION,2026-03-31,2026-06-22,代表取締役社長 高 谷 健 文,8,7.0,1.0,0.125,0.125,8.0,0.0,41.4,16.7,6582000.0,0.07,0.646,,314400000.0,0,clean,
S100YG56,E01396,5994,listed,金属製品,株式会社ファインシンター,"FINE SINTER CO., LTD.",2026-03-31,2026-06-22,代表取締役社長 山 口 登 士 也,9,9.0,,,,,,45.2,19.3,7170000.0,0.058,0.752,,141471000.0,0,clean,
S100YG5D,E00271,1777,listed,建設業,川崎設備工業株式会社,"KAWASAKI SETSUBI KOGYO CO., LTD.",2026-03-31,2026-06-22,代表取締役社長 廣 江 勝 志,12,11.0,1.0,0.083,0.0833,12.0,0.0,43.6,15.1,8653525.0,0.015,0.716,,201000000.0,0,clean,
S100YG5J,E27615,3185,listed,小売業,夢展望株式会社,"DREAM VISION CO.,LTD.",2026-03-31,2026-06-22,代表取締役社長 津田 茂寿,6,6.0,,,,,,37.8,7.1,3596000.0,0.429,0.565,,17196000.0,0,clean,
S100YG5L,E04762,8591,listed,その他金融業,オリックス株式会社,ORIX CORPORATION,2026-03-31,2026-06-22,代表執行役 髙橋 英丈,10,27.0,5.0,0.156,0.5,32.0,22.0,44.2,15.8,10396546.0,0.341,0.642,,3446000000.0,7,clean,
S100YG71,E35497,5368,listed,ガラス・土石製品,日本インシュレーション株式会社,"JAPAN INSULATION CO.,LTD.",2026-03-31,2026-06-22,代表取締役社長執行役員 中野 強,10,9.0,1.0,0.1,0.1,10.0,0.0,42.1,13.9,6270000.0,0.039,0.76,,131386000.0,0,clean,
S100YG72,E03669,8560,listed,銀行業,株式会社宮崎太陽銀行,"The Miyazaki Taiyo Bank, Ltd.",2026-03-31,2026-06-22,取締役頭取 黒 木 浩,12,11.0,1.0,0.083,0.0833,12.0,0.0,37.4,15.2,5426000.0,0.034,0.524,,158000000.0,0,clean,
S100YG75,E01113,5185,listed,ゴム製品,株式会社フコク,"Fukoku Co.,Ltd.",2026-03-31,2026-06-22,代表取締役社長 大城 郁男,12,11.0,1.0,0.083,0.0833,12.0,0.0,44.3,15.6,6471860.0,0.042,0.731,,171000000.0,0,clean,
S100YG7E,E03868,,unlisted,不動産業,株式会社東京建設会館,TOKYO KENSETSUKAIKAN LTD.,2026-03-31,2026-06-22,代表取締役社長 富 岡 孝 行,0,,,,,,,,,,,,,,0,no_tagged_board,officers table is TextBlock only
S100YG80,E37130,4414,listed,情報・通信業,株式会社フレクト,"FLECT Co., Ltd.",2026-03-31,2026-06-22,代表取締役CEO 黒川 幸治,5,5.0,0.0,0.0,0.0,5.0,0.0,36.5,3.2,6654000.0,0.021,0.776,,50259000.0,0,clean,
S100YG81,E01755,6645,listed,電気機器,オムロン株式会社,OMRON Corporation,2026-03-31,2026-06-22,代表取締役社長 CEO 辻 永 順 太,12,10.0,2.0,0.167,0.1667,12.0,0.0,44.5,14.8,8882000.0,0.134,0.762,,1238000000.0,5,clean,
S100YG97,E04869,9658,listed,情報・通信業,株式会社ビジネスブレイン太田昭和,BUSINESS BRAIN SHOWA・OTA INC.,2026-03-31,2026-06-22,代表取締役社長 小宮 一浩,14,13.0,1.0,0.071,0.0714,14.0,0.0,38.3,7.4,7306330.0,0.176,0.665,,378410000.0,0,clean,
S100YG9T,E01211,5284,listed,ガラス・土石製品,ヤマウホールディングス株式会社,"YAMAU HOLDINGS CO., LTD.",2026-03-31,2026-06-22,代表取締役社長 有 田 徹 也,7,6.0,1.0,0.143,0.1429,7.0,0.0,,,,,,,42688000.0,0,clean,
S100YGAR,E31633,4980,listed,化学,デクセリアルズ株式会社,Dexerials Corporation,2026-03-31,2026-06-22,代表取締役社長 新家 由久,8,7.0,1.0,0.125,0.125,8.0,0.0,44.0,15.0,7693479.0,0.088,0.869,,470000000.0,2,clean,
S100YGBF,E03457,3372,listed,小売業,株式会社 関門海,"KANMONKAI Co.,Ltd.",2026-03-31,2026-06-22,代表取締役社長 山口 久美子,6,5.0,1.0,0.167,0.1667,6.0,0.0,37.5,7.4,4411000.0,0.217,0.845,,26580000.0,0,clean,
S100YGBO,E01737,6501,listed,電気機器,株式会社日立製作所,"Hitachi, Ltd.",2026-03-31,2026-06-22,執行役社長兼CEO 德永 俊昭,11,38.0,7.0,0.16,0.6364,45.0,34.0,42.2,18.1,9949714.0,0.089,0.716,,7571000000.0,33,clean,
S100YGCS,E21261,2181,listed,サービス業,パーソルホールディングス株式会社,"PERSOL HOLDINGS CO.,LTD.",2026-03-31,2026-06-22,代表取締役社長 CEO 和田 孝雄,9,6.0,3.0,0.33,0.3333,9.0,0.0,40.9,6.3,8818492.0,0.349,0.731,,417000000.0,2,clean,
S100YGCZ,E02506,8020,listed,卸売業,兼松株式会社,KANEMATSU CORPORATION,2026-03-31,2026-06-22,代表取締役社長 宮部 佳也,11,9.0,2.0,0.182,0.1818,11.0,0.0,37.7,12.1,12015894.0,0.106,0.617,,425000000.0,2,clean,
S100YGD5,E02759,9929,listed,卸売業,平和紙業株式会社,"HEIWA PAPER CO.,LTD.",2026-03-31,2026-06-22,代表取締役社長 清家 義雄,11,11.0,,,,,,46.9,22.5,6382000.0,0.077,0.805,,110491000.0,0,clean,
S100YGDD,E41037,483A,listed,情報・通信業,テラテクノロジー株式会社,"Tera Technology, Inc.",2026-03-31,2026-06-22,代表取締役 宮本 一成,11,7.0,4.0,0.364,0.3636,11.0,0.0,32.6,8.3,6064675.0,0.105,0.865,,120183000.0,0,clean,
S100YGEC,E03310,7596,listed,小売業,株式会社魚力,"UORIKI CO.,LTD.",2026-03-31,2026-06-22,代表取締役社長 黑川 隆英,11,10.0,1.0,0.091,0.0909,11.0,0.0,44.0,14.2,6293850.0,0.065,0.554,,152271000.0,0,clean,
S100YGFS,E04341,9025,listed,陸運業,鴻池運輸株式会社,"Konoike Transport Co.,Ltd.",2026-03-31,2026-06-22,代表取締役会長兼社長執行役員 鴻池 忠彦,9,7.0,2.0,0.222,0.2222,9.0,0.0,44.0,13.4,5867068.0,0.048,0.493,,251000000.0,0,clean,
S100YGGN,E03863,9706,listed,不動産業,日本空港ビルデング株式会社,"Japan Airport Terminal Co.,Ltd.",2026-03-31,2026-06-22,代表取締役社長 田中 一仁,15,12.0,3.0,0.2,0.2,15.0,0.0,40.0,13.0,9198584.0,0.341,0.88,,427000000.0,0,clean,
S100YGH5,E02778,9984,listed,情報・通信業,ソフトバンクグループ株式会社,SoftBank Group Corp.,2026-03-31,2026-06-22,代表取締役 会長兼社長執行役員 孫 正義,13,10.0,3.0,0.2308,0.2308,13.0,0.0,41.2,10.1,13195551.0,0.27,0.552,,1027000000.0,3,clean,
S100YGH9,E05699,3853,listed,情報・通信業,アステリア株式会社,ASTERIA Corporation,2026-03-31,2026-06-22,代表取締役 執行役員 社長 平野 洋一郎,9,7.0,2.0,0.222,0.2222,9.0,0.0,41.9,9.5,8126954.0,0.262,,,95428000.0,0,clean,
S100YGHA,E00871,4242,listed,化学,株式会社タカギセイコー,TAKAGI SEIKO CORPORATION,2026-03-31,2026-06-22,代表取締役社長 高 木 章 裕,11,10.0,1.0,0.09,0.0909,11.0,0.0,43.9,19.4,5456000.0,0.037,0.633,,176000000.0,0,clean,
S100YGHR,E36130,4169,listed,サービス業,ENECHANGE株式会社,ENECHANGE Ltd.,2026-03-31,2026-06-22,代表取締役CEO 丸岡 智也,7,5.0,2.0,0.286,0.2857,7.0,0.0,37.0,2.7,6046771.0,0.147,0.66,,138355000.0,0,clean,
S100YGHU,E40727,416A,listed,卸売業,富士ユナイトホールディングス株式会社,"FUJI UNITED HOLDINGS COMPANY,LTD.",2026-03-31,2026-06-22,代表取締役社長 兼 CEO 川崎 靖弘,8,6.0,2.0,0.25,0.25,8.0,0.0,44.3,,7673126.0,,,,60000000.0,0,clean,
S100YGIC,E05045,4732,listed,サービス業,株式会社ユー・エス・エス,"USS Co., Ltd",2026-03-31,2026-06-22,代表取締役会長 安藤 之弘,10,8.0,2.0,0.2,0.2,10.0,0.0,39.4,13.0,7697000.0,0.056,0.608,,509000000.0,2,clean,
S100YGIX,E00809,4112,listed,化学,保土谷化学工業株式会社,"Hodogaya Chemical Co., Ltd.",2026-03-31,2026-06-22,取締役社長 松本 祐人,7,6.0,1.0,0.143,0.1429,7.0,0.0,41.5,16.8,6972000.0,0.107,0.797,,140000000.0,0,clean,
S100YGJS,E03374,2694,listed,小売業,株式会社焼肉坂井ホールディングス,Yakiniku Sakai Holdings Inc.,2026-03-31,2026-06-22,代表取締役社長 髙橋 仁志,9,8.0,1.0,0.111,0.1111,9.0,0.0,40.4,10.3,4139311.0,0.066,0.549,,117575000.0,0,clean,
S100YGJY,E34052,4388,listed,情報・通信業,株式会社エーアイ,"AI,Inc.",2026-03-31,2026-06-22,代表取締役社長 廣飯 伸一,7,6.0,1.0,0.14,0.1429,7.0,0.0,42.8,9.1,5290000.0,0.2,0.642,,73992000.0,0,clean,
S100YGKM,E31381,6039,listed,サービス業,株式会社日本動物高度医療センター,"Japan Animal Referral Medical Center Co.,Ltd.",2026-03-31,2026-06-22,代表取締役社長 平尾 秀博,7,6.0,1.0,0.14,0.1429,7.0,0.0,34.7,5.0,6161000.0,0.439,,,108617000.0,0,clean,
S100YGKQ,E00360,2114,listed,食料品,フジ日本株式会社,Fuji Nihon Corporation,2026-03-31,2026-06-22,代表取締役社長 曾 我 英 俊,8,7.0,1.0,0.125,0.125,8.0,0.0,40.7,12.4,8759000000.0,0.0714,0.745,,94000000.0,0,clean,
S100YGKR,E04031,8934,listed,不動産業,サンフロンティア不動産株式会社,"Sun Frontier Fudousan Co., Ltd.",2026-03-31,2026-06-22,代表取締役社長 齋 藤 清 一,9,8.0,1.0,0.11,0.1111,9.0,0.0,36.0,7.06,7683000.0,0.092,0.772,,297700000.0,0,clean,
S100YGLS,E05469,3766,listed,情報・通信業,システムズ・デザイン株式会社,"SYSTEMS DESIGN CO., Ltd.",2026-03-31,2026-06-22,代表取締役社長 隈元 裕,8,7.0,1.0,0.125,0.125,8.0,0.0,38.9,9.8,5528388.0,0.163,0.545,,102545000.0,0,clean,
S100YGM2,E00204,1914,listed,建設業,日本基礎技術株式会社,"JAPAN FOUNDATION ENGINEERING CO.,LTD.",2026-03-31,2026-06-22,取締役社長 中原 巖,9,9.0,,,,,,43.7,18.4,7989013.0,0.003,0.777,,243000000.0,0,clean,
S100YGM6,E05471,3768,listed,情報・通信業,リスクモンスター株式会社,Riskmonster.com,2026-03-31,2026-06-22,代表取締役社長 藤本 太一,6,5.0,1.0,0.167,0.1667,6.0,0.0,39.0,8.1,5493000.0,0.227,,,73181000.0,0,clean,
S100YGME,E03621,5838,listed,銀行業,楽天銀行株式会社,"Rakuten Bank, Ltd.",2026-03-31,2026-06-22,代表取締役社長 東林 知隆,9,8.0,1.0,0.111,0.1111,9.0,0.0,37.4,5.5,7072000.0,0.171,0.636,,196000000.0,0,clean,
S100YGMS,E03181,9904,listed,小売業,株式会社ベリテ,"Vérité Co.,Ltd.",2026-03-31,2026-06-22,代表取締役社長CEO ジャベリ・アルパン・キルティクマール,9,9.0,0.0,,0.0,9.0,0.0,38.27,6.91,3432608.0,0.709,0.609,,70000000.0,0,clean,
S100YGMU,E05377,1717,listed,建設業,明豊ファシリティワークス株式会社,Meiho Facility Works Ltd.,2026-03-31,2026-06-22,代表取締役社長 大 貫 美,8,7.0,1.0,0.125,0.125,8.0,0.0,46.5,10.6,12177000.0,0.123,,,204000000.0,0,clean,
S100YGND,E00769,4044,listed,化学,セントラル硝子株式会社,"Central Glass Co.,Ltd.",2026-03-31,2026-06-22,代表取締役 社長執行役員 前田 一彦,10,8.0,2.0,0.2,0.2,10.0,0.0,37.1,15.2,7165636.0,0.035,0.794,,266000000.0,0,clean,
S100YGNY,E01191,,unlisted,ガラス・土石製品,琉球セメント株式会社,"RYUKYU CEMENT CO.,LTD.",2026-03-31,2026-06-22,代表取締役社長 新垣 秀人,0,,,,,,,,,,,,,,0,no_tagged_board,officers table is TextBlock only
S100YGO3,E01731,6262,listed,機械,株式会社PEGASUS,"PEGASUS CO., LTD.",2026-03-31,2026-06-22,代表取締役社長 美 馬 成 望,9,7.0,2.0,0.22,0.2222,9.0,0.0,45.6,18.8,5632000.0,,,,169402000.0,0,clean,
S100YGOR,E02124,7004,listed,機械,カナデビア株式会社,Kanadevia Corporation,2026-03-31,2026-06-22,取締役社長 桑原 道,12,9.0,3.0,0.25,0.25,12.0,0.0,43.9,15.8,8298285.0,0.048,0.792,,308000000.0,0,clean,
S100YGPD,E25620,3652,listed,情報・通信業,株式会社ディジタルメディアプロフェッショナル,Digital Media Professionals Inc.,2026-03-31,2026-06-22,代表取締役会長兼社長CEO 山本 達夫,8,7.0,1.0,0.125,0.125,8.0,0.0,42.0,6.0,8845000.0,,,,78000000.0,0,clean,
S100YGQ8,E38723,9332,listed,サービス業,NISSOホールディングス株式会社,"NISSO HOLDINGS Co., Ltd.",2026-03-31,2026-06-22,代表取締役社長執行役員 清水 竜一,9,8.0,1.0,0.111,0.1111,9.0,0.0,47.0,19.6,7268247.0,,,,185000000.0,0,clean,
S100YGQB,E02386,7988,listed,化学,株式会社ニフコ,NIFCO INC.,2026-03-31,2026-06-22,代表取締役社長 柴尾 雅春,8,6.0,2.0,0.25,0.25,8.0,0.0,42.5,16.5,7463337.0,0.057,0.589,,311000000.0,1,clean,
S100YGR0,E37499,6226,listed,機械,守谷輸送機工業株式会社,"Moriya Transportation Engineering and Manufacturing Co.,Ltd.",2026-03-31,2026-06-22,代表取締役社長 守谷 貞夫,12,12.0,,,,,,40.7,8.6,8606000.0,0.056,0.714,,312880000.0,0,clean,
S100YGR8,E05651,3237,listed,不動産業,株式会社イントランス,"INTRANCE CO.,LTD.",2026-03-31,2026-06-22,代表取締役社長 何 同璽,7,7.0,0.0,0.0,0.0,7.0,0.0,45.7,6.2,6665000.0,,,,43890000.0,0,clean,
S100YGS4,E01075,8132,listed,卸売業,シナネンホールディングス株式会社,"SINANEN HOLDINGS CO., LTD.",2026-03-31,2026-06-22,代表取締役 社長執行役員 中込 太郎,8,6.0,2.0,0.25,0.25,8.0,0.0,44.3,9.9,7571218.0,0.156,0.579,,490000000.0,0,clean,
S100YGSA,E38201,5244,listed,情報・通信業,株式会社jig.jp,"jig.jp co.,ltd.",2026-03-31,2026-06-22,代表取締役社長CEO 川股 将,11,8.0,3.0,0.273,0.2727,11.0,0.0,35.2,6.2,6666000.0,,,,108611000.0,0,clean,
S100YGSS,E01727,6433,listed,機械,ヒーハイスト株式会社,"HEPHAIST CO.,LTD.",2026-03-31,2026-06-22,代表取締役社長 尾崎 浩太,8,,,,,,,43.0,13.8,4420000.0,0.111,0.685,,112496000.0,0,clean,
S100YGSY,E39903,247A,listed,化学,Aiロボティクス株式会社,Ai ROBOTICS INC.,2026-03-31,2026-06-22,代表取締役社長 龍川 誠,7,6.0,1.0,0.143,0.1429,7.0,0.0,33.2,2.9,16020000.0,,,,165250000.0,0,clean,
S100YGTZ,E00452,2805,listed,食料品,ヱスビー食品株式会社,S&B FOODS INC.,2026-03-31,2026-06-22,代表取締役社長 池村 和也,12,10.0,2.0,0.167,0.1667,12.0,0.0,41.4,13.8,6972819.0,0.123,0.753,,255000000.0,0,clean,
S100YGU2,E00209,1966,listed,建設業,株式会社高田工業所,TAKADA CORPORATION,2026-03-31,2026-06-22,代表取締役社長 髙田 寿一郎,14,13.0,1.0,0.071,0.0714,14.0,0.0,41.5,16.6,6059872.0,,0.712,,404550000.0,1,clean,
S100YGUI,E00840,4183,listed,化学,三井化学株式会社,"Mitsui Chemicals, Inc.",2026-03-31,2026-06-22,代表取締役社長 市村 聡,13,11.0,2.0,0.154,0.1538,13.0,0.0,40.0,15.0,8717118.0,0.08,0.848,,543000000.0,1,clean,
S100YGUZ,E38171,5138,listed,情報・通信業,株式会社Rebase,"Rebase, Inc.",2026-03-31,2026-06-22,代表取締役 佐藤 海,7,7.0,,,,,,36.3,3.0,7348000.0,,,,90982000.0,0,clean,
S100YGVF,E03597,8393,listed,銀行業,株式会社宮崎銀行,"The Miyazaki Bank,Ltd.",2026-03-31,2026-06-22,取締役頭取 杉 田 浩 二,10,9.0,1.0,0.1,0.1,10.0,0.0,38.5,15.3,6610000.0,0.253,0.522,,236000000.0,0,clean,
S100YGVQ,E04849,9698,listed,情報・通信業,株式会社クレオ,"CREO CO.,LTD.",2026-03-31,2026-06-22,代表取締役社長 COO 二宮 桐人,9,8.0,1.0,0.111,0.1111,9.0,0.0,41.8,14.3,5842751.0,0.098,0.791,,151000000.0,0,clean,
S100YGW0,E05552,3793,listed,情報・通信業,株式会社ドリコム,"Drecom Co.,Ltd.",2026-03-31,2026-06-22,代表取締役社長 内藤 裕紀,5,4.0,1.0,0.2,0.2,5.0,0.0,39.1,6.8,7617515.0,0.094,0.712,,102692000.0,0,clean,
S100YGWB,E02414,7743,listed,精密機器,株式会社シード,"SEED Co., Ltd.",2026-03-31,2026-06-22,代表取締役社長 佐藤 隆郎,14,10.0,4.0,0.286,0.2857,14.0,0.0,36.8,12.8,6002763.0,0.246,0.717,,144366000.0,0,clean,
S100YGWC,E02073,6430,listed,機械,ダイコク電機株式会社,"DAIKOKU DENKI CO.,LTD.",2026-03-31,2026-06-22,代表取締役社長 栢 森 雅 勝,10,9.0,1.0,0.1,0.1,10.0,0.0,46.1,18.5,9375000.0,0.045,0.678,,364120000.0,0,clean,
S100YGWF,E05629,2127,listed,サービス業,株式会社日本M&Aセンターホールディングス,Nihon M&amp;A Center Holdings Inc.,2026-03-31,2026-06-22,代表取締役社長 三 宅 卓,13,11.0,2.0,0.154,0.1538,13.0,0.0,,,,,,,917000000.0,4,clean,
S100YGWG,E21706,2183,listed,サービス業,株式会社リニカル,"Linical Co., Ltd.",2026-03-31,2026-06-22,代表取締役社長 秦野 和浩,6,4.0,2.0,0.333,0.3333,6.0,0.0,37.1,8.5,6830097.0,0.373,0.796,,119700000.0,0,clean,
S100YGWT,E05192,4849,listed,サービス業,エン株式会社 (旧会社名 エン・ジャパン株式会社),en Inc. (旧英訳名 en Japan Inc.)(注)2025年6月24日開催の第25期定時株主総会の決議により、 2025年10月1日から会社名を上記のとおり変更いたしました。,2026-03-31,2026-06-22,代表取締役会長兼社長 越智 通勝,7,6.0,1.0,0.143,0.1429,7.0,0.0,31.0,4.0,5401000.0,0.237,0.745,,138000000.0,0,clean,
S100YGWW,E03145,9850,listed,小売業,株式会社グルメ杵屋,"GOURMET KINEYA CO.,LTD.",2026-03-31,2026-06-22,代表執行役社長 CEO 椋本 充士,10,12.0,4.0,0.25,0.4,16.0,6.0,46.9,10.37,5719224.0,0.085,0.619,,139000000.0,0,clean,
S100YGX6,E02237,7220,listed,輸送用機器,武蔵精密工業株式会社,"MUSASHI SEIMITSU INDUSTRY CO., LTD.",2026-03-31,2026-06-22,代表取締役社長 大塚 浩史,11,8.0,3.0,0.27,0.2727,11.0,0.0,42.3,17.2,7012793.0,0.0308,0.708,,392000000.0,1,clean,
S100YGXU,E33622,8919,listed,不動産業,株式会社カチタス,"KATITAS Co., Ltd.",2026-03-31,2026-06-22,代表取締役社長 新井 健資,11,8.0,3.0,0.273,0.2727,11.0,0.0,32.3,6.2,5910000.0,0.075,0.842,,113000000.0,0,clean,
S100YGY8,E02219,7294,listed,輸送用機器,株式会社ヨロズ,YOROZU CORPORATION,2026-03-31,2026-06-22,代表取締役社長 平 中 勉,9,7.0,2.0,0.2222,0.2222,9.0,0.0,40.3,12.5,6387000000.0,0.147,0.784,,313000000.0,0,clean,
S100YH06,E01355,5911,listed,金属製品,株式会社横河ブリッジホールディングス,Yokogawa Bridge Holdings Corp.,2026-03-31,2026-06-22,代表取締役社長執行役員 中村 譲,11,8.0,3.0,0.273,0.2727,11.0,0.0,42.9,17.3,8600418.0,0.05,0.738,,316000000.0,0,clean,
S100YH2B,E02142,7201,listed,輸送用機器,日産自動車株式会社,"NISSAN MOTOR CO., LTD.",2026-03-31,2026-06-22,代表執行役社長兼最高経営責任者 イヴァン エスピノーサ,12,10.0,4.0,0.29,0.3333,14.0,2.0,40.9,14.9,8571467.0,0.113,0.847,,1656000000.0,2,clean,
S100YH49,E33016,3559,listed,卸売業,株式会社ピーバンドットコム,p-ban.com Corp.,2026-03-31,2026-06-22,代表取締役社長 後藤 康進,6,6.0,,,,,,39.96,6.5,5705000.0,,,,80573000.0,0,clean,
S100YH4P,E02241,7218,listed,輸送用機器,田中精密工業株式会社,"TANAKA SEIMITSU KOGYO CO.,LTD.",2026-03-31,2026-06-22,代表取締役 社長執行役員 田中 英一郎,8,6.0,2.0,0.25,0.25,8.0,0.0,43.5,19.1,5243607.0,0.061,0.685,,129511000.0,0,clean,
S100YH5C,E05739,3626,listed,情報・通信業,TIS株式会社,TIS Inc.,2026-03-31,2026-06-22,代表取締役社長 岡本 安史,14,10.0,4.0,0.286,0.2857,14.0,0.0,40.0,14.0,8289000.0,0.152,0.811,,444000000.0,0,clean,
S100Y9BG,E04410,9404,listed,情報・通信業,日本テレビホールディングス株式会社,"Nippon Television Holdings, Inc.",2026-03-31,2026-06-23,代表取締役会長執行役員 杉山 美邦,14,13.0,1.0,0.071,0.0714,14.0,0.0,48.6,17.0,13983167.0,,,,351000000.0,0,clean,
S100Y9J8,E22461,3634,listed,情報・通信業,株式会社ソケッツ,Sockets Inc.,2026-03-31,2026-06-23,代表取締役社長 浦部 浩司,7,7.0,,,,,,42.7,9.0,6968000.0,,,,64875000.0,0,clean,
S100YA88,E41331,550A,listed,情報・通信業,株式会社ソフトテックス,"SOFTTEX Co., Ltd.",2026-03-31,2026-06-23,代表取締役社長 石黒 佳彦,9,8.0,1.0,0.111,0.1111,9.0,0.0,39.3,12.5,5713000.0,0.0263,0.7631,,111414000.0,0,clean,
S100YACF,E33794,6568,listed,サービス業,神戸天然物化学株式会社,"KNC Laboratories Co., Ltd.",2026-03-31,2026-06-23,代表取締役社長 真岡 宅哉,9,9.0,,,,,,41.3,11.9,6386000.0,0.134,0.803,,146268000.0,0,clean,
S100YB1X,E04381,,unlisted,情報・通信業,株式会社秋田放送,"AKITA BROADCASTING SYSTEM, INC.",2026-03-31,2026-06-23,代表取締役社長 栁沼 秀光,0,,,,,,,,,,,,,,0,no_tagged_board,officers table is TextBlock only
S100YB5D,E38689,177A,listed,医薬品,コージンバイオ株式会社,"Kohjin Bio Co., Ltd.",2026-03-31,2026-06-23,代表取締役社長 中村 孝人,9,8.0,1.0,0.111,0.1111,9.0,0.0,38.6,6.1,5535000.0,0.25,0.695,,124443000.0,0,clean,
S100YBAT,E01573,6370,listed,機械,栗田工業株式会社,Kurita Water Industries Ltd.,2026-03-31,2026-06-23,取締役兼代表執行役社長 江尻 裕彦,8,10.0,2.0,0.1667,0.25,12.0,4.0,43.3,16.0,10017000.0,0.058,0.706,,752000000.0,3,clean,
S100YBP0,E03133,8255,listed,小売業,アクシアル リテイリング株式会社,Axial Retailing Inc.,2026-03-31,2026-06-23,代表取締役社長・CEO 原 和 彦,13,12.0,1.0,0.077,0.0769,13.0,0.0,53.3,3.6,8494000.0,,,,311000000.0,0,clean,
S100YBTS,E02735,9882,listed,卸売業,株式会社イエローハット,YELLOW HAT LTD.,2025-03-31,2025-06-20,代表取締役社長 木村 昭夫,12,10.0,2.0,0.166,0.1667,12.0,0.0,49.0,23.0,7098000.0,,,,244000000.0,0,clean,
S100YBZR,E02735,9882,listed,卸売業,株式会社イエローハット,YELLOW HAT LTD.,2021-03-31,2021-06-23,代表取締役社長 堀江 康生,10,9.0,1.0,0.1,0.1,10.0,0.0,47.7,22.0,6962000.0,,,,177000000.0,0,clean,
S100YBZX,E02735,9882,listed,卸売業,株式会社イエローハット,YELLOW HAT LTD.,2022-03-31,2022-06-22,代表取締役社長 堀江 康生,11,9.0,1.0,0.1,0.0909,10.0,-1.0,48.2,22.0,6992000.0,,,,177000000.0,0,partial,G1 counted 11 board rows > 10 tagged officers
S100YC0A,E02735,9882,listed,卸売業,株式会社イエローハット,YELLOW HAT LTD.,2023-03-31,2023-06-21,代表取締役社長 堀江 康生,11,9.0,2.0,0.181,0.1818,11.0,0.0,49.0,23.0,7030000.0,,,,183000000.0,0,clean,
S100YC0B,E02735,9882,listed,卸売業,株式会社イエローハット,YELLOW HAT LTD.,2024-03-31,2024-06-20,代表取締役社長 木村 昭夫,13,11.0,2.0,0.153,0.1538,13.0,0.0,48.6,23.0,7062000.0,,,,178000000.0,0,clean,
S100YC2P,E02735,9882,listed,卸売業,株式会社イエローハット,YELLOW HAT LTD.,2026-03-31,2026-06-23,代表取締役社長 木村 昭夫,12,10.0,2.0,0.166,0.1667,12.0,0.0,48.4,21.0,7285000.0,,0.289,,281000000.0,0,clean,
S100YCN8,E04239,9110,listed,海運業,NSユナイテッド海運株式会社,"NS UNITED KAIUN KAISHA, LTD.",2026-03-31,2026-06-23,代表取締役社長 山中 一馬,13,10.0,3.0,0.23,0.2308,13.0,0.0,40.2,14.4,11966894.0,0.013,0.71,,353000000.0,0,clean,
S100YCOO,E00387,2222,listed,食料品,寿スピリッツ株式会社,"Kotobuki Spirits Co., Ltd.",2026-03-31,2026-06-23,代表取締役社長 河越 誠剛,9,7.0,2.0,0.22,0.2222,9.0,0.0,49.6,14.6,10244628.0,,,,218000000.0,0,clean,
S100YDD0,E03020,8242,listed,小売業,エイチ・ツー・オー リテイリング株式会社,H2O RETAILING CORPORATION,2026-03-31,2026-06-23,代表取締役社長 荒 木 直 也,9,7.0,2.0,0.222,0.2222,9.0,0.0,46.2,18.5,10012000.0,0.157,0.842,,258000000.0,0,clean,
S100YDEW,E01066,4241,listed,化学,株式会社 アテクト,atect corporation,2026-03-31,2026-06-23,代表取締役社長執行役員 大西 誠,8,7.0,1.0,0.125,0.125,8.0,0.0,40.3,6.0,4922000.0,0.153,0.63,,46604000.0,0,clean,
S100YDVP,E02244,,unlisted,輸送用機器,株式会社山田製作所,"Yamada Manufacturing Co., Ltd.",2026-03-31,2026-06-23,代表取締役社長 佐藤 賢,11,10.0,1.0,0.09,0.0909,11.0,0.0,43.5,18.5,6289295.0,0.0,0.758,,258000000.0,0,clean,
S100YDVR,E02837,7481,listed,卸売業,尾家産業株式会社,"OIE SANGYO CO., LTD.",2026-03-31,2026-06-23,代表取締役社長執行役員 尾家 健太郎,9,7.0,2.0,0.222,0.2222,9.0,0.0,40.2,14.2,7559000.0,0.104,0.633,,204000000.0,0,clean,
S100YDWB,E03399,2730,listed,小売業,株式会社エディオン,EDION Corporation,2026-03-31,2026-06-23,代表取締役会長執行役員CEO 久保 允誉,16,14.0,2.0,0.125,0.125,16.0,0.0,43.0,18.0,5434000.0,0.033,0.458,,769000000.0,2,clean,
S100YDWW,E01261,5423,listed,鉄鋼,東京製鐵株式会社,"TOKYO STEEL MANUFACTURING CO.,LTD.",2026-03-31,2026-06-23,代表取締役社長 奈良 暢明,5,4.0,1.0,0.2,0.2,5.0,0.0,39.8,16.9,8224000.0,0.0147,0.738,,160000000.0,0,clean,
S100YDWY,E04500,9509,listed,電気・ガス業,北海道電力株式会社,"Hokkaido Electric Power Company, Incorporated",2026-03-31,2026-06-23,代表取締役 社長執行役員 齋 藤 晋,14,12.0,2.0,0.143,0.1429,14.0,0.0,41.3,18.2,8276143.0,,0.63,,421000000.0,0,clean,
S100YDYN,E35496,4888,listed,医薬品,ステラファーマ株式会社,STELLA PHARMA CORPORATION,2026-03-31,2026-06-23,代表取締役社長 上原 幸樹,7,7.0,,,,,,48.5,7.0,6630190.0,,,,84212000.0,0,clean,
S100YDYR,E00904,4635,listed,化学,東京インキ株式会社,"TOKYO PRINTING INK MFG. CO., LTD.",2026-03-31,2026-06-23,代表取締役社長 堀 川 聡,9,8.0,1.0,0.11,0.1111,9.0,0.0,44.7,21.6,7797283.0,0.035,0.658,,205000000.0,0,clean,
S100YDZ1,E02163,7261,listed,輸送用機器,マツダ株式会社,Mazda Motor Corporation,2026-03-31,2026-06-23,代表取締役社長 毛籠 勝弘,15,12.0,3.0,0.2,0.2,15.0,0.0,42.5,17.7,7112000.0,0.058,0.841,,1287000000.0,3,clean,
S100YE1A,E34880,4442,listed,情報・通信業,バルテス・ホールディングス株式会社,"VALTES HOLDINGS CO.,LTD.",2026-03-31,2026-06-23,代表取締役会長兼社長 田中 真史,7,6.0,1.0,0.14,0.1429,7.0,0.0,38.7,4.5,6246000.0,0.19,0.524,,65296000.0,0,clean,
S100YE63,E04090,9005,listed,陸運業,東急株式会社,TOKYU CORPORATION,2026-03-31,2026-06-23,取締役社長 堀江 正博,13,11.0,2.0,0.154,0.1538,13.0,0.0,42.0,12.0,9034606.0,0.148,0.68,,468000000.0,0,clean,
S100YE9E,E02170,7226,listed,輸送用機器,極東開発工業株式会社,"KYOKUTO KAIHATSU KOGYO CO., LTD.",2026-03-31,2026-06-23,代表取締役社長 布原 達也,12,11.0,1.0,0.083,0.0833,12.0,0.0,42.3,16.6,7142000.0,0.008,0.671,,288000000.0,0,clean,
S100YE9L,E03964,,unlisted,不動産業,株式会社宮城県建設会館,"Miyagikenkensetsukaikan CO.,LTD.",2026-03-31,2026-06-23,代表取締役 千 葉 嘉 春,0,,,,,,,,,,,,,,0,no_tagged_board,officers table is TextBlock only
S100YEEQ,E00334,2282,listed,食料品,日本ハム株式会社,NH Foods Ltd.,2026-03-31,2026-06-23,代表取締役社長 前 田 文 男,13,11.0,2.0,0.154,0.1538,13.0,0.0,40.1,15.4,8754140.0,0.127,0.735,,380000000.0,0,clean,
S100YEHQ,E04336,9193,listed,倉庫・運輸関連,東京汽船株式会社,"Tokyo Kisen Co.,Ltd.",2026-03-31,2026-06-23,代表取締役 社長執行役員 齊 藤 宏 之,11,10.0,1.0,0.091,0.0909,11.0,0.0,41.4,17.5,10663000.0,0.067,0.582,,194038000.0,0,clean,
S100YEID,E02527,8070,listed,卸売業,東京産業株式会社,"TOKYO SANGYO CO., LTD.",2026-03-31,2026-06-23,代表取締役会長 蒲 原 稔,8,7.0,1.0,0.125,0.125,8.0,0.0,43.88,13.9,9586150.0,0.051,0.706,,270000000.0,0,clean,
S100YEIF,E02850,7504,listed,卸売業,株式会社高速,KOHSOKU CORPORATION,2026-03-31,2026-06-23,代表取締役 社長執行役員 赫 裕規,12,9.0,3.0,0.25,0.25,12.0,0.0,38.99,10.59,6032887.0,0.02,0.602,,242811000.0,0,clean,
S100YEJ9,E30451,3190,listed,小売業,株式会社ホットマン,"HOTMAN Co.,Ltd.",2026-03-31,2026-06-23,代表取締役 伊藤 信幸,10,8.0,2.0,0.2,0.2,10.0,0.0,39.1,11.8,4148000.0,0.045,0.735,,67201000.0,0,clean,
S100YEK2,E04501,9506,listed,電気・ガス業,東北電力株式会社,"Tohoku Electric Power Company, Incorporated",2026-03-31,2026-06-23,代表取締役社長 社長執行役員 石 山 一 弘,13,10.0,3.0,0.23,0.2308,13.0,0.0,44.0,19.8,8725434.0,0.046,0.694,,504000000.0,0,clean,
S100YEMP,E00148,1870,listed,建設業,矢作建設工業株式会社,"YAHAGI CONSTRUCTION CO.,LTD.",2026-03-31,2026-06-23,代表取締役社長 髙柳 充広,11,9.0,2.0,0.182,0.1818,11.0,0.0,41.4,16.9,8523190.0,0.01,0.614,,273000000.0,0,clean,
S100YEMV,E01816,6743,listed,電気機器,大同信号株式会社,"Daido Signal Co., Ltd.",2026-03-31,2026-06-23,代表取締役社長 浦 壁 俊 光,10,10.0,,,,,,44.0,18.9,6833000.0,0.021,0.705,,131309000.0,0,clean,
S100YEQL,E02025,6424,listed,機械,株式会社高見沢サイバネティックス,"TAKAMISAWA CYBERNETICS COMPANY,LTD.",2026-03-31,2026-06-23,代表取締役社長 社長執行役員 髙見澤 和夫,14,13.0,1.0,0.071,0.0714,14.0,0.0,45.1,21.3,5893000.0,0.0084,0.823,,124092000.0,0,clean,
S100YEUF,E01315,5464,listed,鉄鋼,モリ工業株式会社,MORY INDUSTRIES INC.,2026-03-31,2026-06-23,代表取締役社長 森 宏 明,8,7.0,1.0,0.125,0.125,8.0,0.0,38.5,17.0,5977656.0,0.047,0.832,,204000000.0,0,clean,
S100YEWX,E30656,3221,listed,小売業,株式会社ヨシックスホールディングス,"Yossix Holdings Co.,Ltd.",2026-03-31,2026-06-23,代表取締役会長CEO 吉岡 昌成,7,7.0,,,,,,39.1,8.2,5727000.0,,,,264248000.0,0,clean,
S100YEX8,E02804,7438,listed,卸売業,コンドーテック株式会社,KONDOTEC INC.,2026-03-31,2026-06-23,代表取締役社長 濵 野 昇,14,11.0,3.0,0.214,0.2143,14.0,0.0,41.5,13.6,6008000.0,0.027,0.744,,280000000.0,0,clean,
S100YEZX,E04294,9307,listed,倉庫・運輸関連,株式会社杉村倉庫,"Sugimura Warehouse Co., Ltd.",2026-03-31,2026-06-23,取締役社長 福 山 漢 成,6,6.0,0.0,,0.0,6.0,0.0,40.0,12.0,6296000.0,0.115,0.653,,157062000.0,0,clean,
S100YF0G,E04092,9008,listed,陸運業,京王電鉄株式会社,Keio Corporation,2026-03-31,2026-06-23,代表取締役社長 社長執行役員 都 村 智 史,15,12.0,3.0,0.2,0.2,15.0,0.0,40.5,17.7,7583834.0,0.1,0.689,,506000000.0,0,clean,
S100YF0K,E31624,3417,listed,卸売業,大木ヘルスケアホールディングス株式会社,"OHKI HEALTHCARE HOLDINGS CO.,LTD.",2026-03-31,2026-06-23,代表取締役社長 松井 秀正,10,10.0,,,,,,57.1,26.5,6856000.0,,,,161000000.0,0,clean,
S100YF19,E00973,4552,listed,医薬品,JCRファーマ株式会社,"JCR Pharmaceuticals Co.,Ltd.",2026-03-31,2026-06-23,代表取締役社長 薗田 啓之,15,12.0,3.0,0.2,0.2,15.0,0.0,41.4,9.5,8192000.0,0.169,0.645,,555000000.0,1,clean,
S100YF1L,E00973,4552,listed,医薬品,JCRファーマ株式会社,"JCR Pharmaceuticals Co.,Ltd.",2025-03-31,2025-06-25,代表取締役会長兼社長 芦田 信,14,11.0,3.0,0.21,0.2143,14.0,0.0,41.1,9.0,8709000.0,0.167,0.614,,566000000.0,0,clean,
S100YF38,E01515,6203,listed,機械,豊和工業株式会社,"Howa Machinery,Ltd.",2026-03-31,2026-06-23,代表取締役社長 塚本 高広,5,4.0,1.0,0.2,0.2,5.0,0.0,45.9,16.1,5355000.0,0.041,0.752,,87000000.0,0,clean,
S100YF3H,E01048,4968,listed,化学,荒川化学工業株式会社,"ARAKAWA CHEMICAL INDUSTRIES, LTD.",2026-03-31,2026-06-23,代表取締役社長執行役員 高 木 信 之,9,8.0,1.0,0.111,0.1111,9.0,0.0,44.4,18.9,7235000.0,0.033,0.594,,220000000.0,0,clean,
S100YF3Z,E00372,2204,listed,食料品,株式会社中村屋,"NAKAMURAYA CO., LTD.",2026-03-31,2026-06-23,代表取締役社長 島 田 裕 之,8,7.0,1.0,0.125,0.125,8.0,0.0,43.0,19.0,6074000.0,0.168,0.555,,142415000.0,0,clean,
S100YF4V,E04788,8593,listed,その他金融業,三菱HCキャピタル株式会社,Mitsubishi HC Capital Inc.,2026-03-31,2026-06-23,代表取締役 社長執行役員 久井 大樹,12,9.0,3.0,0.25,0.25,12.0,0.0,40.6,15.0,10292000.0,0.221,0.681,,594000000.0,1,clean,
S100YF55,E01444,5909,listed,金属製品,株式会社コロナ,CORONA CORPORATION,2026-03-31,2026-06-23,代表取締役社長 大 桃 満,11,10.0,1.0,0.091,0.0909,11.0,0.0,44.4,19.6,5479000.0,0.005,0.725,,204000000.0,0,clean,
S100YF6O,E38427,7119,listed,小売業,株式会社ハルメクホールディングス,"halmek holdings Co.,Ltd.",2026-03-31,2026-06-23,代表取締役社長 宮澤 孝夫,9,7.0,2.0,0.222,0.2222,9.0,0.0,46.2,6.9,8388000.0,,,,158000000.0,0,clean,
S100YF74,E00693,7912,listed,その他製品,大日本印刷株式会社,"Dai Nippon Printing Co.,Ltd.",2026-03-31,2026-06-23,代表取締役社長 北 島 義 斉,18,15.0,3.0,0.167,0.1667,18.0,0.0,44.8,20.7,8610246.0,0.123,0.804,,925000000.0,2,clean,
S100YF7I,E24050,5020,listed,石油・石炭製品,ENEOSホールディングス株式会社,"ENEOS Holdings, Inc.",2026-03-31,2026-06-23,代表取締役 社長執行役員 宮田 知秀,10,6.0,4.0,0.4,0.4,10.0,0.0,43.0,17.0,11376982.0,0.125,,,515000000.0,2,clean,
S100YF8E,E01225,5401,listed,鉄鋼,日本製鉄株式会社,NIPPON STEEL CORPORATION,2026-03-31,2026-06-23,代表取締役社長 兼 COO 今 井 正,15,12.0,3.0,0.2,0.2,15.0,0.0,41.3,19.5,9086300.0,0.018,0.671,,2683893222.0,8,clean,
S100YF8W,E33822,6570,listed,サービス業,株式会社共和コーポレーション,Kyowa Corporation,2026-03-31,2026-06-23,代表取締役社長 宮本 和彦,7,5.0,2.0,0.286,0.2857,7.0,0.0,38.6,8.2,5165000.0,0.051,0.622,,103200000.0,0,clean,
S100YFAJ,E30479,6616,listed,電気機器,トレックス・セミコンダクター株式会社,TOREX SEMICONDUCTOR LTD.,2026-03-31,2026-06-23,代表取締役 社長執行役員 木村 岳史,11,10.0,1.0,0.09,0.0909,11.0,0.0,44.5,13.6,7112000.0,0.111,0.869,,198904000.0,0,clean,
S100YFBQ,E02143,7202,listed,輸送用機器,いすゞ自動車株式会社,ISUZU MOTORS LIMITED,2026-03-31,2026-06-23,取締役社長CEO 山口 真宏,13,10.0,3.0,0.231,0.2308,13.0,0.0,40.1,15.6,8376000.0,0.053,0.859,,888000000.0,4,clean,
S100YFC1,E01018,4540,listed,医薬品,株式会社ツムラ,TSUMURA &amp; CO.,2026-03-31,2026-06-23,代表取締役社長CEO 加藤 照和,8,5.0,3.0,0.375,0.375,8.0,0.0,41.9,15.5,9114000.0,0.1183,0.7779,,325000000.0,1,clean,
S100YFC3,E05493,2445,listed,サービス業,株式会社タカミヤ,"Takamiya Co.,Ltd.",2026-03-31,2026-06-23,代表取締役会長兼社長 髙宮 一雅,13,12.0,1.0,0.0769,0.0769,13.0,0.0,39.6,11.38,5650241.0,0.0184,0.5729,,361000000.0,1,clean,
S100YFES,E01670,6272,listed,機械,レオン自動機株式会社,"RHEON AUTOMATIC MACHINERY CO., LTD.",2026-03-31,2026-06-23,代表取締役社長 小 林 幹 央,9,7.0,2.0,0.222,0.2222,9.0,0.0,45.2,21.4,7170225.0,0.03,0.769,,165482000.0,0,clean,
S100YFG2,E02167,7269,listed,輸送用機器,スズキ株式会社,SUZUKI MOTOR CORPORATION,2026-03-31,2026-06-23,代表取締役社長 鈴 木 俊 宏,14,11.0,3.0,0.21,0.2143,14.0,0.0,41.0,18.0,8276061.0,0.022,0.66,,1034000000.0,4,clean,
S100YFGS,E03648,,unlisted,銀行業,株式会社静岡中央銀行,"THE SHIZUOKA CHUO BANK,LTD.",2026-03-31,2026-06-23,取締役社長 小 森 博 史,0,,,,,,,,,,,,,,0,no_tagged_board,officers table is TextBlock only
S100YFGT,E04353,9366,listed,倉庫・運輸関連,株式会社サンリツ,SANRITSU CORPORATION,2026-03-31,2026-06-23,代表取締役社長 柴本 守人,7,6.0,1.0,0.143,0.1429,7.0,0.0,43.0,12.7,6023000.0,0.098,0.844,,151596000.0,0,clean,
S100YFJC,E03567,8362,listed,銀行業,株式会社福井銀行,"The Fukui Bank, Ltd.",2026-03-31,2026-06-23,代表執行役頭取 長 谷 川 英 一,11,15.0,2.0,0.117,0.1818,17.0,6.0,41.62,16.02,6041000.0,0.182,0.562,,367000000.0,0,clean,
S100YFJE,E02761,9934,listed,卸売業,因幡電機産業株式会社,"INABA DENKI SANGYO CO.,LTD.",2026-03-31,2026-06-23,代表取締役社長 玉垣 雅之,10,8.0,2.0,0.2,0.2,10.0,0.0,37.6,13.0,9894858.0,0.019,0.565,,426000000.0,0,clean,
S100YFMB,E02870,7551,listed,卸売業,株式会社ウェッズ,"WEDS CO., LTD.",2026-03-31,2026-06-23,代表取締役社長 石田 純一,10,10.0,,,,,,44.1,15.0,6640000.0,,,,118644000.0,0,clean,
S100YFPF,E05283,2317,listed,情報・通信業,株式会社システナ,Systena Corporation,2026-03-31,2026-06-23,代表取締役会長 逸見 愛親,15,14.0,1.0,0.066,0.0667,15.0,0.0,31.2,6.3,5194782.0,0.138,0.833,,391000000.0,0,clean,
S100YFQM,E04535,9701,listed,サービス業,株式会社東京會舘,"Tokyo Kaikan Co., Ltd.",2026-03-31,2026-06-23,取締役社長 渡辺 訓章,13,12.0,1.0,0.07,0.0769,13.0,0.0,41.7,11.4,4952000.0,0.18,0.793,,192883000.0,0,clean,
S100YFQY,E03128,8282,listed,小売業,株式会社ケーズホールディングス,K'S HOLDINGS CORPORATION,2026-03-31,2026-06-23,代表取締役社長執行役員 吉原 祐二,11,7.0,4.0,0.364,0.3636,11.0,0.0,43.2,17.5,5981000.0,0.061,0.527,,335000000.0,0,clean,
S100YFSH,E00996,3551,listed,繊維製品,ダイニック株式会社,DYNIC CORPORATION,2026-03-31,2026-06-23,代表取締役社長 山 田 英 伸,16,14.0,2.0,0.125,0.125,16.0,0.0,42.18,17.36,6149442.0,0.022,0.669,,197100000.0,0,clean,
S100YFSM,E05056,4694,listed,サービス業,株式会社ビー・エム・エル,"BML, INC.",2026-03-31,2026-06-23,代表取締役社長 近 藤 健 介,12,10.0,2.0,0.167,0.1667,12.0,0.0,41.4,11.0,5472375.0,0.17,0.718,,272000000.0,1,clean,
S100YFTU,E00719,7883,listed,その他製品,サンメッセ株式会社,"Sun Messe Co.,Ltd.",2026-03-31,2026-06-23,代表取締役社長社長執行役員 田中 信康,10,10.0,,,,,,43.8,22.16,5574164.0,0.0417,0.546,,120163000.0,0,clean,
S100YFUA,E02222,5989,listed,金属製品,株式会社エイチワン,"H-ONE CO.,LTD.",2026-03-31,2026-06-23,代表取締役社長執行役員 真 弓 世 紀,8,7.0,1.0,0.13,0.125,8.0,0.0,46.6,22.9,7325206.0,0.023,0.836,,240000000.0,0,clean,
S100YFV9,E38760,5535,listed,不動産業,ミガロホールディングス株式会社,MIGALO HOLDINGS Inc.,2026-03-31,2026-06-23,代表取締役社長 中西 聖,8,8.0,0.0,0.0,0.0,8.0,0.0,36.3,2.0,9673000.0,,,,231995000.0,0,clean,
S100YFVG,E01831,6809,listed,電気機器,TOA株式会社,TOA CORPORATION,2026-03-31,2026-06-23,代表取締役社長 谷 口 方 啓,9,8.0,1.0,0.11,0.1111,9.0,0.0,42.9,15.4,7470000.0,0.022,0.639,,140000000.0,0,clean,
S100YFVP,E02740,9820,listed,不動産業,エムティジェネックス株式会社,MT GENEX CORPORATION,2026-03-31,2026-06-23,代表取締役社長 松井 徳彦,10,9.0,1.0,0.1,0.1,10.0,0.0,49.3,6.0,5908494.0,,,,41000000.0,0,clean,
S100YFW5,E05514,2454,listed,サービス業,株式会社オールアバウト,"All About,Inc.",2026-03-31,2026-06-23,代表取締役社長 江幡 哲也,9,9.0,,,,,,35.8,5.7,5508768.0,0.333,0.728,,155399000.0,0,clean,
S100YFZK,E03969,4681,listed,サービス業,リゾートトラスト株式会社,"RESORTTRUST,INC.",2026-03-31,2026-06-23,代表取締役 社長執行役員 CEO 伏見 有貴,9,8.0,1.0,0.111,0.1111,9.0,0.0,36.2,9.1,6616090.0,0.117,0.685,,1458000000.0,4,clean,
S100YG1L,E02158,7235,listed,輸送用機器,東京ラヂエーター製造株式会社,"TOKYO RADIATOR MFG.CO.,LTD.",2026-03-31,2026-06-23,代表取締役社長 木村 裕哲,9,8.0,1.0,0.111,0.1111,9.0,0.0,43.4,17.5,7164315.0,0.02,0.753,,141619000.0,0,clean,
S100YG2M,E01298,3423,listed,金属製品,株式会社エスイー,S E Corporation,2026-03-31,2026-06-23,代表取締役社長 宮原 一郎,11,11.0,,,,,,44.1,14.1,7065483.0,,,,276341000.0,0,clean,
S100YG2R,E30130,6088,listed,サービス業,株式会社シグマクシス・ホールディングス,SIGMAXYZ Holdings Inc.,2026-03-31,2026-06-23,代表取締役社長 太田 寛,10,7.0,3.0,0.3,0.3,10.0,0.0,45.4,8.8,10329422.0,0.515,,,534510000.0,2,clean,
S100YG3Z,E01260,5446,listed,鉄鋼,北越メタル株式会社,"HOKUETSU METAL Co., Ltd.",2026-03-31,2026-06-23,代表取締役社長 加納 愛仁,9,8.0,1.0,0.111,0.1111,9.0,0.0,43.1,16.2,5821000.0,0.067,0.853,,117481000.0,0,clean,
S100YG4C,E02363,7952,listed,その他製品,株式会社河合楽器製作所,"KAWAI MUSICAL INSTRUMENTS MANUFACTURING CO.,LTD.",2026-03-31,2026-06-23,代表取締役社長 執行役員 河合 健太郎,10,9.0,1.0,0.1,0.1,10.0,0.0,43.4,19.2,6022047.0,0.073,0.608,,211000000.0,0,clean,
S100YG4U,E01735,6254,listed,機械,野村マイクロ・サイエンス株式会社,"Nomura Micro Science Co.,Ltd.",2026-03-31,2026-06-23,代表取締役社長執行役員 内田 誠,9,8.0,1.0,0.111,0.1111,9.0,0.0,41.4,11.5,8902711.0,0.025,0.743,,730810000.0,4,clean,
S100YG4Z,E02307,6859,listed,電気機器,エスペック株式会社,ESPEC CORP.,2026-03-31,2026-06-23,代表取締役社長 荒田 知,10,8.0,2.0,0.2,0.2,10.0,0.0,39.7,14.4,7928000.0,0.082,0.709,,272000000.0,0,clean,
S100YG50,E01545,6118,listed,機械,アイダエンジニアリング株式会社,"AIDA ENGINEERING, LTD.",2026-03-31,2026-06-23,代表取締役社長 鈴 木 利 彦,11,10.0,1.0,0.09,0.0909,11.0,0.0,41.4,15.6,6379000.0,0.033,0.689,,280000000.0,0,clean,
S100YG5O,E00831,,unlisted,化学,プラス・テク株式会社,PLAS-TECH CORPORATION,2026-03-31,2026-06-23,代表取締役社長 八 村 哲 郎,0,,,,,,,,,,,,,,0,no_tagged_board,officers table is TextBlock only
S100YG7J,E01729,6157,listed,機械,日進工具株式会社,"NS TOOL CO.,LTD.",2026-03-31,2026-06-23,代表取締役社長 後藤 弘治,10,7.0,3.0,0.3,0.3,10.0,0.0,38.5,13.7,6616698.0,0.061,0.786,,348000000.0,0,clean,
S100YG7R,E02938,2708,listed,卸売業,株式会社 久 世,"KUZE CO., LTD.",2026-03-31,2026-06-23,代表取締役社長 久 世 真 也,11,10.0,1.0,0.091,0.0909,11.0,0.0,42.7,10.9,5775345.0,0.171,0.589,,230000000.0,0,clean,
S100YG86,E02678,8159,listed,卸売業,株式会社立花エレテック,"TACHIBANA ELETECH CO., LTD.",2026-03-31,2026-06-23,代表取締役社長 布 山 尚 伸,10,10.0,,,,,,43.4,16.7,7477000.0,0.051,0.588,,309000000.0,0,clean,
S100YG8L,E00497,2919,listed,食料品,株式会社マルタイ,"MARUTAI CO.,LTD.",2026-03-31,2026-06-23,代表取締役社長 末次 隆,12,10.0,2.0,0.167,0.1667,12.0,0.0,44.9,13.4,5184034.0,,,,92614000.0,0,clean,
S100YG98,E01206,5282,listed,ガラス・土石製品,ジオスター株式会社,GEOSTR Corporation,2026-03-31,2026-06-23,代表取締役社長 堀田 穣,10,9.0,1.0,0.1,0.1,10.0,0.0,48.0,15.0,7597272.0,0.024,0.648,,134132000.0,0,clean,
S100YG9I,E03788,8707,listed,証券、商品先物取引業,岩井コスモホールディングス株式会社,"IwaiCosmo Holdings, Inc.",2026-03-31,2026-06-23,代表取締役会長 CEO 沖津 嘉昭,10,7.0,3.0,0.3,0.3,10.0,0.0,,,,,,,38000000.0,1,clean,
S100YGAC,E02154,7246,listed,輸送用機器,プレス工業株式会社,"PRESS KOGYO CO.,LTD.",2026-03-31,2026-06-23,代表取締役社長 清水 勇生,12,9.0,3.0,0.25,0.25,12.0,0.0,43.0,19.3,7620952.0,0.027,0.74,,494000000.0,0,clean,
S100YGAZ,E01296,5697,listed,鉄鋼,株式会社サンユウ,"SANYU CO.,LTD.",2026-03-31,2026-06-23,代表取締役社長 喜多 章,9,9.0,,,,,,40.2,16.1,6161065.0,,,,94751000.0,0,clean,
S100YGBE,E02234,7264,listed,輸送用機器,株式会社ムロコーポレーション,MURO CORPORATION,2026-03-31,2026-06-23,代表取締役社長 室 雅 文,11,10.0,1.0,0.09,0.0909,11.0,0.0,41.1,16.8,5874989.0,0.015,0.705,,266181000.0,0,clean,
S100YGBH,E03771,,unlisted,証券、商品先物取引業,三菱UFJ証券ホールディングス株式会社,"Mitsubishi UFJ Securities Holdings Co.,Ltd.",2026-03-31,2026-06-23,取締役社長 関 浩之,0,,,,,,,,,,,,,,0,no_tagged_board,officers table is TextBlock only
S100YGBN,E03670,8554,listed,銀行業,株式会社 南日本銀行,"The Minami-Nippon Bank,Ltd.",2026-03-31,2026-06-23,取締役頭取 田中 暁爾,13,12.0,1.0,0.076,0.0769,13.0,0.0,38.5,15.5,6199000.0,0.0988,0.562,,189000000.0,0,clean,
S100YGBS,E05025,4684,listed,情報・通信業,株式会社オービック,"OBIC Co.,Ltd.",2026-03-31,2026-06-23,代表取締役社長 橘 昇一,11,10.0,1.0,0.091,0.0909,11.0,0.0,35.8,12.9,11292000.0,0.146,0.765,,1161000000.0,2,clean,
S100YGCF,E00065,1815,listed,建設業,鉄建建設株式会社,TEKKEN CORPORATION,2026-03-31,2026-06-23,代表取締役社長 今井 政人,12,9.0,3.0,0.25,0.25,12.0,0.0,41.5,16.3,9477172.0,0.049,0.688,,285000000.0,0,clean,
S100YGCG,E04637,,unlisted,サービス業,日本観光ゴルフ株式会社,-,2026-03-31,2026-06-23,取締役社長 堀 場 厚,0,,,,,,,,,,,,,,0,no_tagged_board,officers table is TextBlock only
S100YGCM,E01916,6982,listed,輸送用機器,株式会社リード,"The Lead Co., Inc.",2026-03-31,2026-06-23,取締役社長 岩 崎 元 治,8,8.0,0.0,,0.0,8.0,0.0,43.6,18.1,3771000.0,,,,36199000.0,0,clean,
S100YGCO,E02150,7222,listed,輸送用機器,日産車体株式会社,"NISSAN SHATAI CO., LTD.",2026-03-31,2026-06-23,取締役社長 冨山 隆,9,9.0,0.0,0.0,0.0,9.0,0.0,42.2,17.0,7538000.0,0.052,0.804,,,0,clean,
S100YGCV,E04504,9504,listed,電気・ガス業,中国電力株式会社,"The Chugoku Electric Power Company, Incorporated",2026-03-31,2026-06-23,代表取締役社長執行役員 中 川 賢 剛,13,9.0,4.0,0.308,0.3077,13.0,0.0,42.1,20.1,8945510.0,0.054,0.712,,492000000.0,0,clean,
S100YGDA,E05054,4736,listed,情報・通信業,日本ラッド株式会社,Nippon RAD Inc.,2026-03-31,2026-06-23,代表取締役 大塚 隆之,8,8.0,,,,,,39.6,13.0,5741000.0,0.16,0.891,,73798000.0,0,clean,
S100YGE7,E32647,3963,listed,情報・通信業,株式会社シンクロ・フード,"Synchro Food Co.,Ltd.",2026-03-31,2026-06-23,代表取締役 兼 執行役員社長 大久保 俊,8,7.0,1.0,0.125,0.125,8.0,0.0,33.7,5.16,5642000.0,0.1891,,,111200000.0,0,clean,
S100YGEO,E00348,2004,listed,食料品,昭和産業株式会社,"Showa Sangyo Co., Ltd.",2026-03-31,2026-06-23,代表取締役社長執行役員 塚越 英行,12,10.0,2.0,0.167,0.1667,12.0,0.0,41.2,16.7,7613715.0,0.112,0.762,,417000000.0,1,clean,
S100YGEP,E00343,2293,listed,食料品,滝沢ハム株式会社,"TAKIZAWA HAM CO.,LTD.",2026-03-31,2026-06-23,代表取締役社長 瀧 澤 太 郎,6,5.0,1.0,0.166,0.1667,6.0,0.0,41.6,13.5,4919000.0,0.129,0.783,,67464000.0,0,clean,
S100YGF5,E30731,9468,listed,情報・通信業,株式会社KADOKAWA,KADOKAWA CORPORATION,2026-03-31,2026-06-23,取締役 代表執行役社長 CEO 夏野 剛,12,13.0,3.0,0.188,0.25,16.0,4.0,41.6,4.8,8715000.0,0.287,0.743,,731000000.0,1,clean,
S100YGFN,E04243,9119,listed,海運業,飯野海運株式会社,"IINO KAIUN KAISHA, LTD.",2026-03-31,2026-06-23,代表取締役社長 社長執行役員 大 谷 祐 介,12,10.0,2.0,0.167,0.1667,12.0,0.0,38.6,13.2,12850000.0,0.049,0.599,,405000000.0,0,clean,
S100YGFU,E00480,2907,listed,食料品,株式会社あじかん,"AHJIKAN CO.,LTD.",2026-03-31,2026-06-23,代表取締役 社長執行役員 足利 直純,8,8.0,,,,,,44.4,16.0,5502427.0,0.052,0.547,,178000000.0,0,clean,
S100YGFW,E04517,9533,listed,電気・ガス業,東邦瓦斯株式会社,"TOHO GAS CO., LTD.",2026-03-31,2026-06-23,代表取締役社長 山 碕 聡 志,14,12.0,2.0,0.143,0.1429,14.0,0.0,41.4,14.7,7332353.0,0.041,0.732,,390000000.0,0,clean,
S100YGG0,E02467,7844,listed,情報・通信業,株式会社マーベラス,Marvelous Inc.,2026-03-31,2026-06-23,代表取締役社長 照井 慎一,13,11.0,2.0,0.154,0.1538,13.0,0.0,38.6,9.1,6252418.0,0.109,0.787,,101000000.0,0,clean,
S100YGG9,E02544,8291,listed,小売業,日産東京販売ホールディングス株式会社,"NISSAN TOKYO SALES HOLDINGS CO.,LTD.",2026-03-31,2026-06-23,代表取締役社長 菊 池 毅 彦,11,9.0,2.0,0.1818,0.1818,11.0,0.0,52.4,21.7,7662000.0,,,,134000000.0,0,clean,
S100YGGD,E01103,4224,listed,化学,ロンシール工業株式会社,LONSEAL CORPORATION,2026-03-31,2026-06-23,代表取締役社長 西 岡 秀 明,8,8.0,,,,,,42.5,17.3,6497000.0,0.03,0.753,,134000000.0,0,clean,
S100YGGJ,E01850,6820,listed,電気機器,アイコム株式会社,ICOM INCORPORATED,2026-03-31,2026-06-23,代表取締役社長 中岡 洋詞,9,8.0,1.0,0.111,0.1111,9.0,0.0,40.0,15.0,6665000.0,0.045,0.724,,190000000.0,0,clean,
S100YGHF,E36466,2933,listed,食料品,株式会社紀文食品,KIBUN FOODS INC.,2026-03-31,2026-06-23,代表取締役社長 國松 浩,11,10.0,1.0,0.091,0.0909,11.0,0.0,40.3,16.6,5349000.0,0.053,0.734,,213505000.0,0,clean,
S100YGHH,E01051,4970,listed,化学,東洋合成工業株式会社,"Toyo Gosei Co.,Ltd.",2026-03-31,2026-06-23,代表取締役社長 木 村 有 仁,9,8.0,1.0,0.111,0.1111,9.0,0.0,37.0,10.2,6746293.0,0.06,0.825,,181000000.0,0,clean,
S100YGI5,E03764,8616,listed,証券、商品先物取引業,東海東京フィナンシャル・ホールディングス株式会社,"Tokai Tokyo Financial Holdings, Inc.",2026-03-31,2026-06-23,代表取締役社長 春日井 博,9,7.0,2.0,0.222,0.2222,9.0,0.0,38.0,11.0,7901258.0,0.234,0.703,,321000000.0,1,clean,
S100YGIN,E00028,5714,listed,非鉄金属,DOWAホールディングス株式会社,"DOWA HOLDINGS CO., LTD.",2026-03-31,2026-06-23,代表取締役 社長執行役員 CEO 関 口 明,13,10.0,3.0,0.23,0.2308,13.0,0.0,43.3,15.7,8313000.0,0.037,0.661,,515000000.0,1,clean,
S100YGJA,E05700,2158,listed,サービス業,株式会社FRONTEO,"FRONTEO, Inc.",2026-03-31,2026-06-23,代表取締役社長 守 本 正 宏,9,8.0,1.0,0.11,0.1111,9.0,0.0,43.8,4.1,9064814.0,0.094,0.718,,217704000.0,0,clean,
S100YGJF,E02265,7701,listed,精密機器,株式会社 島津製作所,Shimadzu Corporation,2026-03-31,2026-06-23,代表取締役 社長 山本 靖則,11,8.0,3.0,0.273,0.2727,11.0,0.0,43.9,18.5,9240736.0,0.057,0.68,,442000000.0,2,clean,
S100YGJI,E00603,8111,listed,繊維製品,株式会社ゴールドウイン,Goldwin Inc.,2026-03-31,2026-06-23,代表取締役社長CEO 渡辺 貴生,16,14.0,2.0,0.125,0.125,16.0,0.0,44.6,15.8,6518809.0,0.114,0.678,,564000000.0,1,clean,
S100YGK3,E03269,7509,listed,小売業,アイエーグループ株式会社,I.A GROUP CORPORATION,2026-03-31,2026-06-23,代表取締役社長 古川 隆太郎,12,12.0,,,,,,42.0,13.1,5773000.0,,,,95510000.0,0,clean,
S100YGKW,E03992,8892,listed,不動産業,株式会社エスコン(旧会社名 株式会社日本エスコン),ES-CON JAPAN Ltd.,2026-03-31,2026-06-23,代表取締役社長 伊藤 貴俊,10,8.0,2.0,0.2,0.2,10.0,0.0,40.0,5.0,7902346.0,0.076,0.61,,389000000.0,2,clean,
S100YGLJ,E00632,7897,listed,その他製品,ホクシン株式会社,"HOKUSHIN CO.,LTD.",2026-03-31,2026-06-23,代表取締役社長 高 橋 英 明,7,5.0,2.0,0.28,0.2857,7.0,0.0,42.6,17.6,5309000.0,0.065,0.667,,77880000.0,0,clean,
S100YGLL,E00115,1950,listed,建設業,日本電設工業株式会社,"NIPPON DENSETSU KOGYO CO., LTD.",2026-03-31,2026-06-23,代表取締役社長 安田 一成,10,9.0,1.0,0.1,0.1,10.0,0.0,42.8,16.7,8954499.0,0.012,0.639,,190000000.0,0,clean,
S100YGLQ,E02245,3434,listed,金属製品,株式会社アルファ,ALPHA Corporation,2026-03-31,2026-06-23,代表取締役 社長執行役員 塚野 哲幸,10,9.0,1.0,0.1,0.1,10.0,0.0,42.4,16.0,6218252.0,0.014,0.731,,161000000.0,0,clean,
S100YGLY,E27273,1420,listed,建設業,サンヨーホームズ株式会社,Sanyo Homes Corporation,2026-03-31,2026-06-23,代表取締役社長 松岡 久志,8,7.0,1.0,0.125,0.125,8.0,0.0,42.5,13.7,6600371.0,0.04,0.658,,195130000.0,0,clean,
S100YGMA,E01183,7979,listed,精密機器,株式会社松風,SHOFU INC.,2026-03-31,2026-06-23,代表取締役社長 社長執行役員 髙 見 哲 夫,13,9.0,4.0,0.308,0.3077,13.0,0.0,42.72,16.24,8113619.0,0.039,0.537,,349000000.0,0,clean,
S100YGMG,E01630,4543,listed,精密機器,テルモ株式会社,TERUMO CORPORATION,2026-03-31,2026-06-23,代表取締役社長CEO 鮫島 光,10,8.0,2.0,0.2,0.2,10.0,0.0,40.3,15.6,8216621.0,0.132,0.834,,623000000.0,2,clean,
S100YGMK,E01109,5199,listed,ゴム製品,不二ラテックス株式会社,"FUJI LATEX CO., LTD.",2026-03-31,2026-06-23,代表取締役社長 近藤 安弘,7,6.0,1.0,0.143,0.1429,7.0,0.0,42.4,13.5,5594710.0,0.023,0.627,,89000000.0,0,clean,
S100YGN5,E01111,5186,listed,ゴム製品,ニッタ株式会社,Nitta Corporation,2026-03-31,2026-06-23,代表取締役社長 北 村 精 一,12,11.0,1.0,0.083,0.0833,12.0,0.0,43.2,17.8,6803000.0,0.079,0.797,,246000000.0,0,clean,
S100YGNC,E03958,8864,listed,不動産業,空港施設株式会社,"AIRPORT FACILITIES Co.,LTD.",2026-03-31,2026-06-23,代表取締役社長執行役員 田村 滋朗,12,9.0,3.0,0.25,0.25,12.0,0.0,43.0,15.0,9119857.0,,,,231000000.0,0,clean,
S100YGNU,E00501,2816,listed,食料品,株式会社ダイショー,"DAISHO CO.,LTD.",2026-03-31,2026-06-23,代表取締役社長 松 本 俊 一,10,10.0,0.0,0.0,0.0,10.0,0.0,38.8,13.6,5179604.0,0.052,0.614,,209000000.0,0,clean,
S100YGNV,E01331,5742,listed,非鉄金属,エヌアイシ・オートテック株式会社,"NIC Autotec, Inc.",2026-03-31,2026-06-23,代表取締役会長兼社長CEO 西 川 浩 司,8,7.0,1.0,0.13,0.125,8.0,0.0,41.3,12.0,5010000.0,0.114,,,110648000.0,0,clean,
S100YGO7,E01403,5969,listed,金属製品,株式会社ロブテックス,"LOBTEX CO., LTD.",2026-03-31,2026-06-23,代表取締役社長 地引 俊爲,7,6.0,1.0,0.143,0.1429,7.0,0.0,44.8,16.8,6095000.0,0.044,0.739,,78413000.0,0,clean,
S100YGOL,E04511,9534,listed,電気・ガス業,北海道瓦斯株式会社,"HOKKAIDO GAS CO., LTD.",2026-03-31,2026-06-23,代表取締役社長 川 村 智 郷,12,10.0,2.0,0.167,0.1667,12.0,0.0,40.6,18.7,7596000.0,0.016,0.686,,250000000.0,0,clean,
S100YGOO,E00478,2813,listed,食料品,和弘食品株式会社,"Wakou Shokuhin Co.,Ltd.",2026-03-31,2026-06-23,代表取締役社長CEO 加世田 十七七,12,11.0,1.0,0.083,0.0833,12.0,0.0,39.2,10.8,5412641.0,0.035,0.6629,,185474000.0,0,clean,
S100YGOP,E40546,352A,listed,サービス業,株式会社LOIVE (旧会社名 株式会社LIFE CREATE),"LOIVE Co.,Ltd. (旧英訳名 LIFE CREATE Co.,Ltd.)",2026-03-31,2026-06-23,代表取締役社長 前川 彩香,9,5.0,4.0,0.444,0.4444,9.0,0.0,27.2,2.4,3775000.0,0.983,0.52,,67733000.0,0,clean,
S100YGOS,E00598,,unlisted,繊維製品,岐セン株式会社,"GISEN CO., LTD.",2026-03-31,2026-06-23,代表取締役社長 後藤 勝則,0,,,,,,,,,,,,,,0,no_tagged_board,officers table is TextBlock only
S100YGOV,E02578,8059,listed,卸売業,第一実業株式会社,"DAIICHI JITSUGYO CO., LTD.",2026-03-31,2026-06-23,代表取締役 社長執行役員 船 渡 雄 司,12,10.0,2.0,0.17,0.1667,12.0,0.0,40.8,11.2,9720000.0,0.027,0.657,,500000000.0,1,clean,
S100YGP3,E01334,5803,listed,非鉄金属,株式会社フジクラ,Fujikura Ltd.,2026-03-31,2026-06-23,代表取締役社長CEO 岡田 直樹,10,8.0,2.0,0.2,0.2,10.0,0.0,43.4,15.4,9348000.0,0.048,0.766,,518000000.0,3,clean,
S100YGQ4,E02856,7525,listed,卸売業,リックス株式会社,RIX CORPORATION,2026-03-31,2026-06-23,代表取締役社長執行役員 安 井 卓,7,6.0,1.0,0.1429,0.1429,7.0,0.0,37.4,11.0,7726000.0,0.043,0.739,,188610000.0,0,clean,
S100YGQH,E02530,8041,listed,卸売業,OUGホールディングス株式会社,OUG Holdings Inc.,2026-03-31,2026-06-23,代表取締役社長 橋爪 康至,13,11.0,2.0,0.154,0.1538,13.0,0.0,53.7,12.8,7023000.0,,,,151000000.0,0,clean,
S100YGQP,E01266,5440,listed,鉄鋼,共英製鋼株式会社,KYOEI STEEL LTD.,2026-03-31,2026-06-23,代表取締役社長 坂本 尚吾,13,11.0,2.0,0.154,0.1538,13.0,0.0,41.3,16.9,7430926.0,0.037,0.715,,391000000.0,0,clean,
S100YGQQ,E01411,5986,listed,金属製品,モリテック スチール株式会社,"MOLITEC STEEL CO., LTD.",2026-03-31,2026-06-23,代表取締役社長 門 高 司,9,8.0,1.0,0.11,0.1111,9.0,0.0,43.0,16.0,5782887.0,0.062,0.659,,176150000.0,0,clean,
S100YGQR,E00569,3571,listed,繊維製品,株式会社ソトー,"SOTOH CO.,LTD.",2026-03-31,2026-06-23,取締役社長 上 田 康 彦,8,7.0,1.0,0.125,0.125,8.0,0.0,45.5,20.9,4858000.0,,0.778,,48300000.0,0,clean,
S100YGQU,E04878,6197,listed,サービス業,株式会社ソラスト,Solasto Corporation,2026-03-31,2026-06-23,代表取締役社長 CEO 野田 亨,8,5.0,3.0,0.375,0.375,8.0,0.0,44.0,12.2,6365000.0,0.49,0.67,,178000000.0,0,clean,
S100YGR9,E01353,5901,listed,金属製品,東洋製罐グループホールディングス株式会社,"Toyo Seikan Group Holdings, Ltd.",2026-03-31,2026-06-23,代表取締役社長 中村 琢司,13,10.0,3.0,0.231,0.2308,13.0,0.0,42.3,16.9,7573087.0,0.099,0.889,,464000000.0,0,clean,
S100YGRC,E00525,3101,listed,化学,東洋紡株式会社,"TOYOBO CO., LTD.",2026-03-31,2026-06-23,代表取締役社長 竹内 郁夫,11,9.0,2.0,0.182,0.1818,11.0,0.0,40.1,14.2,6853737.0,0.056,0.668,,353000000.0,0,clean,
S100YGRG,E00931,4516,listed,医薬品,日本新薬株式会社,"Nippon Shinyaku Co., Ltd.",2026-03-31,2026-06-23,代表取締役社長 中井 亨,16,11.0,5.0,0.313,0.3125,16.0,0.0,41.8,17.4,9349000.0,0.155,0.811,,537000000.0,0,clean,
S100YGSJ,E00897,4617,listed,化学,中国塗料株式会社,"CHUGOKU MARINE PAINTS,LTD.",2026-03-31,2026-06-23,代表取締役社長 伊 達 健 士,11,9.0,2.0,0.182,0.1818,11.0,0.0,44.5,15.5,7643000.0,0.06,0.763,,849000000.0,0,clean,
S100YGSP,E02345,6678,listed,電気機器,株式会社テクノメディカ,"Techno Medica Co., Ltd.",2026-03-31,2026-06-23,代表取締役社長 實吉 政知,7,6.0,1.0,0.14,0.1429,7.0,0.0,41.1,11.8,7014000.0,0.031,0.472,,140418000.0,0,clean,
S100YGT4,E00993,4914,listed,化学,高砂香料工業株式会社,TAKASAGO INTERNATIONAL CORPORATION,2026-03-31,2026-06-23,代表取締役社長 桝村 聡,13,11.0,2.0,0.154,0.1538,13.0,0.0,42.1,18.1,9082540.0,0.186,0.831,,276000000.0,0,clean,
S100YGTA,E05575,2480,listed,サービス業,システム・ロケーション株式会社,"System Location Co.,Ltd.",2026-03-31,2026-06-23,代表取締役社長 千村 岳彦,8,8.0,,,,,,43.3,9.7,6493000.0,,,,87600000.0,0,clean,
S100YGTG,E01000,4218,listed,化学,ニチバン株式会社,"NICHIBAN CO., LTD.",2026-03-31,2026-06-23,代表取締役社長 高 津 敏 明,11,9.0,2.0,0.182,0.1818,11.0,0.0,43.6,19.5,7159000.0,0.123,0.673,,176000000.0,0,clean,
S100YGTS,E02769,9960,listed,卸売業,東テク株式会社,TOTECH CORPORATION,2026-03-31,2026-06-23,代表取締役社長 小山 馨,7,5.0,2.0,0.286,0.2857,7.0,0.0,41.0,11.0,9184178.0,0.075,0.652,,359000000.0,2,clean,
S100YGU7,E00277,1770,listed,建設業,藤田エンジニアリング株式会社,"FUJITA ENGINEERING CO.,LTD.",2026-03-31,2026-06-23,代表取締役社長 藤田 実,11,11.0,,,,,,43.1,16.6,5999497.0,0.06,,,159120000.0,0,clean,
S100YGUH,E03208,9959,listed,小売業,アシードホールディングス株式会社,"ASEED HOLDINGS CO.,LTD.",2026-03-31,2026-06-23,代表取締役社長 河本 大輔,7,5.0,2.0,0.286,0.2857,7.0,0.0,42.5,13.3,4980951.0,0.2,0.655,,81000000.0,0,clean,
S100YGVG,E01032,7927,listed,化学,ムトー精工株式会社,MUTO SEIKO CO.,2026-03-31,2026-06-23,代表取締役社長 田 中 肇,11,11.0,0.0,0.0,0.0,11.0,0.0,44.7,16.6,5985000.0,0.0,,,205972000.0,0,clean,
S100YGVL,E00484,2814,listed,食料品,佐藤食品工業株式会社,"SATO FOODS INDUSTRIES CO., LTD.",2026-03-31,2026-06-23,代表取締役社長 上 田 正 博,11,11.0,,,,,,39.0,16.3,6507000.0,0.136,0.694,,100518000.0,0,clean,
S100YGVP,E04894,9629,listed,情報・通信業,ピー・シー・エー株式会社,PCA CORPORATION,2026-03-31,2026-06-23,代表取締役社長 佐藤 文昭,12,9.0,3.0,0.25,0.25,12.0,0.0,40.0,14.0,7000000.0,0.108,0.655,,155000000.0,0,clean,
S100YGVR,E31167,3132,listed,卸売業,マクニカホールディングス株式会社,"MACNICA HOLDINGS, INC.",2026-03-31,2026-06-23,代表取締役社長 原 一 将,11,9.0,2.0,0.1818,0.1818,11.0,0.0,50.3,19.2,16285818.0,,,,297000000.0,0,clean,
S100YGVT,E37914,5133,listed,卸売業,株式会社テリロジーホールディングス,Terilogy Holdings Corporation,2026-03-31,2026-06-23,代表取締役社長 鈴木 達,8,7.0,1.0,0.12,0.125,8.0,0.0,40.6,2.5,5541000.0,,,,94792000.0,0,clean,
S100YGWM,E02821,7456,listed,卸売業,松田産業株式会社,"MATSUDA SANGYO Co.,Ltd.",2026-03-31,2026-06-23,代表取締役社長 社長執行役員 松 田 芳 明,11,10.0,1.0,0.09,0.0909,11.0,0.0,39.7,12.1,6808000.0,0.035,0.777,,509000000.0,2,clean,
S100YGWS,E01448,5979,listed,金属製品,カネソウ株式会社,"KANESO Co.,LTD.",2026-03-31,2026-06-23,代表取締役社長 豊 田 悟 志,11,11.0,,,,,,43.5,19.7,5278982.0,,,,156965000.0,0,clean,
S100YGX4,E03801,3772,listed,不動産業,ウェルス・マネジメント株式会社,"Wealth Management, Inc.",2026-03-31,2026-06-23,代表取締役社長執行役員 千野 和俊,7,7.0,0.0,,0.0,7.0,0.0,36.8,2.3,7032000.0,,0.627,,160800000.0,0,clean,
S100YGX7,E03121,8160,listed,小売業,株式会社 木曽路,"KISOJI CO.,LTD.",2026-03-31,2026-06-23,代表取締役社長 中川 晃成,10,8.0,2.0,0.2,0.2,10.0,0.0,44.8,12.5,5572773.0,0.207,0.72,,194000000.0,0,clean,
S100YGXD,E00882,4406,listed,化学,新日本理化株式会社,"New Japan Chemical Co., Ltd.",2026-03-31,2026-06-23,代表取締役社長執行役員 盛田 賀容子,8,7.0,1.0,0.125,0.125,8.0,0.0,45.3,16.4,7301000.0,0.095,0.86,,154000000.0,0,clean,
S100YGXI,E02549,8101,listed,卸売業,株式会社GSIクレオス,GSI Creos Corporation,2026-03-31,2026-06-23,代表取締役兼社長執行役員 CEO 吉 永 直 明,9,7.0,2.0,0.222,0.2222,9.0,0.0,41.9,15.2,7677901.0,0.163,0.733,,203000000.0,0,clean,
S100YGXR,E36825,4889,listed,医薬品,株式会社レナサイエンス,Renascience Inc.,2026-03-31,2026-06-23,代表取締役会長兼社長 宮田 敏男,6,5.0,1.0,0.17,0.1667,6.0,0.0,34.33,1.55,4984000.0,,,,51120000.0,0,clean,
S100YGXY,E00194,1980,listed,建設業,ダイダン株式会社,"DAI-DAN CO., LTD.",2026-03-31,2026-06-23,代表取締役社長執行役員 山中 康宏,12,11.0,1.0,0.083,0.0833,12.0,0.0,41.5,15.8,11768023.0,0.042,0.585,,503000000.0,2,clean,
S100YGY5,E04197,9073,listed,陸運業,京極運輸商事株式会社,"Kyogoku unyu shoji Co., Ltd.",2026-03-31,2026-06-23,代表取締役社長 北山 剛規,8,6.0,2.0,0.25,0.25,8.0,0.0,49.7,12.8,5930187.0,,,,62292000.0,0,clean,
S100YGYK,E02281,7762,listed,精密機器,シチズン時計株式会社,"Citizen Watch Co., Ltd.",2026-03-31,2026-06-23,代表取締役社長 大治 良高,10,7.0,3.0,0.3,0.3,10.0,0.0,43.9,17.4,7894999.0,0.107,0.794,,372000000.0,1,clean,
S100YGZB,E00466,2804,listed,食料品,ブルドックソース株式会社,"BULL-DOG SAUCE CO.,LTD.",2026-03-31,2026-06-23,代表取締役社長執行役員 石 垣 幸 俊,7,5.0,2.0,0.29,0.2857,7.0,0.0,43.7,17.1,5702000.0,0.22,0.7,,161963000.0,0,clean,
S100YGZJ,E03178,9900,listed,小売業,株式会社サガミホールディングス,Sagami Holdings Corporation,2026-03-31,2026-06-23,代表取締役社長 大 西 尚 真,10,7.0,3.0,0.3,0.3,10.0,0.0,51.7,32.3,7195000.0,0.0,0.562,,240834000.0,0,clean,
S100YGZX,E02525,8074,listed,卸売業,株式会社YUASA(旧会社名 ユアサ商事株式会社),"YUASA CO.,LTD.(旧英訳名 YUASA TRADING CO.,LTD.)(注)2025年6月25日開催の第146回定時株主総会の決議により、2026年4月1日から会社名を上記のとおり変更いたしました。",2026-03-31,2026-06-23,代表取締役社長 田 村 博 之,13,10.0,3.0,0.231,0.2308,13.0,0.0,38.3,11.4,8391849.0,0.022,0.577,,379000000.0,1,clean,
S100YH08,E03768,8614,listed,証券、商品先物取引業,東洋証券株式会社,"TOYO SECURITIES CO., LTD.",2026-03-31,2026-06-23,代表取締役社長 小 川 憲 洋,12,11.0,1.0,0.083,0.0833,12.0,0.0,43.3,17.7,6713000.0,0.136,0.83,,204000000.0,0,clean,
S100YH0J,E02986,3374,listed,卸売業,内外テック株式会社,Naigai Tec Corporation,2026-03-31,2026-06-23,代表取締役社長 岩井田 克郎,11,9.0,2.0,0.182,0.1818,11.0,0.0,43.8,10.9,5456351.0,0.15,0.802,,175830000.0,0,clean,
S100YH10,E03599,8395,listed,銀行業,株式会社佐賀銀行,THE BANK OF SAGA LTD.,2026-03-31,2026-06-23,取締役頭取 坂 井 秀 明,17,16.0,1.0,0.059,0.0588,17.0,0.0,40.2,17.8,6439000.0,0.133,0.557,,257000000.0,0,clean,
S100YH1A,E01537,6332,listed,機械,月島ホールディングス株式会社,"TSUKISHIMA HOLDINGS CO., LTD.",2026-03-31,2026-06-23,代表取締役社長 川﨑 淳,11,10.0,1.0,0.091,0.0909,11.0,0.0,45.3,14.4,8529953.0,0.0,0.551,,328000000.0,0,clean,
S100YH1C,E02348,4237,listed,化学,フジプレアム株式会社,Fujipream Corporation,2026-03-31,2026-06-23,代表取締役社長 松本 倫長,7,7.0,,,,,,38.2,12.3,4913494.0,0.044,0.657,,83076000.0,0,clean,
S100YH1N,E01770,6742,listed,電気機器,株式会社京三製作所,"Kyosan Electric Manufacturing Co.,Ltd.",2026-03-31,2026-06-23,代表取締役 社長執行役員 國 澤 良 治,11,8.0,3.0,0.272,0.2727,11.0,0.0,44.0,17.0,9286320.0,0.029,0.698,,311697000.0,0,clean,
S100YH29,E02962,2784,listed,卸売業,アルフレッサ ホールディングス株式会社,Alfresa Holdings Corporation,2026-03-31,2026-06-23,代表取締役社長 荒川 隆治,12,9.0,3.0,0.25,0.25,12.0,0.0,46.6,14.0,8386723.0,,,,291000000.0,0,clean,
S100YH2N,E04060,3231,listed,不動産業,野村不動産ホールディングス株式会社,"Nomura Real Estate Holdings, Inc.",2026-03-31,2026-06-23,代表取締役社長 新井 聡,12,10.0,2.0,0.167,0.1667,12.0,0.0,41.9,13.5,12482286.0,0.137,0.676,,1085000000.0,5,clean,
S100YH2P,E00721,9475,listed,情報・通信業,株式会社昭文社ホールディングス,"Shobunsha Holdings, Inc.",2026-03-31,2026-06-23,代表取締役社長 黒田 茂夫,6,6.0,,,,,,49.3,20.9,6700388.0,,,,88590000.0,0,clean,
S100YH2T,E05211,4308,listed,情報・通信業,株式会社Jストリーム,J-Stream Inc.,2026-03-31,2026-06-23,代表取締役社長 石松 俊雄,11,11.0,0.0,0.0,0.0,11.0,0.0,37.3,7.9,6052478.0,0.12,0.802,,67625000.0,0,clean,
S100YH2V,E05432,3753,listed,情報・通信業,株式会社フライトソリューションズ,FLIGHT SOLUTIONS Inc.,2026-03-31,2026-06-23,代表取締役社長 片山 圭一朗,7,5.0,2.0,0.286,0.2857,7.0,0.0,41.0,11.1,5631000.0,0.136,0.719,,73320000.0,0,clean,
S100YH3A,E00107,1961,listed,建設業,三機工業株式会社,"Sanki Engineering Co., Ltd.",2026-03-31,2026-06-23,代表取締役社長 名古屋 和宏,17,16.0,1.0,0.059,0.0588,17.0,0.0,42.5,18.1,12280992.0,0.023,0.604,,1865000000.0,2,clean,
S100YH3H,E01275,5458,listed,鉄鋼,高砂鐵工株式会社,"TAKASAGO TEKKO K.K.,",2026-03-31,2026-06-23,代表取締役社長 加藤 勘二,7,7.0,,,,,,46.9,18.4,6021943.0,0.083,,,76000000.0,0,clean,
S100YH3J,E04997,4687,listed,情報・通信業,TDCソフト株式会社,TDC SOFT Inc.,2026-03-31,2026-06-23,代表取締役社長 小 林 裕 嘉,15,12.0,3.0,0.2,0.2,15.0,0.0,35.8,10.5,6200000.0,0.072,0.799,,374131000.0,0,clean,
S100YH3M,E00922,4506,listed,医薬品,住友ファーマ株式会社,"Sumitomo Pharma Co., Ltd.",2026-03-31,2026-06-23,代表取締役社長 木 村 徹,10,9.0,1.0,0.1,0.1,10.0,0.0,44.5,18.9,9055526.0,0.154,0.829,,245000000.0,0,clean,
S100YH3W,E04356,9367,listed,倉庫・運輸関連,大東港運株式会社,"DAITO KOUN CO.,LTD.",2026-03-31,2026-06-23,代表取締役社長 曽 根 好 貞,9,8.0,1.0,0.11,0.1111,9.0,0.0,41.5,15.9,6870920.0,0.097,0.775,,139609000.0,0,clean,
S100YH46,E40236,299A,listed,情報・通信業,クラシル株式会社(旧会社名 dely株式会社),"Kurashiru, Inc.(旧英訳名 dely inc.)(注)2025年6月27日開催の株主総会の決議により、2025年10月1日から会社名を上記のとおり変更いたしました。",2026-03-31,2026-06-23,代表取締役社長 堀江 裕介,7,5.0,2.0,0.2857,0.2857,7.0,0.0,31.8,2.8,6417000.0,0.352,0.549,,64212000.0,0,clean,
S100YH48,E01434,6484,listed,機械,株式会社KVK,KVK CORPORATION,2026-03-31,2026-06-23,代表取締役社長 末松 正幸,11,11.0,,,,,,39.9,14.6,5368000.0,0.011,0.638,,130656000.0,0,clean,
S100YH4M,E01920,6586,listed,機械,株式会社マキタ,Makita Corporation,2026-03-31,2026-06-23,取締役社長 後 藤 宗 利,14,12.0,2.0,0.143,0.1429,14.0,0.0,39.8,16.5,7525657.0,0.02,0.606,,379000000.0,1,clean,
S100YH4R,E04179,9069,listed,陸運業,センコーグループホールディングス株式会社,"SENKO Group Holdings Co., Ltd.",2026-03-31,2026-06-23,代表取締役社長 福田 泰久,15,11.0,4.0,0.267,0.2667,15.0,0.0,43.9,11.0,8164956.0,0.038,0.505,,373000000.0,0,clean,
S100YH50,E01802,6745,listed,電気機器,ホーチキ株式会社,HOCHIKI CORPORATION,2026-03-31,2026-06-23,代表取締役社長執行役員 細 井 元,11,9.0,2.0,0.182,0.1818,11.0,0.0,41.7,13.6,7440174.0,0.021,0.601,,299000000.0,0,clean,
S100YH51,E01773,6753,listed,電気機器,シャープ株式会社,Sharp Corporation,2023-03-31,2023-06-28,代表取締役 呉 柏 勲,7,7.0,,,,,,45.6,22.4,7088000.0,,,,249000000.0,0,clean,
S100YH52,E01773,6753,listed,電気機器,シャープ株式会社,Sharp Corporation,2024-03-31,2024-06-28,代表取締役 沖 津 雅 浩,9,8.0,1.0,0.11,0.1111,9.0,0.0,45.5,21.6,7188000.0,0.05,0.796,,291000000.0,1,clean,
S100YH53,E01773,6753,listed,電気機器,シャープ株式会社,Sharp Corporation,2025-03-31,2025-06-26,代表取締役 沖 津 雅 浩,9,8.0,1.0,0.11,0.1111,9.0,0.0,45.3,21.1,7532000.0,0.044,0.799,,349000000.0,2,clean,
S100YH59,E03729,8421,listed,その他金融業,信金中央金庫,Shinkin Central Bank,2026-03-31,2026-06-23,理事長 柴 田 弘 之,35,35.0,,,,,,37.9,13.9,8600000.0,0.022,0.561,,484000000.0,0,clean,
S100YH5E,E01774,6754,listed,電気機器,アンリツ株式会社,ANRITSU CORPORATION,2026-03-31,2026-06-23,代表取締役社長 濱田 宏一,9,8.0,1.0,0.111,0.1111,9.0,0.0,46.1,21.3,7838000.0,0.064,0.81,,260000000.0,0,clean,
S100YH5L,E04065,3238,listed,不動産業,セントラル総合開発株式会社,"CENTRAL GENERAL DEVELOPMENT CO.,LTD.",2026-03-31,2026-06-23,代表取締役社長 田 中 洋 一,12,10.0,2.0,0.167,0.1667,12.0,0.0,45.3,14.3,7436000.0,,,,117737000.0,0,clean,
S100YH5X,E03320,7615,listed,小売業,株式会社京都きもの友禅ホールディングス,"KYOTO KIMONO YUZEN HOLDINGS Co.,Ltd.",2026-03-31,2026-06-23,代表取締役社長 浅 香 竜 也,6,4.0,2.0,0.333,0.3333,6.0,0.0,43.7,13.9,3733000.0,0.571,0.642,,47864000.0,0,clean,
S100YH5Z,E01474,6016,listed,輸送用機器,株式会社ジャパンエンジンコーポレーション,Japan Engine Corporation,2026-03-31,2026-06-23,代表取締役社長 川島 健,10,10.0,,,,,,41.2,9.5,7021196.0,,0.737,,203000000.0,0,clean,
S100YH6Y,E01733,6258,listed,機械,平田機工株式会社,HIRATA Corporation,2026-03-31,2026-06-23,代表取締役社長 前田 繁,12,10.0,2.0,0.17,0.1667,12.0,0.0,39.7,15.9,7355847.0,0.074,0.569,,329884000.0,0,clean,
S100YH71,E02089,6674,listed,電気機器,株式会社 ジーエス・ユアサ コーポレーション,GS Yuasa Corporation,2026-03-31,2026-06-23,取締役社長 CEO 阿部 貴志,11,9.0,2.0,0.18,0.1818,11.0,0.0,52.1,26.4,10910113.0,,,,217000000.0,1,clean,
S100YH7U,E33557,6557,listed,サービス業,AIAIグループ株式会社,AIAI Group Corporation,2026-03-31,2026-06-23,代表取締役社長兼CEO 貞松 成,6,5.0,1.0,0.167,0.1667,6.0,0.0,,,,,,,94000000.0,0,clean,
S100YH7Z,E01986,6932,listed,電気機器,株式会社遠藤照明,ENDO Lighting Corporation,2026-03-31,2026-06-23,代表取締役社長 遠 藤 邦 彦,9,8.0,1.0,0.111,0.1111,9.0,0.0,41.6,12.8,6729000.0,0.115,0.729,,212000000.0,0,clean,
S100YH80,E04995,4685,listed,情報・通信業,株式会社菱友システムズ,"Ryoyu Systems Co.,Ltd.",2026-03-31,2026-06-23,代表取締役社長 安井 譲,7,6.0,1.0,0.143,0.1429,7.0,0.0,44.2,19.3,7823033.0,0.025,0.782,,125000000.0,0,clean,
S100YH8A,E02415,7943,listed,ガラス・土石製品,ニチハ株式会社,NICHIHA CORPORATION,2026-03-31,2026-06-23,代表取締役社長 吉岡 成充,13,10.0,3.0,0.231,0.2308,13.0,0.0,46.8,17.6,7222000.0,0.016,0.605,,541000000.0,0,clean,
S100YH8U,E01870,6777,listed,電気機器,santec Holdings株式会社,santec Holdings Corporation,2026-03-31,2026-06-23,代表取締役・社長執行役員 鄭 元鎬,7,6.0,1.0,0.143,0.1429,7.0,0.0,42.4,11.2,7059000.0,0.125,0.6,,588000000.0,3,clean,
S100YH8W,E04514,9531,listed,電気・ガス業,東京瓦斯株式会社,"TOKYO GAS CO.,LTD.",2026-03-31,2026-06-23,代表執行役社長 笹山 晋一,9,9.0,2.0,0.182,0.2222,11.0,2.0,43.3,19.5,7840953.0,0.128,0.792,,697000000.0,1,clean,
S100YH90,E27655,3676,listed,サービス業,株式会社デジタルハーツホールディングス,"DIGITAL HEARTS HOLDINGS Co., Ltd.",2026-03-31,2026-06-23,代表取締役社長 CEO 筑紫 敏矢,9,6.0,3.0,0.333,0.3333,9.0,0.0,46.3,4.5,7979000.0,0.273,,,102531000.0,0,clean,
S100YH91,E30481,6740,listed,電気機器,株式会社ジャパンディスプレイ,Japan Display Inc.,2026-03-31,2026-06-23,代表執行役社長 CEO 明間 純,5,4.0,2.0,0.333,0.4,6.0,1.0,50.9,23.2,6979000.0,0.021,0.701,,61000000.0,0,clean,
S100YH9F,E00786,4094,listed,化学,日本化学産業株式会社,"NIHON KAGAKU SANGYO CO.,LTD.",2026-03-31,2026-06-23,代表取締役社長 角 谷 博 樹,11,8.0,3.0,0.273,0.2727,11.0,0.0,41.8,16.3,6368726.0,0.039,0.604,,178277000.0,0,clean,
S100YH9L,E01896,6955,listed,電気機器,FDK株式会社,FDK CORPORATION,2026-03-31,2026-06-23,代表取締役社長 長野 良,7,5.0,2.0,0.286,0.2857,7.0,0.0,47.2,22.3,5966000.0,0.073,0.783,,71000000.0,0,clean,
S100YHAF,E04160,9083,listed,陸運業,神姫バス株式会社,"SHINKI BUS CO.,LTD.",2026-03-31,2026-06-23,代表取締役社長 長尾 真,14,13.0,1.0,0.071,0.0714,14.0,0.0,49.7,11.1,5275024.0,0.069,0.48,,277000000.0,0,clean,
S100YHAI,E05325,4827,listed,不動産業,ビジネス・ワンホールディングス株式会社,"Business One Holdings, Inc.",2026-03-31,2026-06-23,代表取締役社長 尾﨑 朝樹,13,13.0,,,,,,56.2,5.8,5872932.0,,,,104700000.0,0,clean,
S100YHAQ,E33624,7199,listed,その他金融業,プレミアグループ株式会社,"Premium Group Co., Ltd.",2026-03-31,2026-06-23,代表取締役社長 CEO 柴田 洋一,9,6.0,3.0,0.333,0.3333,9.0,0.0,36.7,7.9,8020992.0,0.351,0.803,,229000000.0,1,clean,
S100YHAT,E32408,3937,listed,情報・通信業,株式会社Ubicomホールディングス,"Ubicom Holdings, Inc.",2026-03-31,2026-06-23,代表取締役社長 青木 正之,8,7.0,1.0,0.125,0.125,8.0,0.0,50.7,6.0,6512000.0,0.1538,0.6165,,79887000.0,0,clean,
S100YHAZ,E30065,6082,listed,サービス業,株式会社ライドオンエクスプレスホールディングス,"RIDE ON EXPRESS HOLDINGS Co., Ltd.",2026-03-31,2026-06-23,代表取締役社長 江見 朗,8,7.0,1.0,0.125,0.125,8.0,0.0,42.2,11.3,6762000.0,0.125,0.643,,254000000.0,0,clean,
S100YHB1,E02147,7242,listed,輸送用機器,カヤバ株式会社,KYB Corporation,2026-03-31,2026-06-23,代表取締役社長執行役員兼CEO 川瀬 正裕,11,8.0,3.0,0.27,0.2727,11.0,0.0,41.9,17.4,7090969.0,0.033,0.809,,370000000.0,1,clean,
S100YHB3,E05578,3802,listed,情報・通信業,株式会社エコミック,"ECOMIC CO.,LTD",2026-03-31,2026-06-23,代表取締役社長CEO 熊谷 浩二,7,7.0,,,,,,37.6,7.2,4754475.0,0.214,0.555,,67970000.0,0,clean,
S100YHBC,E31855,6181,listed,サービス業,タメニー株式会社,Tameny Inc.,2026-03-31,2026-06-23,代表取締役社長 伊東 大輔,10,9.0,1.0,0.1,0.1,10.0,0.0,42.4,7.8,4394567.0,0.52,0.666,,58251000.0,0,clean,
S100YHBL,E39406,143A,listed,サービス業,イシン株式会社,"Ishin Co., Ltd.",2026-03-31,2026-06-23,代表取締役社長 西中 大史,6,5.0,1.0,0.16,0.1667,6.0,0.0,34.8,3.9,5310000.0,0.08,,,72413000.0,0,clean,
S100YHBT,E05324,2351,listed,情報・通信業,株式会社ASJ,ASJ INC.,2026-03-31,2026-06-23,代表取締役社長 青木 邦哲,11,11.0,,,,,,40.7,15.1,5219636.0,,,,111945000.0,0,clean,
S100YHC7,E27051,3179,listed,小売業,シュッピン株式会社,"Syuppin Co., Ltd.",2026-03-31,2026-06-23,代表取締役社長 CEO 齋藤 仁志,12,8.0,4.0,0.33,0.3333,12.0,0.0,36.0,7.3,5934401.0,0.167,0.85,,200012000.0,0,clean,
S100YHCO,E05028,4718,listed,サービス業,株式会社早稲田アカデミー,"WASEDA ACADEMY CO.,LTD.",2026-03-31,2026-06-23,代表取締役社長 山本 豊,9,7.0,2.0,0.222,0.2222,9.0,0.0,39.0,9.0,6112860.0,0.049,0.503,,246201000.0,0,clean,
S100YHCS,E02161,7238,listed,輸送用機器,曙ブレーキ工業株式会社,"AKEBONO BRAKE INDUSTRY CO., LTD.",2026-03-31,2026-06-23,代表取締役社長 CEO 長 岡 宏,7,7.0,,,,,,46.0,20.8,7147943.0,0.059,0.742,,142000000.0,0,clean,
S100YHD1,E04170,,unlisted,陸運業,奈良交通株式会社,"Nara Kotsu Bus Lines Co., Ltd.",2026-03-31,2026-06-23,代表取締役社長 矢嶋 尚彦,0,,,,,,,,,,,,,,0,no_tagged_board,officers table is TextBlock only
S100YHD7,E01698,6418,listed,機械,日本金銭機械株式会社,"JAPAN CASH MACHINE CO.,LTD.",2026-03-31,2026-06-23,代表取締役社長 上東 洋次郎,10,9.0,1.0,0.1,0.1,10.0,0.0,43.1,15.8,7861000.0,0.037,0.633,,262466000.0,0,clean,
S100YHDD,E04830,,unlisted,情報・通信業,SCSK株式会社,SCSK Corporation,2026-03-31,2026-06-23,代表取締役 執行役員 社長 當麻 隆昭,13,12.0,1.0,0.08,0.0769,13.0,0.0,42.0,16.0,7969000.0,0.12,0.847,,,0,clean,
S100YHDN,E26124,6055,listed,サービス業,ジャパンマテリアル株式会社,"JAPAN MATERIAL Co.,Ltd.",2026-03-31,2026-06-23,代表取締役社長執行役員 田中 宏典,15,14.0,1.0,0.067,0.0667,15.0,0.0,39.5,7.2,6374052.0,0.119,0.768,,349000000.0,0,clean,
S100YHDW,E27294,2588,listed,食料品,株式会社プレミアムウォーターホールディングス,"Premium Water Holdings, Inc.",2026-03-31,2026-06-23,代表取締役社長 金本 彰彦,15,14.0,1.0,0.067,0.0667,15.0,0.0,43.0,11.3,7077000.0,0.0,0.38,,309000000.0,0,clean,
S100YHDZ,E02516,9274,listed,卸売業,KPPグループホールディングス株式会社,"KPP GROUP HOLDINGS CO., LTD.",2026-03-31,2026-06-23,代表取締役社長 兼 CEO 坂田 保之,10,7.0,3.0,0.3,0.3,10.0,0.0,46.5,9.3,8727698.0,0.23,0.748,,237000000.0,3,clean,
S100YHEK,E00382,2218,listed,食料品,日糧製パン株式会社,"NICHIRYO BAKING CO.,LTD.",2026-03-31,2026-06-23,代表取締役社長 吉 田 勝 彦,12,12.0,,,,,,44.9,15.2,4572000.0,0.092,0.644,,129911000.0,0,clean,
S100YHEX,E00465,2806,listed,食料品,ユタカフーズ株式会社,YUTAKA FOODS CORPORATION,2026-03-31,2026-06-23,代表取締役社長 橋 本 淳,7,6.0,1.0,0.143,0.1429,7.0,0.0,39.1,16.1,6102358.0,0.125,0.612,,56000000.0,0,clean,
S100YHEY,E02381,6454,listed,機械,マックス株式会社,"MAX CO., LTD.",2026-03-31,2026-06-23,代表取締役社長 小 川 辰 志,10,8.0,2.0,0.2,0.2,10.0,0.0,41.3,16.5,10002000.0,0.016,0.496,,320000000.0,0,clean,
S100YHF0,E04194,9059,listed,陸運業,カンダホールディングス株式会社,"Kanda Holdings Co.,Ltd.",2026-03-31,2026-06-23,代表取締役社長 原島 藤壽,8,5.0,3.0,0.375,0.375,8.0,0.0,50.0,17.0,7978614.0,,,,117000000.0,0,clean,
S100YHFI,E04285,9303,listed,倉庫・運輸関連,株式会社住友倉庫,"The Sumitomo Warehouse Co., Ltd.",2026-03-31,2026-06-23,社長 永田 昭仁,13,11.0,2.0,0.154,0.1538,13.0,0.0,37.9,12.9,8441000.0,0.028,0.63,,493000000.0,1,clean,
S100YHFP,E00764,4027,listed,化学,テイカ株式会社,TAYCA CORPORATION,2026-03-31,2026-06-23,代表取締役 社長執行役員 出 井 俊 治,9,7.0,2.0,0.222,0.2222,9.0,0.0,40.5,17.0,6674000.0,0.014,0.735,,158000000.0,0,clean,
S100YHFS,E04334,9075,listed,陸運業,福山通運株式会社,"FUKUYAMA TRANSPORTING CO., LTD.",2021-03-31,2021-06-23,代表取締役 社長執行役員 小 丸 成 洋,14,11.0,3.0,0.214,0.2143,14.0,0.0,44.3,15.2,4982000.0,,,,272000000.0,0,clean,
S100YHFU,E04334,9075,listed,陸運業,福山通運株式会社,"FUKUYAMA TRANSPORTING CO., LTD.",2022-03-31,2022-06-22,代表取締役 社長執行役員 小 丸 成 洋,14,11.0,3.0,0.214,0.2143,14.0,0.0,44.4,15.2,5002000.0,,,,286000000.0,0,clean,
S100YHFX,E04334,9075,listed,陸運業,福山通運株式会社,"FUKUYAMA TRANSPORTING CO., LTD.",2023-03-31,2023-06-26,代表取締役 社長執行役員 小 丸 成 洋,14,11.0,3.0,0.214,0.2143,14.0,0.0,44.7,15.3,5040000.0,,,,317000000.0,0,clean,
S100YHFZ,E01327,5726,listed,非鉄金属,株式会社大阪チタニウムテクノロジーズ,"OSAKA Titanium technologies Co.,Ltd.",2026-03-31,2026-06-23,代表取締役社長 川 福 純 司,8,7.0,1.0,0.12,0.125,8.0,0.0,43.9,16.0,7163437.0,0.017,0.684,,198000000.0,0,clean,
S100YHG0,E04334,9075,listed,陸運業,福山通運株式会社,"FUKUYAMA TRANSPORTING CO., LTD.",2024-03-31,2024-06-24,代表取締役 社長執行役員 小 丸 成 洋,13,10.0,3.0,0.231,0.2308,13.0,0.0,45.0,15.4,5014000.0,0.029,0.584,,367000000.0,1,clean,
S100YHG2,E04334,9075,listed,陸運業,福山通運株式会社,"FUKUYAMA TRANSPORTING CO., LTD.",2025-03-31,2025-06-23,代表取締役 社長執行役員 小 丸 成 洋,13,10.0,3.0,0.231,0.2308,13.0,0.0,45.3,15.3,5108000.0,0.03,0.584,,348000000.0,1,clean,
S100YHGL,E04639,,unlisted,サービス業,株式会社仙台カントリークラブ,"Sendai Country Club Co., Ltd.",2026-03-31,2026-06-23,代表取締役社長 菅 原 一 博,0,,,,,,,,,,,,,,0,no_tagged_board,officers table is TextBlock only
S100YHGU,E00242,1828,listed,建設業,田辺工業株式会社,TANABE ENGINEERING CORPORATION,2026-03-31,2026-06-23,代表取締役社長 水澤 文雄,11,11.0,,,,,,41.1,15.5,6920350.0,0.029,0.68,,256911000.0,0,clean,
S100YHGY,E02851,7510,listed,卸売業,株式会社たけびし,TAKEBISHI CORPORATION,2026-03-31,2026-06-23,代表取締役社長 岡垣 浩志,10,9.0,1.0,0.1,0.1,10.0,0.0,39.7,16.5,7909000.0,0.0,0.506,,256000000.0,0,clean,
S100YHHI,E02344,7745,listed,精密機器,株式会社A&Dホロンホールディングス,"A&amp;D HOLON Holdings Company, Limited",2026-03-31,2026-06-23,代表取締役執行役員社長 森島 泰信,10,9.0,1.0,0.1,0.1,10.0,0.0,,,,,,,301000000.0,1,clean,
S100YHHK,E37978,6526,listed,電気機器,株式会社ソシオネクスト,Socionext Inc.,2026-03-31,2026-06-23,代表取締役会長兼CEO 肥塚 雅博,9,7.0,2.0,0.222,0.2222,9.0,0.0,50.6,9.6,9590000.0,0.031,0.748,,518000000.0,1,clean,
S100YHHR,E04232,9027,listed,陸運業,株式会社ロジネットジャパン,"LOGINET JAPAN CO., LTD.",2026-03-31,2026-06-23,代表取締役 社長執行役員 橋本 潤美,12,10.0,2.0,0.17,0.1667,12.0,0.0,41.2,11.4,7308000.0,0.204,0.804,,406000000.0,1,clean,
S100YHHV,E02046,7859,listed,その他製品,株式会社アルメディオ,ALMEDIO INC.,2026-03-31,2026-06-23,代表取締役社長 髙橋 靖,9,8.0,1.0,0.111,0.1111,9.0,0.0,42.0,8.15,5163000.0,0.0,0.698,,101400000.0,0,clean,
S100YHIR,E00591,3580,listed,繊維製品,小松マテーレ株式会社,"KOMATSU MATERE Co., Ltd.",2026-03-31,2026-06-23,代表取締役社長 中 山 大 輔,11,10.0,1.0,0.09,0.0909,11.0,0.0,38.5,15.9,5981496.0,0.068,0.709,,272000000.0,0,clean,
S100YHIT,E02214,7287,listed,輸送用機器,日本精機株式会社,"NIPPON SEIKI CO.,LTD.",2026-03-31,2026-06-23,代表取締役社長 社長執行役員 永 野 恵 一,10,8.0,2.0,0.2,0.2,10.0,0.0,43.7,18.3,6243000.0,0.053,0.738,,313000000.0,0,clean,
S100YHJ3,E04478,4838,listed,情報・通信業,スペースシャワーSKIYAKIホールディングス株式会社,SPACE SHOWER SKIYAKI HOLDINGS INC.,2026-03-31,2026-06-23,代表取締役社長 林 吉人,9,9.0,,,,,,39.2,9.4,6801661.0,,,,272560000.0,0,clean,
S100YHJ4,E04859,9684,listed,情報・通信業,株式会社スクウェア・エニックス・ホールディングス,"SQUARE ENIX HOLDINGS CO.,LTD.",2026-03-31,2026-06-23,代表取締役社長 桐生 隆司,12,9.0,3.0,0.25,0.25,12.0,0.0,48.0,5.9,13150577.0,,,,813000000.0,1,clean,
S100YHJH,E00725,7864,listed,その他製品,株式会社フジシールインターナショナル,"FUJI SEAL INTERNATIONAL,INC.",2026-03-31,2026-06-23,取締役 代表執行役社長 CEO 岡﨑 成子,6,12.0,4.0,0.25,0.6667,16.0,10.0,47.0,13.6,8025000.0,0.323,0.846,,448000000.0,1,clean,
S100YHJR,E03416,2780,listed,小売業,株式会社コメ兵ホールディングス,"Komehyo Holdings Co.,Ltd.",2026-03-31,2026-06-23,代表取締役社長 石原 卓児,9,6.0,3.0,0.333,0.3333,9.0,0.0,,,,,,,173234000.0,0,clean,
S100YHK4,E33574,3611,listed,繊維製品,株式会社マツオカコーポレーション,MATSUOKA CORPORATION,2026-03-31,2026-06-23,代表取締役社長執行役員 松岡 典之,13,13.0,,,,,,42.4,8.4,5552000.0,,,,294000000.0,1,clean,
S100YHK6,E02813,7441,listed,卸売業,株式会社Misumi,"MISUMI CO., LTD.",2026-03-31,2026-06-23,代表取締役社長 平田 慶介,10,10.0,,,,,,42.4,15.5,4000000.0,0.049,0.804,,155000000.0,0,clean,
S100YHK9,E03266,7506,listed,小売業,株式会社ハウス オブ ローゼ,"HOUSE OF ROSE Co.,Ltd.",2026-03-31,2026-06-23,代表取締役社長 川口 善弘,8,6.0,2.0,0.25,0.25,8.0,0.0,42.4,9.3,4261000.0,0.678,0.542,,110222000.0,0,clean,
S100YHKB,E00609,9980,listed,小売業,MRKホールディングス株式会社,MRK HOLDINGS INC.,2026-03-31,2026-06-23,代表取締役社長 岡本 雅文,7,6.0,1.0,0.143,0.1429,7.0,0.0,46.1,12.9,4846715.0,0.417,0.667,,53830000.0,0,clean,
S100YHKN,E03674,8563,listed,銀行業,株式会社大東銀行,"THE DAITO BANK, LTD.",2026-03-31,2026-06-23,取締役会長兼社長 鈴 木 孝 雄,10,9.0,1.0,0.1,0.1,10.0,0.0,40.1,17.3,5707000.0,0.155,0.594,,158000000.0,0,clean,
S100YHKP,E02825,7460,listed,卸売業,株式会社ヤギ,"YAGI &amp; CO.,LTD.",2026-03-31,2026-06-23,代表取締役社長執行役員 八木 隆夫,11,10.0,1.0,0.091,0.0909,11.0,0.0,39.7,14.3,9002299.0,0.081,0.576,,412000000.0,1,clean,
S100YHKQ,E00893,4613,listed,化学,関西ペイント株式会社,"KANSAI PAINT CO.,LTD.",2026-03-31,2026-06-23,代表取締役社長 毛利 訓士,10,7.0,3.0,0.3,0.3,10.0,0.0,42.1,18.4,8787000.0,0.049,0.743,,542000000.0,1,clean,
S100YHL5,E02835,7476,listed,卸売業,アズワン株式会社,AS ONE CORPORATION,2026-03-31,2026-06-23,代表取締役社長CEO 井 内 卓 嗣,9,6.0,3.0,0.333,0.3333,9.0,0.0,38.1,11.3,7123443.0,0.106,0.614,,322000000.0,1,clean,
S100YHL6,E00891,4611,listed,化学,大日本塗料株式会社,"Dai Nippon Toryo Company,Limited",2026-03-31,2026-06-23,代表取締役社長 里 隆幸,10,9.0,1.0,0.1,0.1,10.0,0.0,41.2,16.0,6233100.0,0.041,0.75,,228000000.0,0,clean,
S100YHLL,E36435,7698,listed,卸売業,株式会社アイスコ,Iceco Inc.,2026-03-31,2026-06-23,代表取締役社長 相原 貴久,7,7.0,,,,,,39.1,5.8,4421000.0,0.019,0.456,,119597000.0,0,clean,
S100YHLM,E36368,6614,listed,電気機器,株式会社シキノハイテック,"Shikino High-Tech CO.,LTD.",2026-03-31,2026-06-23,代表取締役社長執行役員 髙橋 信一,11,10.0,1.0,0.091,0.0909,11.0,0.0,42.8,12.2,5007000.0,0.1,0.602,,122301000.0,0,clean,
S100YHLQ,E04153,9023,listed,陸運業,東京地下鉄株式会社,"Tokyo Metro Co., Ltd.",2026-03-31,2026-06-23,代表取締役社長 小 坂 彰 洋,14,10.0,4.0,0.286,0.2857,14.0,0.0,39.7,18.1,8365521.0,0.033,0.673,,364000000.0,0,clean,
S100YHN8,E05679,3839,listed,情報・通信業,株式会社ODKソリューションズ,"ODK Solutions Company,Ltd.",2026-03-31,2026-06-23,代表取締役社長 勝根 秀和,8,7.0,1.0,0.125,0.125,8.0,0.0,41.3,12.1,6244000.0,,,,109734000.0,0,clean,
S100YHNU,E03977,8877,listed,不動産業,エスリード株式会社,ESLEAD CORPORATION,2026-03-31,2026-06-23,代表取締役社長 荒牧 杉夫,15,13.0,2.0,0.13,0.1333,15.0,0.0,32.0,5.0,8933360.0,0.035,0.525,,412734000.0,1,clean,
S100YHO9,E01035,4918,listed,化学,株式会社アイビー化粧品,IVY COSMETICS CORPORATION,2026-03-31,2026-06-23,代表取締役社長 白銀 浩二,9,7.0,2.0,0.2222,0.2222,9.0,0.0,48.8,20.7,5485950.0,0.286,0.703,,187000000.0,0,clean,
S100YHOM,E02579,8085,listed,卸売業,ナラサキ産業株式会社,"NARASAKI SANGYO CO., LTD.",2026-03-31,2026-06-23,代表取締役社長兼社長執行役員 中村 克久,11,10.0,1.0,0.091,0.0909,11.0,0.0,42.6,16.0,7556519.0,,0.644,,389000000.0,0,clean,
S100YHOQ,E00014,1332,listed,水産・農林業,株式会社ニッスイ,Nissui Corporation,2026-03-31,2026-06-23,代表取締役社長執行役員 田 中 輝,14,11.0,3.0,0.214,0.2143,14.0,0.0,42.82,15.8,8506166.0,0.091,0.593,,513000000.0,0,clean,
S100YHOY,E36343,4177,listed,情報・通信業,株式会社i-plug,"i-plug,Inc.",2026-03-31,2026-06-23,代表取締役CEO 中野 智哉,11,9.0,2.0,0.182,0.1818,11.0,0.0,34.7,3.7,6202896.0,0.163,0.676,,184043000.0,0,clean,
S100YHPC,E26061,4977,listed,化学,新田ゼラチン株式会社,Nitta Gelatin Inc.,2026-03-31,2026-06-23,代表取締役社長執行役員 竹宮 秀典,10,8.0,2.0,0.2,0.2,10.0,0.0,42.7,14.3,7766568.0,0.106,0.651,,124000000.0,0,clean,
S100YHPD,E00848,4531,listed,医薬品,有機合成薬品工業株式会社,"YUKI GOSEI KOGYO CO., LTD.",2026-03-31,2026-06-23,代表取締役 社長執行役員 松本 清一郎,6,6.0,0.0,0.0,0.0,6.0,0.0,44.2,17.3,6793000.0,0.16,0.874,,98000000.0,0,clean,
S100YHPK,E36976,6523,listed,電気機器,PHCホールディングス株式会社,PHC Holdings Corporation,2026-03-31,2026-06-23,代表取締役社長CEO 出口 恭子,11,8.0,3.0,0.273,0.2727,11.0,0.0,49.0,17.5,9834195.0,0.258,0.798,,565000000.0,2,clean,
S100YHPP,E03679,7150,listed,銀行業,株式会社 島根銀行,"THE SHIMANE BANK,LTD.",2026-03-31,2026-06-23,取締役頭取 長岡 一彦,10,9.0,1.0,0.1,0.1,10.0,0.0,39.0,16.0,4989000.0,0.268,0.686,,87000000.0,0,clean,
S100YHRD,E05363,4564,listed,医薬品,オンコセラピー・サイエンス株式会社,"OncoTherapy Science, Inc.",2026-03-31,2026-06-23,代表取締役社長 嶋田 順一,8,6.0,2.0,0.25,0.25,8.0,0.0,46.3,11.94,5981000.0,,,,61500000.0,0,clean,
S100YHRU,E00781,4097,listed,化学,高圧ガス工業株式会社,"KOATSU GAS KOGYO CO., LTD.",2026-03-31,2026-06-23,代表取締役社長 黒 木 幹 也,9,8.0,1.0,0.111,0.1111,9.0,0.0,40.8,14.2,6225000.0,,0.75,,281000000.0,0,clean,
S100YHRX,E02217,7292,listed,輸送用機器,株式会社村上開明堂,MURAKAMI CORPORATION,2026-03-31,2026-06-23,代表取締役社長 村 上 太 郎,13,12.0,1.0,0.077,0.0769,13.0,0.0,43.4,19.0,6987410.0,0.055,0.745,,428000000.0,1,clean,
S100YHRY,E02216,7291,listed,輸送用機器,日本プラスト株式会社,"NIHON PLAST CO., LTD.",2026-03-31,2026-06-23,代表取締役社長 時田 孝志,10,9.0,1.0,0.1,0.1,10.0,0.0,40.5,15.4,5996000.0,0.034,0.675,,200000000.0,0,clean,
S100YHS4,E02905,7628,listed,卸売業,株式会社オーハシテクニカ,OHASHI TECHNICA INC.,2026-03-31,2026-06-23,代表取締役社長 廣瀬 正也,8,6.0,2.0,0.25,0.25,8.0,0.0,45.0,15.0,6466000.0,0.108,,,158373000.0,0,clean,
S100YHSC,E00953,4538,listed,医薬品,扶桑薬品工業株式会社,"Fuso Pharmaceutical Industries, Ltd.",2026-03-31,2026-06-23,代表取締役社長 戸 田 幹 雄,11,10.0,1.0,0.091,0.0909,11.0,0.0,41.2,18.8,6049000.0,0.073,0.685,,164000000.0,0,clean,
S100YHSE,E02049,6337,listed,機械,株式会社テセック,TESEC Corporation,2026-03-31,2026-06-23,代表取締役社長 田中 賢治,7,7.0,,,,,,43.1,18.0,6581617.0,0.026,,,116000000.0,0,clean,
S100YHTD,E35344,7075,listed,サービス業,株式会社QLSホールディングス,"QLS Holdings Co., Ltd",2026-03-31,2026-06-23,代表取締役社長 雨田 武史,8,7.0,1.0,0.125,0.125,8.0,0.0,32.7,4.4,3563000.0,0.25,0.462,,94935000.0,0,clean,
S100YHU1,E00341,2291,listed,食料品,福留ハム株式会社,"FUKUTOME MEAT PACKERS,LTD.",2026-03-31,2026-06-23,代表取締役社長 福 原 治 彦,7,7.0,0.0,0.0,0.0,7.0,0.0,45.0,19.0,5016000.0,0.045,0.577,,60000000.0,0,clean,
S100YHU5,E01824,6976,listed,電気機器,太陽誘電株式会社,"TAIYO YUDEN CO., LTD.",2026-03-31,2026-06-23,代表取締役社長執行役員 佐瀬 克也,9,6.0,3.0,0.333,0.3333,9.0,0.0,41.5,16.4,6616000.0,0.077,0.736,,335000000.0,0,clean,
S100YHUI,E04661,,unlisted,サービス業,美々津観光開発株式会社,"MIMITU KANKO KAIHATSU CO.,LTD.",2026-03-31,2026-06-23,代表取締役社長 清 本 邦 夫,0,,,,,,,,,,,,,,0,no_tagged_board,officers table is TextBlock only
S100YHUS,E32159,3934,listed,情報・通信業,株式会社ベネフィットジャパン,"BENEFIT JAPAN Co.,LTD.",2026-03-31,2026-06-23,代表取締役社長 佐久間 寛,9,8.0,1.0,0.111,0.1111,9.0,0.0,32.9,7.0,4376722.0,0.2,0.731,,131049000.0,0,clean,
S100YHUU,E37145,4419,listed,サービス業,株式会社Finatextホールディングス,Finatext Holdings Ltd.,2026-03-31,2026-06-23,代表取締役社長CEO 林 良太,7,7.0,,,,,,44.8,4.6,7988000.0,,,,68700000.0,0,clean,
S100YHUZ,E39367,142A,listed,サービス業,株式会社ジンジブ,"JINJIB Co.,Ltd.",2026-03-31,2026-06-23,代表取締役社長 佐々木 満秀,9,8.0,1.0,0.111,0.1111,9.0,0.0,30.0,3.0,4087000.0,0.308,,,95641000.0,0,clean,
S100YHVF,E04719,,unlisted,サービス業,株式会社福岡サンレイクゴルフ倶楽部,"FUKUOKASUNLAKE GOLFCLUB. CO.,LTD.",2026-03-31,2026-06-23,代表取締役社長 西 吾 朗,0,,,,,,,,,,,,,,0,no_tagged_board,officers table is TextBlock only
S100YHVK,E03052,8173,listed,小売業,株式会社Joshin(旧会社名 上新電機株式会社),"Joshin Corporation(旧英訳名 Joshin Denki Co.,Ltd.)",2026-03-31,2026-06-23,代表取締役兼社長執行役員CEO 高 橋 徹 也,8,4.0,4.0,0.5,0.5,8.0,0.0,44.0,19.0,6193000.0,0.035,0.608,,162000000.0,0,clean,
S100YHVS,E01959,6958,listed,電気機器,日本シイエムケイ株式会社,CMK CORPORATION,2026-03-31,2026-06-23,代表取締役社長 石坂 嘉章,12,11.0,1.0,0.083,0.0833,12.0,0.0,49.38,20.09,6578757.0,0.043,0.687,,240000000.0,0,clean,
S100YHWP,E01262,5449,listed,鉄鋼,大阪製鐵株式会社,"OSAKA STEEL CO., LTD.",2026-03-31,2026-06-23,代表取締役社長 谷 潤 一,11,11.0,0.0,0.0,0.0,11.0,0.0,41.4,14.7,7147000.0,0.024,0.772,,218000000.0,0,clean,
S100YHX4,E37788,9347,listed,サービス業,日本管財ホールディングス株式会社,"NIPPON KANZAI Holdings Co.,Ltd.",2026-03-31,2026-06-23,代表取締役社長 福 田 慎 太 郎,11,10.0,1.0,0.091,0.0909,11.0,0.0,40.5,9.9,6632685.0,0.139,0.504,,580000000.0,1,clean,
S100YHXO,E34090,4389,listed,情報・通信業,プロパティデータバンク株式会社,"Property Data Bank,Inc.",2026-03-31,2026-06-23,代表取締役社長 武野 貞久,8,7.0,1.0,0.125,0.125,8.0,0.0,45.6,5.4,7762677.0,,,,264195000.0,0,clean,
S100YHYE,E32766,3970,listed,情報・通信業,株式会社イノベーション,Innovation Inc.,2026-03-31,2026-06-23,代表取締役社長 CEO 富田 直人,5,5.0,,,,,,34.8,4.3,6410000.0,0.188,0.837,,113181000.0,0,clean,
S100YHYF,E03361,2674,listed,小売業,株式会社ハードオフコーポレーション,"HARD OFF CORPORATION Co.,Ltd.",2026-03-31,2026-06-23,代表取締役社長 山本 太郎,8,7.0,1.0,0.125,0.125,8.0,0.0,36.6,11.2,5383000.0,0.105,0.632,,163617000.0,0,clean,
S100YHYK,E01222,5288,listed,ガラス・土石製品,アジアパイルホールディングス株式会社,ASIA PILE HOLDINGS CORPORATION,2025-03-31,2025-06-25,代表取締役社長最高執行役員 黒瀬 修介,14,13.0,1.0,0.071,0.0714,14.0,0.0,49.9,17.9,9012000.0,,,,172000000.0,0,clean,
S100YHZO,E39122,5599,listed,情報・通信業,S&J株式会社,S&amp;J Corporation,2026-03-31,2026-06-23,代表取締役社長 三輪 信雄,9,9.0,,,,,,40.2,3.6,7600825.0,,,,101915000.0,0,clean,
S100YHZV,E01773,6753,listed,電気機器,シャープ株式会社,Sharp Corporation,2026-03-31,2026-06-23,代表取締役 沖 津 雅 浩,7,6.0,1.0,0.14,0.1429,7.0,0.0,44.5,20.1,7818000.0,0.047,0.804,,353000000.0,1,clean,
S100YI0F,E31977,3927,listed,情報・通信業,株式会社フーバーブレイン,Fuva Brain Limited,2026-03-31,2026-06-23,代表取締役社長 輿水 英行,8,7.0,1.0,0.125,0.125,8.0,0.0,45.5,6.6,7127000.0,,,,68410000.0,0,clean,
S100YI0I,E01686,9895,listed,卸売業,株式会社コンセック,CONSEC CORPORATION,2026-03-31,2026-06-23,代表取締役社長 福田 多喜二,9,7.0,2.0,0.222,0.2222,9.0,0.0,46.3,18.6,4922653.0,0.03,,,99855000.0,0,clean,
S100YI0L,E00146,1959,listed,建設業,株式会社クラフティア (旧会社名 株式会社九電工),KRAFTIA CORPORATION (旧英訳名 KYUDENKO CORPORATION) (注)2025年6月26日開催の第97期定時株主総会の決議により、 2025年10月1日から会社名を上記のように変更している。,2026-03-31,2026-06-23,代表取締役 社長執行役員 石 橋 和 幸,12,9.0,3.0,0.25,0.25,12.0,0.0,38.9,15.7,7620000.0,0.01,0.729,,393000000.0,0,clean,
S100YI1C,E02632,7459,listed,卸売業,株式会社メディパルホールディングス,MEDIPAL HOLDINGS CORPORATION,2026-03-31,2026-06-23,代表取締役社長 渡辺 秀一,17,14.0,3.0,0.176,0.1765,17.0,0.0,49.0,20.1,8216296.0,0.17,0.788,,394000000.0,0,clean,
S100YI1N,E05445,3787,listed,情報・通信業,株式会社テクノマセマティカル,"Techno Mathematical Co.,Ltd.",2026-03-31,2026-06-23,代表取締役社長 田中 正文,6,4.0,2.0,0.333,0.3333,6.0,0.0,52.0,13.8,5688000.0,,,,49800000.0,0,clean,
S100YI25,E01511,6158,listed,機械,株式会社和井田製作所,"WAIDA MFG.CO.,LTD.",2026-03-31,2026-06-23,代表取締役会長兼社長 和井田 光生,8,8.0,,,,,,42.7,16.0,6046000.0,,,,155908000.0,0,clean,
S100YI2K,E00095,1822,listed,建設業,大豊建設株式会社,DAIHO CORPORATION,2026-03-31,2026-06-23,代表取締役執行役員社長 益田 浩史,16,14.0,2.0,0.125,0.125,16.0,0.0,45.0,19.2,8199789.0,0.042,0.648,,242000000.0,0,clean,
S100YI2M,E00845,4228,listed,化学,積水化成品工業株式会社,"Sekisui Kasei Co., Ltd.",2026-03-31,2026-06-23,代表取締役社長 古林 育将,13,12.0,1.0,0.077,0.0769,13.0,0.0,46.0,19.4,7790000.0,0.066,0.739,,202000000.0,0,clean,
S100YI2T,E04236,9104,listed,海運業,株式会社 商船三井,"Mitsui O.S.K. Lines, Ltd.",2026-03-31,2026-06-23,代表取締役会長 橋本 剛,14,9.0,5.0,0.357,0.3571,14.0,0.0,38.4,12.9,16599254.0,0.104,0.687,,956000000.0,4,clean,
S100YI2V,E03746,8772,listed,その他金融業,株式会社アサックス,"ASAX CO., LTD.",2026-03-31,2026-06-23,代表取締役社長 草間 雄介,7,7.0,,,,,,35.9,12.2,8933023.0,,,,132950000.0,0,clean,
S100YI32,E35563,7096,listed,医薬品,株式会社ステムセル研究所,StemCell Institute Inc.,2026-03-31,2026-06-23,代表取締役社長 清水 崇文,7,5.0,2.0,0.28,0.2857,7.0,0.0,37.1,5.2,5129000.0,,,,75749000.0,0,clean,
S100YI3S,E02802,7433,listed,卸売業,伯東株式会社,"Hakuto Co.,Ltd.",2026-03-31,2026-06-23,代表取締役社長執行役員 宮下 環,13,12.0,1.0,0.076,0.0769,13.0,0.0,43.86,13.82,9675485.0,0.11,0.684,,251000000.0,0,clean,
S100YI4C,E40206,288A,listed,サービス業,ラクサス・テクノロジーズ株式会社,Laxus Technologies Inc.,2026-03-31,2026-06-23,代表取締役社長執行役員 高橋 啓介,8,5.0,3.0,0.375,0.375,8.0,0.0,39.6,5.3,4882928.0,0.357,0.492,,70099000.0,0,clean,
S100YI4K,E01661,6330,listed,建設業,東洋エンジニアリング株式会社,TOYO ENGINEERING CORPORATION,2026-03-31,2026-06-23,取締役社長 細 井 栄 治,13,11.0,2.0,0.1538,0.1538,13.0,0.0,42.4,15.3,9202714.0,0.056,0.73,,239000000.0,0,clean,
S100YI66,E02802,7433,listed,卸売業,伯東株式会社,"Hakuto Co.,Ltd.",2021-03-31,2021-06-24,代表取締役社長執行役員 阿部 良二,13,13.0,,,,,,43.47,13.76,6843605.0,,,,201000000.0,0,clean,
S100YI6D,E26966,3280,listed,不動産業,株式会社エストラスト,"STrust Co.,Ltd.",2026-02-28,2026-05-27,代表取締役社長 藤田 尚久,9,8.0,1.0,0.111,0.1111,9.0,0.0,41.1,7.3,5349000.0,0.1,,,95000000.0,0,clean,
S100YI6R,E02802,7433,listed,卸売業,伯東株式会社,"Hakuto Co.,Ltd.",2022-03-31,2022-06-24,代表取締役社長執行役員 阿部 良二,13,12.0,1.0,0.076,0.0769,13.0,0.0,43.96,14.07,7676934.0,,,,266000000.0,0,clean,
S100YI6W,E02802,7433,listed,卸売業,伯東株式会社,"Hakuto Co.,Ltd.",2023-03-31,2023-06-27,代表取締役社長執行役員 阿部 良二,13,12.0,1.0,0.077,0.0769,13.0,0.0,44.3,13.94,9167542.0,,,,298000000.0,0,clean,
S100YI70,E02802,7433,listed,卸売業,伯東株式会社,"Hakuto Co.,Ltd.",2024-03-31,2024-06-25,代表取締役社長執行役員 宮下 環,13,12.0,1.0,0.076,0.0769,13.0,0.0,44.31,14.0,10720825.0,0.085,0.628,,291000000.0,0,clean,
S100YI71,E40145,291A,listed,サービス業,株式会社リスキル,Reskill Corp.,2026-03-31,2026-06-23,代表取締役社長 松田 航,7,6.0,1.0,0.14,0.1429,7.0,0.0,29.6,2.4,4273000.0,,,,35970000.0,0,clean,
S100YI76,E02802,7433,listed,卸売業,伯東株式会社,"Hakuto Co.,Ltd.",2025-03-31,2025-06-24,代表取締役社長執行役員 宮下 環,13,12.0,1.0,0.076,0.0769,13.0,0.0,44.25,13.17,9452042.0,0.098,0.628,,266000000.0,0,clean,
S100YI8R,E35516,4498,listed,情報・通信業,サイバートラスト株式会社,"Cybertrust Japan Co., Ltd.",2026-03-31,2026-06-23,代表取締役社長 CEO 北村 裕司,10,7.0,3.0,0.3,0.3,10.0,0.0,41.0,10.4,7376000.0,0.115,0.75,,292000000.0,0,clean,
S100YI9D,E03332,7637,listed,卸売業,白銅株式会社,"Hakudo Co., Ltd.",2026-03-31,2026-06-23,代表取締役社長 山田 哲也,9,8.0,1.0,0.111,0.1111,9.0,0.0,41.5,15.7,7775748.0,0.114,0.767,,242000000.0,0,clean,
S100YIA0,E30682,6096,listed,サービス業,株式会社レアジョブ,"RareJob, Inc.",2026-03-31,2026-06-23,代表取締役社長 中村 岳,7,7.0,0.0,0.0,0.0,7.0,0.0,40.5,4.9,6878000.0,,,,55348000.0,0,clean,
S100YIA4,E35483,7089,listed,サービス業,フォースタートアップス株式会社,"for Startups, Inc.",2026-03-31,2026-06-23,代表取締役 CEO 志水 雄一郎,9,7.0,2.0,0.22,0.2222,9.0,0.0,30.6,2.58,6877000.0,0.188,0.824,,110610000.0,0,clean,
S100YIAC,E30118,7779,listed,精密機器,CYBERDYNE株式会社,"CYBERDYNE,INC.",2026-03-31,2026-06-23,代表取締役社長 山海 嘉之,8,8.0,,,,,,44.6,9.3,6885000.0,,,,76000000.0,0,clean,
S100YIAO,E35334,7686,listed,卸売業,株式会社ひとまいる(旧会社名 株式会社カクヤスグループ),"HitoMile Co., Ltd.(旧英訳名 Kakuyasu Group Co., Ltd.)",2026-03-31,2026-06-23,代表取締役社長 兼 CEO 前垣内 洋行,12,11.0,1.0,0.083,0.0833,12.0,0.0,41.9,10.4,6341960.0,0.184,0.899,,300000000.0,0,clean,
S100YIB5,E05156,4819,listed,情報・通信業,株式会社デジタルガレージ,"Digital Garage, Inc.",2026-03-31,2026-06-23,代表取締役 兼 社長執行役員グループCEO 林 郁,13,11.0,2.0,0.154,0.1538,13.0,0.0,39.7,5.0,8495812.0,0.188,0.686,,754000000.0,2,clean,
S100YIBK,E00569,3571,listed,繊維製品,株式会社ソトー,"SOTOH CO.,LTD.",2026-03-31,2026-06-23,取締役社長 上 田 康 彦,8,7.0,1.0,0.125,0.125,8.0,0.0,45.5,20.9,4858000.0,,0.778,,48300000.0,0,clean,
S100YIBN,E31446,6045,listed,サービス業,株式会社レントラックス,"Rentracks CO.,LTD.",2026-03-31,2026-06-23,代表取締役社長 山﨑 大輔,11,10.0,1.0,0.091,0.0909,11.0,0.0,31.1,5.7,5883000.0,,,,114800000.0,0,clean,
S100YIBR,E01585,6305,listed,機械,日立建機株式会社,"Hitachi Construction Machinery Co., Ltd.",2026-03-31,2026-06-23,執行役社長 先崎 正文,10,25.0,2.0,0.074,0.2,27.0,17.0,41.1,15.2,7744000.0,0.03,0.77,,1204000000.0,2,clean,
S100YIBT,E04337,9360,listed,倉庫・運輸関連,鈴与シンワート株式会社,SUZUYO SHINWART CORPORATION,2026-03-31,2026-06-23,代表取締役 德 田 康 行,9,9.0,0.0,0.0,0.0,9.0,0.0,41.6,10.6,7251000.0,0.096,0.824,,96000000.0,0,clean,
S100YIC4,E02658,8138,listed,卸売業,三京化成株式会社,SANKYO KASEI CORPORATION,2026-03-31,2026-06-23,代表取締役社長 小 川 和 夫,10,8.0,2.0,0.2,0.2,10.0,0.0,41.1,15.1,6150000.0,,,,115324000.0,0,clean,
S100YIC9,E00345,2001,listed,食料品,株式会社ニップン,NIPPN CORPORATION,2026-03-31,2026-06-23,代表取締役社長 前鶴 俊哉,12,9.0,3.0,0.25,0.25,12.0,0.0,39.0,14.0,7579460.0,0.1,0.733,,327000000.0,0,clean,
S100YID4,E27759,3291,listed,不動産業,飯田グループホールディングス株式会社,"Iida Group Holdings Co.,Ltd.",2026-03-31,2026-06-23,代表取締役社長 西野 弘,16,13.0,3.0,0.188,0.1875,16.0,0.0,44.2,4.9,7651000.0,0.042,0.634,,212000000.0,1,clean,
S100YIDD,E01905,6951,listed,電気機器,日本電子株式会社,JEOL Ltd.,2026-03-31,2026-06-23,代表取締役社長兼CEO 大井 泉,13,11.0,2.0,0.154,0.1538,13.0,0.0,44.6,15.9,8575000.0,0.063,0.839,,373000000.0,0,clean,
S100YIDU,E00142,1929,listed,建設業,日特建設株式会社,"NITTOC CONSTRUCTION CO., LTD.",2026-03-31,2026-06-23,代表取締役社長 上 直人,13,11.0,2.0,0.153,0.1538,13.0,0.0,46.0,18.5,8502918.0,0.037,0.669,,224000000.0,0,clean,
S100YIEN,E34097,7040,listed,サービス業,株式会社サン・ライフホールディング,"SUN・LIFE HOLDING CO.,LTD.",2026-03-31,2026-06-23,代表取締役社長 比企 武,11,9.0,2.0,0.182,0.1818,11.0,0.0,39.6,8.6,5240000.0,0.182,0.766,,176520000.0,0,clean,
S100YIGO,E04855,9691,listed,情報・通信業,株式会社両毛システムズ,"RYOMO SYSTEMS CO.,LTD.",2026-03-31,2026-06-23,代表取締役社長 北 澤 直 来,9,8.0,1.0,0.111,0.1111,9.0,0.0,41.5,16.2,6590812.0,0.066,0.789,,153670000.0,0,clean,
S100YIJ0,E02189,6493,listed,輸送用機器,株式会社NITTAN,NITTAN Corporation,2026-03-31,2026-06-23,代表取締役社長 李 太煥,13,11.0,2.0,0.154,0.1538,13.0,0.0,45.8,20.0,6726921.0,0.011,0.594,,167543000.0,0,clean,
S100Y38P,E01993,6918,listed,電気機器,株式会社アバールデータ,AVAL DATA CORPORATION,2026-03-31,2026-06-24,代表取締役社長 菊 地 豊,9,8.0,1.0,0.111,0.1111,9.0,0.0,43.2,16.2,6328000.0,,,,132149000.0,0,clean,
S100Y7GN,E04944,9780,listed,サービス業,株式会社ハリマビステム,HARIMA B.STEM CORPORATION,2026-03-31,2026-06-24,代表取締役社長 免 出 一 郎,10,9.0,1.0,0.1,0.1,10.0,0.0,49.7,9.6,4531559.0,0.074,0.73,,362000000.0,0,clean,
S100Y9OD,E02205,7280,listed,電気機器,株式会社ミツバ,MITSUBA Corporation,2026-03-31,2026-06-24,代表取締役社長 日野 貞実,8,7.0,1.0,0.125,0.125,8.0,0.0,42.37,19.06,5964590.0,0.024,0.718,,133000000.0,0,clean,
S100YA7K,E04283,9301,listed,倉庫・運輸関連,三菱倉庫株式会社,Mitsubishi Logistics Corporation,2026-03-31,2026-06-24,代表取締役 社長 斉 藤 秀 親,15,14.0,1.0,0.06,0.0667,15.0,0.0,40.7,15.6,9430883.0,0.048,0.666,,601000000.0,0,clean,
S100YBLA,E03856,8802,listed,不動産業,三菱地所株式会社,"Mitsubishi Estate Company, Limited",2026-03-31,2026-06-24,代表執行役 執行役社長 中 島 篤,14,24.0,2.0,0.077,0.1429,26.0,12.0,42.0,16.0,17593300.0,0.135,0.543,,2175000000.0,7,clean,
S100YBQV,E00024,5706,listed,非鉄金属,三井金属株式会社(旧会社名 三井金属鉱業株式会社),"Mitsui Kinzoku Company, Limited (旧英訳名 Mitsui Mining and Smelting Company, Limited)(注)2025年6月27日開催の第100期定時株主総会の決議により、2025 年10月1日から会社名を上記のとおり変更いたしました。",2026-03-31,2026-06-24,代表取締役社長 池信 省爾,10,8.0,2.0,0.2,0.2,10.0,0.0,42.88,13.9,8961728.0,0.018,0.681,,629000000.0,3,clean,
S100YC7J,E04499,9503,listed,電気・ガス業,関西電力株式会社,"The Kansai Electric Power Company, Incorporated",2025-03-31,2025-06-25,代表執行役社長 森 望,13,20.0,5.0,0.2,0.3846,25.0,12.0,42.6,19.8,9732263.0,0.043,0.652,,975000000.0,5,clean,
S100YC9N,E01242,5480,listed,鉄鋼,日本冶金工業株式会社,"Nippon Yakin Kogyo Co.,Ltd.",2026-03-31,2026-06-24,代表取締役社長 浦田 成己,14,12.0,2.0,0.143,0.1429,14.0,0.0,44.1,20.6,7798354.0,0.006,0.7,,350000000.0,0,clean,
S100YCD2,E04414,9409,listed,情報・通信業,株式会社テレビ朝日ホールディングス,TV Asahi Holdings Corporation,2026-03-31,2026-06-24,代表取締役会長 早 河 洋,14,11.0,3.0,0.214,0.2143,14.0,0.0,,,,,,,261000000.0,0,clean,
S100YCF0,E01332,5801,listed,非鉄金属,古河電気工業株式会社,"Furukawa Electric Co., Ltd.",2026-03-31,2026-06-24,取締役社長 森平 英也,11,9.0,2.0,0.182,0.1818,11.0,0.0,43.4,18.4,7494597.0,0.063,0.752,,553000000.0,1,clean,
S100YCFW,E21514,2179,listed,サービス業,株式会社 成学社,"SEIGAKUSHA CO.,LTD.",2026-03-31,2026-06-24,代表取締役社長 永井 博,10,10.0,,,,,,38.5,7.8,5021000.0,0.198,0.874,,120930000.0,0,clean,
S100YCUF,E01235,5410,listed,鉄鋼,合同製鐵株式会社,"Godo Steel,Ltd.",2026-03-31,2026-06-24,代表取締役社長 美 濃 部 慎 次,11,10.0,1.0,0.091,0.0909,11.0,0.0,40.6,18.4,7780705.0,0.013,0.729,,367000000.0,0,clean,
S100YD3Q,E00472,2902,listed,食料品,太陽化学株式会社,"TAIYO KAGAKU CO.,LTD.",2026-03-31,2026-06-24,代表取締役社長 山 崎 長 宣,12,11.0,1.0,0.083,0.0833,12.0,0.0,44.0,20.0,8304875.0,0.1,0.706,,483564000.0,2,clean,
S100YDDI,E23582,,unlisted,その他金融業,株式会社日本政策金融公庫,Japan Finance Corporation,2026-03-31,2026-06-24,代表取締役総裁 藤井 健志,0,,,,,,,,,,,,,,0,no_tagged_board,officers table is TextBlock only
S100YDEK,E02042,6875,listed,電気機器,株式会社メガチップス,MegaChips Corporation,2026-03-31,2026-06-24,代表取締役社長 肥川 哲士,11,10.0,1.0,0.091,0.0909,11.0,0.0,42.9,10.9,8237000.0,0.167,0.787,,418258000.0,0,clean,
S100YDH0,E04502,9502,listed,電気・ガス業,中部電力株式会社,"Chubu Electric Power Company,Incorporated",2026-03-31,2026-06-24,代表取締役社長 社長執行役員 林 欣 吾,13,11.0,2.0,0.154,0.1538,13.0,0.0,42.5,19.0,9452983.0,0.028,0.695,,537000000.0,0,clean,
S100YDH8,E00335,2281,listed,食料品,プリマハム株式会社,"Prima Meat Packers, Ltd.",2026-03-31,2026-06-24,代表取締役会長 千 葉 尚 登,8,6.0,2.0,0.25,0.25,8.0,0.0,41.0,15.9,7426000.0,0.071,0.615,,319000000.0,0,clean,
S100YDOK,E04499,9503,listed,電気・ガス業,関西電力株式会社,"The Kansai Electric Power Company, Incorporated",2024-03-31,2024-06-27,代表執行役社長 森 望,13,21.0,4.0,0.16,0.3077,25.0,12.0,42.8,20.2,8313252.0,0.036,0.664,,754000000.0,5,clean,
S100YDPT,E01461,3431,listed,金属製品,宮地エンジニアリンググループ株式会社,"MIYAJI ENGINEERING GROUP,INC.",2026-03-31,2026-06-24,代表取締役社長 池浦 正裕,7,5.0,2.0,0.286,0.2857,7.0,0.0,51.8,22.8,11235252.0,0.0,0.461,,143000000.0,0,clean,
S100YDV3,E02588,8025,listed,卸売業,株式会社ツカモトコーポレーション,"TSUKAMOTO CORPORATION CO., LTD.",2026-03-31,2026-06-24,代表取締役社長 百 瀬 二 郎,11,10.0,1.0,0.09,0.0909,11.0,0.0,46.1,19.1,5754000.0,,,,179433000.0,0,clean,
S100YDW9,E01268,5602,listed,鉄鋼,株式会社栗本鐵工所,"Kurimoto,Ltd.",2026-03-31,2026-06-24,代表取締役社長 菊本 一高,12,10.0,2.0,0.167,0.1667,12.0,0.0,45.7,21.0,8419706.0,0.01,0.741,,289000000.0,0,clean,
S100YDWL,E02639,8115,listed,卸売業,ムーンバット株式会社,"MOONBAT Co.,Ltd.",2026-03-31,2026-06-24,代表取締役・社長執行役員 鎌田 尚,9,9.0,,,,,,41.5,17.3,6099110.0,0.288,,,121602000.0,0,clean,
S100YE5Q,E00767,4042,listed,化学,東ソー株式会社,TOSOH CORPORATION,2026-03-31,2026-06-24,代表取締役社長 桒 田 守,13,11.0,2.0,0.154,0.1538,13.0,0.0,38.5,13.8,8288000.0,0.023,0.715,,541000000.0,1,clean,
S100YE68,E04503,9505,listed,電気・ガス業,北陸電力株式会社,Hokuriku Electric Power Company,2026-03-31,2026-06-24,代表取締役社長 社長執行役員 松田 光司,13,10.0,3.0,0.231,0.2308,13.0,0.0,41.4,20.1,8260680.0,0.028,0.606,,296000000.0,0,clean,
S100YE8X,E01632,6357,listed,機械,三精テクノロジーズ株式会社,"Sansei Technologies, Inc.",2026-03-31,2026-06-24,代表取締役社長執行役員 板 垣 治,13,12.0,1.0,0.077,0.0769,13.0,0.0,43.7,16.1,6922000.0,0.047,0.708,,372429000.0,0,clean,
S100YE9G,E03360,2673,listed,小売業,夢みつけ隊株式会社,"YUMEMITSUKETAI Co.,Ltd.",2026-03-31,2026-06-24,代表取締役 佐々木 ベジ,5,5.0,,,,,,53.7,29.8,3840436.0,,,,4200000.0,0,clean,
S100YECJ,E26837,,unlisted,その他金融業,株式会社国際協力銀行,Japan Bank for International Cooperation,2026-03-31,2026-06-24,代表取締役総裁 天川 和彦,0,,,,,,,,,,,,,,0,no_tagged_board,officers table is TextBlock only
S100YEE3,E33535,1443,listed,建設業,技研ホールディングス株式会社,"Giken Holdings Co.,Ltd.",2026-03-31,2026-06-24,代表取締役社長 佐々木 ベジ,5,5.0,,,,,,55.0,31.0,6359000.0,,,,9867000.0,0,clean,
S100YEHT,E27210,3183,listed,卸売業,ウイン・パートナーズ株式会社,"WIN-Partners Co., Ltd.",2026-03-31,2026-06-24,代表取締役社長 秋沢 英海,9,8.0,1.0,0.111,0.1111,9.0,0.0,42.4,8.9,6701000.0,0.071,0.738,,113180000.0,0,clean,
S100YEJV,E03295,7562,listed,小売業,株式会社安楽亭,"ANRAKUTEI Co.,Ltd.",2026-03-31,2026-06-24,代表取締役社長 柳 先,9,9.0,0.0,0.0,0.0,9.0,0.0,36.9,6.9,3903143.0,0.096,0.802,,84647000.0,0,clean,
S100YEPB,E00355,2108,listed,食料品,日本甜菜製糖株式会社,"Nippon Beet Sugar Manufacturing Co.,Ltd.",2026-03-31,2026-06-24,代表取締役社長 石栗 秀,11,9.0,2.0,0.182,0.1818,11.0,0.0,43.8,18.9,6704520.0,0.009,0.621,,194000000.0,0,clean,
S100YERJ,E01880,6923,listed,電気機器,スタンレー電気株式会社,"Stanley Electric Co.,Ltd.",2026-03-31,2026-06-24,代表取締役社長執行役員 貝 住 泰 昭,15,13.0,2.0,0.133,0.1333,15.0,0.0,41.4,15.5,6605000.0,0.031,0.73,,650000000.0,1,clean,
S100YF82,E11467,,unlisted,不動産業,日鉄興和不動産株式会社,"NIPPON STEEL KOWA REAL ESTATE CO., LTD.",2026-03-31,2026-06-24,代表取締役社長 三輪 正浩,0,,,,,,,,,,,,,,0,no_tagged_board,officers table is TextBlock only
S100YF97,E00481,2908,listed,食料品,フジッコ株式会社,"FUJICCO CO., LTD.",2026-03-31,2026-06-24,代表取締役社長執行役員 福 井 正 一,9,7.0,2.0,0.222,0.2222,9.0,0.0,42.3,18.3,5812000.0,0.11,0.701,,169000000.0,0,clean,
S100YF9R,E31955,3929,listed,情報・通信業,ソーシャルワイヤー株式会社,"SOCIALWIRE CO.,LTD.",2026-03-31,2026-06-24,代表取締役社長 矢田 峰之,12,10.0,2.0,0.167,0.1667,12.0,0.0,33.2,3.0,5390000.0,,,,40370000.0,0,clean,
S100YFD2,E01409,5958,listed,金属製品,三洋工業株式会社,"SANYO INDUSTRIES, LTD.",2026-03-31,2026-06-24,取締役社長 山 岸 茂,10,9.0,1.0,0.1,0.1,10.0,0.0,43.2,16.7,6090637.0,0.051,0.732,,156000000.0,0,clean,
S100YFE2,E00791,4102,listed,化学,丸尾カルシウム株式会社,"Maruo Calcium Co., Ltd.",2026-03-31,2026-06-24,代表取締役社長 丸尾 治男,7,7.0,,,,,,45.6,20.2,5735596.0,0.122,,,119320000.0,0,clean,
S100YFEX,E37147,4417,listed,情報・通信業,グローバルセキュリティエキスパート株式会社,Global Security Experts Inc.,2026-03-31,2026-06-24,代表取締役社長 青柳 史郎(戸籍上の氏名 鱸 史郎),13,13.0,,,,,,41.0,4.7,7695000.0,0.167,,,253498000.0,0,clean,
S100YFFX,E05262,4341,listed,サービス業,西菱電機株式会社,SEIRYO ELECTRIC CORPORATION,2026-03-31,2026-06-24,代表取締役社長 西井 希伊,10,10.0,,,,,,42.5,15.6,6420000.0,0.012,0.695,,218000000.0,0,clean,
S100YFL1,E04097,9003,listed,陸運業,相鉄ホールディングス株式会社,"Sotetsu Holdings,Inc.",2026-03-31,2026-06-24,代表取締役社長 加藤 尊正,12,9.0,3.0,0.25,0.25,12.0,0.0,46.6,14.0,9744410.0,0.053,0.684,,285000000.0,0,clean,
S100YFLV,E01212,5285,listed,ガラス・土石製品,株式会社ヤマックス,YAMAX Corp.,2026-03-31,2026-06-24,代表取締役社長 茂森 拓,11,11.0,,,,,,43.3,14.8,5955630.0,0.024,0.865,,218010000.0,0,clean,
S100YFMZ,E04742,,unlisted,サービス業,ゴールドウイン開発株式会社,GOLDWIN DEVELOPMENT INC.,2026-03-31,2026-06-24,代表取締役 津川 茂樹,0,,,,,,,,,,,,,,0,no_tagged_board,officers table is TextBlock only
S100YFNV,E02252,7224,listed,輸送用機器,新明和工業株式会社,"ShinMaywa Industries, Ltd.",2026-03-31,2026-06-24,取締役社長 槶 原 敬 士,10,6.0,4.0,0.4,0.4,10.0,0.0,44.0,14.2,7819903.0,0.013,0.681,,309000000.0,0,clean,
S100YFO0,E04157,,unlisted,陸運業,株式会社 ヤマコー,"YAMAKO Co., Ltd.",2026-03-31,2026-06-24,代表取締役社長 皆川 清彦,0,,,,,,,,,,,,,,0,no_tagged_board,officers table is TextBlock only
S100YFQL,E01570,6367,listed,機械,ダイキン工業株式会社,"DAIKIN INDUSTRIES,LTD.",2026-03-31,2026-06-24,取締役社長 竹 中 直 文,14,10.0,4.0,0.286,0.2857,14.0,0.0,41.2,16.6,8964767.0,0.093,0.816,,1335000000.0,4,clean,
S100YFR1,E02227,7271,listed,輸送用機器,株式会社 安 永,YASUNAGA CORPORATION,2026-03-31,2026-06-24,代表取締役社長 安 永 暁 俊,6,6.0,,,,,,43.0,19.0,6255434.0,,0.691,,174000000.0,0,clean,
S100YFRS,E05664,3837,listed,情報・通信業,アドソル日進株式会社,Ad-Sol Nissin Corporation,2026-03-31,2026-06-24,代表取締役社長 篠﨑 俊明,11,10.0,1.0,0.09,0.0909,11.0,0.0,39.2,12.4,6645344.0,0.115,0.838,,347875000.0,0,clean,
S100YFXZ,E04499,9503,listed,電気・ガス業,関西電力株式会社,"The Kansai Electric Power Company, Incorporated",2026-03-31,2026-06-24,代表執行役社長 森 望,13,21.0,5.0,0.192,0.3846,26.0,13.0,42.4,19.4,9389646.0,0.048,0.683,,1080000000.0,5,clean,
S100YFZB,E01651,6347,listed,機械,株式会社プラコー,"PLACO CO.,LTD.",2026-03-31,2026-06-24,代表取締役社長 古野 孝志,7,7.0,0.0,0.0,0.0,7.0,0.0,45.0,14.1,5708000.0,,,,45196000.0,0,clean,
S100YG44,E35766,7695,listed,サービス業,株式会社交換できるくん,"Koukandekirukun, Inc.",2026-03-31,2026-06-24,代表取締役社長 栗原 将,7,5.0,2.0,0.286,0.2857,7.0,0.0,35.5,5.2,5387000.0,,,,117793000.0,0,clean,
S100YG4R,E01583,6390,listed,機械,株式会社加藤製作所,"KATO WORKS CO.,LTD.",2026-03-31,2026-06-24,代表取締役社長 加藤 公康,9,7.0,2.0,0.22,0.2222,9.0,0.0,40.9,13.9,60010000.0,0.015,0.714,,160000000.0,0,clean,
S100YG7B,E01151,5393,listed,ガラス・土石製品,ニチアス株式会社,NICHIAS CORPORATION,2026-03-31,2026-06-24,代表取締役社長 亀 津 克 己,13,10.0,3.0,0.231,0.2308,13.0,0.0,40.9,13.9,7599855.0,0.008,0.659,,448000000.0,1,clean,
S100YGAU,E01014,4366,listed,化学,ダイトーケミックス株式会社,Daito Chemix Corporation,2026-03-31,2026-06-24,代表取締役 執行役員社長 住友朱之助,9,7.0,2.0,0.222,0.2222,9.0,0.0,40.7,14.9,7604000.0,,,,161000000.0,0,clean,
S100YGE8,E00796,4098,listed,化学,チタン工業株式会社,"Titan Kogyo, Ltd.",2026-03-31,2026-06-24,代表取締役 社長執行役員 井 上 保 雄,8,7.0,1.0,0.125,0.125,8.0,0.0,44.2,17.3,5310000.0,0.029,0.801,,139000000.0,0,clean,
S100YGEJ,E39158,5870,listed,サービス業,株式会社ナルネットコミュニケーションズ,Nalnet Communications Inc.,2026-03-31,2026-06-24,代表取締役社長 鈴木 隆志,10,8.0,2.0,0.2,0.2,10.0,0.0,41.0,9.1,5973000.0,0.188,0.417,,187000000.0,0,clean,
S100YGEM,E00520,3002,listed,繊維製品,グンゼ株式会社,GUNZE LIMITED,2026-03-31,2026-06-24,代表取締役社長 佐口 敏康,13,10.0,3.0,0.23,0.2308,13.0,0.0,42.8,19.1,6522406.0,0.06,0.596,,199000000.0,0,clean,
S100YGFI,E00498,2877,listed,食料品,日東ベスト株式会社,NittoBest Corporation,2026-03-31,2026-06-24,代表取締役社長執行役員 嵯峨 秀夫,12,10.0,2.0,0.166,0.1667,12.0,0.0,44.3,13.7,4707248.0,0.156,0.653,,202000000.0,0,clean,
S100YGG5,E01236,5609,listed,鉄鋼,日本鋳造株式会社,NIPPON CHUZO K. K.,2026-03-31,2026-06-24,代表取締役社長 佐竹 義宏,13,10.0,3.0,0.23,0.2308,13.0,0.0,42.7,13.9,5850000.0,0.028,0.754,,138000000.0,0,clean,
S100YGGI,E00058,1812,listed,建設業,鹿島建設株式会社,KAJIMA CORPORATION,2026-03-31,2026-06-24,代表取締役会長 兼 社長 押 味 至 一,16,13.0,3.0,0.187,0.1875,16.0,0.0,41.2,15.7,12454406.0,0.035,0.582,,1401000000.0,6,clean,
S100YGKZ,E05496,3773,listed,情報・通信業,株式会社アドバンスト・メディア,"Advanced Media, Inc.",2026-03-31,2026-06-24,代表取締役会長兼社長 鈴木 清幸,9,7.0,2.0,0.222,0.2222,9.0,0.0,37.5,7.49,6379000.0,,,,165136000.0,0,clean,
S100YGL7,E04289,9310,listed,倉庫・運輸関連,日本トランスシティ株式会社,Japan Transcity Corporation,2026-03-31,2026-06-24,取締役社長 安 藤 仁,12,11.0,1.0,0.083,0.0833,12.0,0.0,40.6,15.7,7342782.0,0.026,0.541,,193000000.0,0,clean,
S100YGL9,E00530,3109,listed,繊維製品,シキボウ株式会社,SHIKIBO LTD.,2026-03-31,2026-06-24,代表取締役 社長執行役員 鈴 木 睦 人,6,5.0,1.0,0.167,0.1667,6.0,0.0,45.0,12.7,5236000.0,0.04,0.651,,97000000.0,0,clean,
S100YGM0,E05201,4288,listed,情報・通信業,株式会社アズジェント,"Asgent, Inc.",2026-03-31,2026-06-24,代表取締役社長 杉本 隆洋,8,8.0,,,,,,43.7,9.6,6111796.0,,,,82804000.0,0,clean,
S100YGM1,E35466,4491,listed,情報・通信業,コンピューターマネージメント株式会社,"Computer Management Co.,Ltd.",2026-03-31,2026-06-24,代表取締役社長 竹中 英之,11,10.0,1.0,0.091,0.0909,11.0,0.0,38.9,7.9,5387271.0,0.105,0.806,,72600000.0,0,clean,
S100YGM7,E39662,195A,listed,サービス業,株式会社MUSCAT GROUP(旧会社名 株式会社ライスカレー),MUSCAT GROUP Inc.(旧英訳名 Ricecurry Inc.)(注)2025年6月26日開催の第9回定時株主総会の決議により、2025年7月1日から会社名を上記のとおり変更いたしました。,2026-03-31,2026-06-24,代表取締役 大久保 遼,8,6.0,2.0,0.25,0.25,8.0,0.0,33.6,3.8,5564000.0,,,,72600000.0,0,clean,
S100YGNL,E00529,3107,listed,卸売業,ダイワボウホールディングス株式会社,"Daiwabo Holdings Co.,Ltd.",2026-03-31,2026-06-24,代表取締役社長 西村 幸浩,11,7.0,4.0,0.36,0.3636,11.0,0.0,45.1,16.5,9315000.0,,,,367000000.0,1,clean,
S100YGNM,E02518,8084,listed,卸売業,株式会社RYODEN,RYODEN CORPORATION,2026-03-31,2026-06-24,代表取締役 富 澤 克 行,10,8.0,2.0,0.2,0.2,10.0,0.0,43.8,15.7,7778000.0,0.049,0.647,,234000000.0,0,clean,
S100YGQT,E01466,3442,listed,金属製品,株式会社MIEコーポレーション,"MIE CORPORATION CO., LTD",2026-03-31,2026-06-24,代表取締役社長 中山 弥一,8,8.0,,,,,,34.7,9.1,5015000.0,,,,52230000.0,0,clean,
S100YGR4,E04342,9362,listed,倉庫・運輸関連,兵機海運株式会社,"HYOKI KAIUN KAISHA,LTD.",2026-03-31,2026-06-24,代表取締役社長 大東 慶治,10,10.0,,,,,,45.43,16.44,5955796.0,0.018,,,102000000.0,0,clean,
S100YGRD,E00877,3407,listed,化学,旭化成株式会社,ASAHI KASEI CORPORATION,2026-03-31,2026-06-24,代表取締役社長 工藤 幸四郎,13,10.0,3.0,0.231,0.2308,13.0,0.0,41.9,17.1,8483519.0,0.077,0.766,,1055000000.0,2,clean,
S100YGT9,E38478,5253,listed,情報・通信業,カバー株式会社,COVER Corporation,2026-03-31,2026-06-24,代表取締役社長 谷郷 元昭,0,,,,,,,34.8,2.8,6700000.0,0.211,0.898,,203000000.0,0,no_tagged_board,officers table is TextBlock only
S100YGU8,E00886,4409,listed,化学,東邦化学工業株式会社,"TOHO CHEMICAL INDUSTRY COMPANY, LIMITED",2026-03-31,2026-06-24,代表取締役社長 中崎 龍雄,13,13.0,,,,,,41.2,17.2,6989995.0,0.062,0.7,,196000000.0,0,clean,
S100YGVK,E01456,6467,listed,機械,株式会社ニチダイ,NICHIDAI CORPORATION,2026-03-31,2026-06-24,代表取締役社長執行役員 伊藤 直紀,5,4.0,1.0,0.2,0.2,5.0,0.0,42.3,17.6,5491901.0,0.022,0.704,,53144000.0,0,clean,
S100YGYV,E04242,9115,listed,海運業,明海グループ株式会社,"Meiji Shipping Group Co., Ltd.",2026-03-31,2026-06-24,代表取締役社長CEO 内田 貴也,13,10.0,3.0,0.231,0.2308,13.0,0.0,36.2,7.5,7482000.0,0.167,,,266085000.0,0,clean,
S100YGZE,E34137,5290,listed,ガラス・土石製品,株式会社ベルテクスコーポレーション,Vertex Corporation,2026-03-31,2026-06-24,代表取締役社長 山本 譲,7,6.0,1.0,0.143,0.1429,7.0,0.0,50.8,1.9,6987000.0,,,,181679000.0,0,clean,
S100YH0E,E03842,,unlisted,保険業,トーア再保険株式会社,"The Toa Reinsurance Company, Limited",2026-03-31,2026-06-24,取締役社長 松 永 祐 明,0,,,,,,,,,,,,,,0,no_tagged_board,officers table is TextBlock only
S100YH0Q,E34031,4386,listed,情報・通信業,株式会社SIGグループ,"SIG Group Co., Ltd.",2026-03-31,2026-06-24,代表取締役社長 石川 純生,5,5.0,,,,,,41.2,10.3,7566000.0,0.412,0.662,,87931000.0,0,clean,
S100YH1G,E00562,3569,listed,繊維製品,セーレン株式会社,"SEIREN CO.,LTD.",2026-03-31,2026-06-24,代表取締役 会長 川 田 達 男,13,12.0,1.0,0.077,0.0769,13.0,0.0,43.86,19.71,7140994.0,,0.781,,934000000.0,5,clean,
S100YH1J,E01372,6306,listed,機械,日工株式会社,"NIKKO CO., LTD.",2026-03-31,2026-06-24,取締役社長 中山 知巳,12,11.0,1.0,0.083,0.0833,12.0,0.0,39.0,13.4,7559261.0,0.019,0.552,,256000000.0,0,clean,
S100YH1Y,E01127,5232,listed,ガラス・土石製品,住友大阪セメント株式会社,"Sumitomo Osaka Cement Co.,Ltd.",2026-03-31,2026-06-24,取締役社長 諸橋 央典,14,13.0,1.0,0.07,0.0714,14.0,0.0,42.9,18.1,7338702.0,0.037,0.693,,385000000.0,0,clean,
S100YH20,E03730,,unlisted,その他金融業,株式会社ホンダファイナンス,"HONDA FINANCE CO.,LTD.",2026-03-31,2026-06-24,代表取締役社長 岩 崎 則 彦,0,,,,,,,,,,,,,,0,no_tagged_board,officers table is TextBlock only
S100YH23,E04505,9507,listed,電気・ガス業,四国電力株式会社,"Shikoku Electric Power Company, Incorporated",2026-03-31,2026-06-24,取締役社長 社長執行役員 宮 本 喜 弘,14,12.0,2.0,0.14,0.1429,14.0,0.0,42.0,18.5,8738019.0,0.055,0.679,,427000000.0,0,clean,
S100YH26,E35597,2984,listed,不動産業,ヤマイチエステート株式会社,"Yamaichi Real Estate Co., Ltd",2026-03-31,2026-06-24,代表取締役社長 山田 茂,8,8.0,,,,,,42.3,6.8,5970000.0,,,,126944000.0,0,clean,
S100YH2R,E03418,2782,listed,小売業,株式会社セリア,"Seria Co., Ltd.",2026-03-31,2026-06-24,代表取締役社長 河合 映治,6,5.0,1.0,0.167,0.1667,6.0,0.0,40.8,9.5,5712526.0,0.527,0.797,,183000000.0,0,clean,
S100YH4H,E01855,1832,listed,建設業,株式会社北海電工,HOKKAIDENKO CORPORATION,2026-03-31,2026-06-24,取締役社長 藪 下 裕 己,11,11.0,0.0,0.0,0.0,11.0,0.0,46.4,21.7,6651711.0,0.013,0.718,,112000000.0,0,clean,
S100YH4U,E04331,8097,listed,卸売業,三愛オブリ株式会社,"SAN-AI OBBLI CO.,LTD.",2026-03-31,2026-06-24,代表取締役社長 隼田 洋,12,10.0,2.0,0.167,0.1667,12.0,0.0,39.9,15.0,8232781.0,0.103,0.751,,312385000.0,0,clean,
S100YH55,E37435,5033,listed,サービス業,株式会社ヌーラボ,Nulab Inc.,2026-03-31,2026-06-24,代表取締役 橋本 正徳,7,6.0,1.0,0.143,0.1429,7.0,0.0,38.5,4.2,7762746.0,0.125,0.813,,83054000.0,0,clean,
S100YH7K,E32448,,unlisted,卸売業,野村貿易株式会社,"NOMURA TRADING CO., LTD.",2026-03-31,2026-06-24,代表取締役社長 藤 原 英 昭,0,,,,,,,,,,,,,,0,no_tagged_board,officers table is TextBlock only
S100YH8N,E05606,3042,listed,情報・通信業,株式会社セキュアヴェイル,SecuAvail Inc.,2026-03-31,2026-06-24,代表取締役社長 米今 政臣,9,9.0,,,,,,34.8,6.3,4484000.0,,,,65000000.0,0,clean,
S100YH9C,E01884,6588,listed,電気機器,東芝テック株式会社,TOSHIBA TEC CORPORATION,2024-03-31,2024-06-28,代表取締役社長 錦 織 弘 信,15,13.0,2.0,0.13,0.1333,15.0,0.0,46.24,17.06,7821000.0,0.044,0.716,,324000000.0,0,clean,
S100YH9N,E03838,,unlisted,保険業,東日本建設業保証株式会社,"East Japan Construction Surety Co.,Ltd.",2026-03-31,2026-06-24,代表取締役社長 栗田 卓也,0,,,,,,,,,,,,,,0,no_tagged_board,officers table is TextBlock only
S100YH9V,E32795,6538,listed,サービス業,株式会社ディスラプターズ,Disruptors Inc.,2026-03-31,2026-06-24,代表取締役社長CEO 板倉 広高,6,5.0,1.0,0.17,0.1667,6.0,0.0,38.9,4.1,5846000.0,,,,38000000.0,0,clean,
S100YHAB,E00081,1888,listed,建設業,若築建設株式会社,"WAKACHIKU CONSTRUCTION CO.,LTD.",2026-03-31,2026-06-24,代表取締役社長 長廻 幹彦,12,11.0,1.0,0.083,0.0833,12.0,0.0,44.0,17.8,8776664.0,0.006,0.598,,270000000.0,0,clean,
S100YHAM,E01884,6588,listed,電気機器,東芝テック株式会社,TOSHIBA TEC CORPORATION,2025-03-31,2025-06-20,代表取締役社長 錦 織 弘 信,15,13.0,2.0,0.13,0.1333,15.0,0.0,45.97,15.88,7859000.0,0.062,0.73,,355000000.0,0,clean,
S100YHBZ,E37603,5029,listed,情報・通信業,サークレイス株式会社,circlace Inc,2026-03-31,2026-06-24,代表取締役会長兼社長 佐藤 司,11,10.0,1.0,0.09,0.0909,11.0,0.0,39.0,4.4,6240000.0,0.301,0.686,,107192000.0,0,clean,
S100YHCF,E01884,6588,listed,電気機器,東芝テック株式会社,TOSHIBA TEC CORPORATION,2026-03-31,2026-06-24,代表取締役社長 錦 織 弘 信,13,11.0,2.0,0.15,0.1538,13.0,0.0,45.69,14.99,8044000.0,0.067,0.73,,317000000.0,0,clean,
S100YHDE,E02855,7521,listed,卸売業,株式会社ムサシ,"MUSASHI CO.,LTD.",2026-03-31,2026-06-24,代表取締役社長 小野 貢市,17,17.0,,,,,,46.0,20.0,6809331.0,,,,300000000.0,0,clean,
S100YHET,E00541,3113,listed,証券、商品先物取引業,株式会社UNIVA・Oakホールディングス,UNIVA Oak Holdings Limited,2026-03-31,2026-06-24,代表取締役会長兼社長グループCEO 稲葉 秀二,6,4.0,2.0,0.333,0.3333,6.0,0.0,51.6,6.2,7896269.0,,,,68310000.0,0,clean,
S100YHF5,E04395,,unlisted,情報・通信業,北日本放送株式会社,"Kitanihon Broadcasting Co.,Ltd.",2026-03-31,2026-06-24,代表取締役社長 島谷 浩司,0,,,,,,,,,,,,,,0,no_tagged_board,officers table is TextBlock only
S100YHFB,E32146,3537,listed,卸売業,昭栄薬品株式会社,"SHOEI YAKUHIN CO.,LTD.",2026-03-31,2026-06-24,代表取締役社長 藤原 佐一郎,9,9.0,0.0,0.0,0.0,9.0,0.0,46.3,16.9,8998000.0,,,,127660000.0,0,clean,
S100YHFG,E02229,7212,listed,輸送用機器,株式会社エフテック,F-TECH INC.,2026-03-31,2026-06-24,代表取締役社長 福田 祐一,9,8.0,1.0,0.11,0.1111,9.0,0.0,41.17,18.17,6142335.0,0.011,0.771,,175000000.0,0,clean,
S100YHFR,E02424,6419,listed,機械,株式会社マースグループホールディングス,Mars Group Holdings Corporation,2026-03-31,2026-06-24,代表取締役社長 松波 明宏,9,8.0,1.0,0.111,0.1111,9.0,0.0,48.2,26.0,9441140.0,,,,133070000.0,0,clean,
S100YHGQ,E01550,6111,listed,機械,旭精機工業株式会社,"ASAHI-SEIKI MANUFACTURING CO.,LTD.",2026-03-31,2026-06-24,取締役社長 神谷 真二,12,12.0,,,,,,45.6,19.8,5657000.0,0.029,0.719,,132179000.0,0,clean,
S100YHH0,E03330,7634,listed,卸売業,株式会社星医療酸器,"HOSHI IRYO-SANKI CO., LTD.",2026-03-31,2026-06-24,代表取締役社長 星 幸男,16,16.0,,,,,,39.9,10.3,5622249.0,,0.576,,398100000.0,1,clean,
S100YHHC,E01510,6155,listed,機械,高松機械工業株式会社,"TAKAMATSU MACHINERY CO., LTD.",2026-03-31,2026-06-24,代表取締役社長 髙 松 宗一郎,11,9.0,2.0,0.182,0.1818,11.0,0.0,40.2,15.3,5075320.0,0.017,0.748,,212000000.0,0,clean,
S100YHHO,E04506,9508,listed,電気・ガス業,九州電力株式会社,"Kyushu Electric Power Company, Incorporated",2026-03-31,2026-06-24,代表取締役 社長執行役員 西 山 勝,14,11.0,3.0,0.214,0.2143,14.0,0.0,42.1,20.8,8420008.0,0.026,0.663,,612000000.0,0,clean,
S100YHHQ,E02140,7276,listed,電気機器,株式会社小糸製作所,"KOITO MANUFACTURING CO., LTD.",2026-03-31,2026-06-24,代表取締役社長 加藤 充明,17,15.0,2.0,0.118,0.1176,17.0,0.0,43.0,20.0,6695431.0,0.039,0.662,,1084000000.0,3,clean,
S100YHI1,E05543,3779,listed,情報・通信業,ジェイ・エスコムホールディングス株式会社,"J ESCOM HOLDINGS,INC.",2026-03-31,2026-06-24,代表取締役社長 大谷 利興,8,7.0,1.0,0.125,0.125,8.0,0.0,39.3,5.4,7914375.0,,,,29370000.0,0,clean,
S100YHI4,E04293,9312,listed,倉庫・運輸関連,ケイヒン株式会社,"THE KEIHIN CO.,LTD.",2026-03-31,2026-06-24,代表取締役社長 杉 山 光 延,14,14.0,0.0,0.0,0.0,14.0,0.0,40.4,15.3,6468000.0,0.169,0.727,,338000000.0,0,clean,
S100YHIH,E01979,6941,listed,電気機器,山一電機株式会社,"YAMAICHI ELECTRONICS CO.,LTD.",2026-03-31,2026-06-24,代表取締役社長 亀谷 淳一,11,9.0,2.0,0.182,0.1818,11.0,0.0,43.9,17.1,7868126.0,0.024,0.703,,411810000.0,0,clean,
S100YHIJ,E01126,5210,listed,ガラス・土石製品,日本山村硝子株式会社,"Nihon Yamamura Glass Co., Ltd.",2026-03-31,2026-06-24,代表取締役 社長執行役員 山村 昇,9,8.0,1.0,0.111,0.1111,9.0,0.0,44.8,21.2,6931805.0,0.061,0.801,,216000000.0,0,clean,
S100YHIO,E36757,7127,listed,小売業,株式会社一家ホールディングス,"Ikka Holdings CO.,Ltd.",2026-03-31,2026-06-24,代表取締役社長 武長 太郎,11,10.0,1.0,0.091,0.0909,11.0,0.0,36.8,8.7,4612000.0,0.222,0.644,,125871000.0,0,clean,
S100YHJ7,E01887,6844,listed,電気機器,新電元工業株式会社,"Shindengen Electric Manufacturing Co.,Ltd.",2026-03-31,2026-06-24,代表取締役社長 田中 信吉,9,7.0,2.0,0.22,0.2222,9.0,0.0,42.81,17.02,7458078.0,0.015,0.732,,118000000.0,0,clean,
S100YHJG,E04302,,unlisted,倉庫・運輸関連,鈴江コーポレーション株式会社,SUZUE CORPORATION,2026-03-31,2026-06-24,代表取締役社長 田留 晏,0,,,,,,,,,,,,,,0,no_tagged_board,officers table is TextBlock only
S100YHJQ,E03193,9936,listed,小売業,株式会社王将フードサービス,OHSHO FOOD SERVICE CORP.,2026-03-31,2026-06-24,代表取締役社長 渡邊 直人,12,10.0,2.0,0.167,0.1667,12.0,0.0,37.1,11.3,6620000.0,0.026,0.643,,507000000.0,1,clean,
S100YHJV,E39254,167A,listed,卸売業,リョーサン菱洋ホールディングス株式会社,"Ryoyo Ryosan Holdings, Inc.",2026-03-31,2026-06-24,代表取締役社長執行役員 中村 守孝,12,10.0,2.0,0.167,0.1667,12.0,0.0,47.0,18.0,7648361.0,0.0,0.596,,440000000.0,1,clean,
S100YHJY,E01748,6623,listed,電気機器,愛知電機株式会社,"AICHI ELECTRIC CO.,LTD.",2026-03-31,2026-06-24,代表取締役社長 社長執行役員 加 藤 忍,10,8.0,2.0,0.2,0.2,10.0,0.0,43.8,18.6,6280000.0,0.012,0.759,,184000000.0,0,clean,
S100YHKH,E04159,9082,listed,陸運業,大和自動車交通株式会社,"Daiwa Motor Transportation Co., Ltd.",2026-03-31,2026-06-24,代表取締役社長 大塚 一基,10,9.0,1.0,0.1,0.1,10.0,0.0,48.8,16.5,5212989.0,0.049,0.622,,114000000.0,0,clean,
S100YHKS,E34851,7345,listed,その他金融業,株式会社アイ・パートナーズフィナンシャル,Ai・Partners Financial Inc.,2026-03-31,2026-06-24,代表取締役社長 田中 譲治,5,5.0,,,,,,48.3,5.9,6626000.0,0.5,0.971,,64831000.0,0,clean,
S100YHL0,E02450,7867,listed,その他製品,株式会社タカラトミー,"TOMY COMPANY, LTD.",2026-03-31,2026-06-24,代表取締役社長 富山 彰夫,13,9.0,4.0,0.307,0.3077,13.0,0.0,42.1,12.7,10382618.0,0.214,0.717,,475000000.0,2,clean,
S100YHL1,E33819,3489,listed,不動産業,株式会社フェイスネットワーク,"FaithNetwork Co.,Ltd",2026-03-31,2026-06-24,代表取締役社長 蜂谷 二郎,7,7.0,0.0,,0.0,7.0,0.0,40.0,5.8,7138000.0,0.231,0.68,,199769000.0,0,clean,
S100YHL2,E01684,6286,listed,機械,靜甲株式会社,SEIKO CORPORATION,2026-03-31,2026-06-24,代表取締役 社長執行役員 鈴木 孝典,12,12.0,,,,,,39.0,15.0,6005204.0,0.066,0.717,,166097000.0,0,clean,
S100YHLE,E03908,,unlisted,不動産業,大栄不動産株式会社,"Daiei Real Estate &amp; Development Co.,Ltd.",2026-03-31,2026-06-24,取締役社長 小林 義信,0,,,,,,,,,,,,,,0,no_tagged_board,officers table is TextBlock only
S100YHLG,E02442,5956,listed,金属製品,トーソー株式会社,"TOSO CO.,LTD.",2026-03-31,2026-06-24,代表取締役社長 八重島 真人,6,5.0,1.0,0.167,0.1667,6.0,0.0,43.6,12.2,5921000.0,0.042,0.533,,87000000.0,0,clean,
S100YHM2,E02280,8050,listed,精密機器,セイコーグループ株式会社,SEIKO GROUP CORPORATION,2026-03-31,2026-06-24,代表取締役社長 高橋 修司,15,14.0,1.0,0.067,0.0667,15.0,0.0,44.2,15.8,9446162.0,0.194,0.791,,505000000.0,2,clean,
S100YHMT,E00105,1827,listed,建設業,株式会社ナカノフドー建設,NAKANO CORPORATION,2026-03-31,2026-06-24,代表取締役社長 飯 塚 隆,11,11.0,,,,,,45.1,16.1,8121691.0,0.054,0.76,,230000000.0,0,clean,
S100YHMW,E00610,3600,listed,繊維製品,株式会社フジックス,FUJIX Ltd.,2026-03-31,2026-06-24,代表取締役社長 藤 井 一 郎,8,8.0,,,,,,52.0,23.0,4475512.0,0.071,,,72000000.0,0,clean,
S100YHN2,E02406,7955,listed,その他製品,クリナップ株式会社,Cleanup Corporation,2026-03-31,2026-06-24,代表取締役 竹内 宏,11,10.0,1.0,0.091,0.0909,11.0,0.0,41.1,15.1,5572064.0,0.036,0.68,,270000000.0,0,clean,
S100YHNA,E35562,7094,listed,サービス業,株式会社NexTone,NexTone Inc.,2026-03-31,2026-06-24,代表取締役CEO 阿 南 雅 浩,11,9.0,2.0,0.182,0.1818,11.0,0.0,36.8,6.3,5670000.0,0.262,0.733,,201000000.0,0,clean,
S100YHND,E03432,3317,listed,小売業,株式会社フライングガーデン,"FLYING GARDEN CO., LTD.",2026-03-31,2026-06-24,代表取締役社長 野沢 卓史,7,6.0,1.0,0.14,0.1429,7.0,0.0,39.5,13.5,5468000.0,0.102,0.729,,132924000.0,0,clean,
S100YHO7,E04821,8596,listed,その他金融業,株式会社九州リースサービス,"KYUSHU LEASING SERVICE CO., LTD.",2026-03-31,2026-06-24,代表取締役社長 礒 山 誠 二,11,9.0,2.0,0.182,0.1818,11.0,0.0,42.4,14.0,7140964.0,0.107,0.643,,196000000.0,0,clean,
S100YHO8,E01903,6849,listed,電気機器,日本光電工業株式会社,NIHON KOHDEN CORPORATION,2026-03-31,2026-06-24,代表取締役社長執行役員 Chief Executive Officer 荻 野 博 一,11,9.0,2.0,0.182,0.1818,11.0,0.0,42.6,15.8,9430148.0,0.085,0.711,,297000000.0,0,clean,
S100YHOE,E03474,3032,listed,小売業,株式会社ゴルフ・ドゥ,"GOLF・DO CO.,LTD.",2026-03-31,2026-06-24,代表取締役社長 佐久間 功,6,4.0,2.0,0.333,0.3333,6.0,0.0,40.0,8.2,4012000.0,0.0,0.545,,69080000.0,0,clean,
S100YHOL,E04101,9048,listed,陸運業,名古屋鉄道株式会社,"Nagoya Railroad Co., Ltd.",2026-03-31,2026-06-24,取締役社長 髙 﨑 裕 樹,15,13.0,2.0,0.133,0.1333,15.0,0.0,44.4,23.3,6614236.0,0.087,0.832,,354000000.0,0,clean,
S100YHOR,E02786,9996,listed,卸売業,株式会社サトー商会,"Satoh&amp;Co.,Ltd.",2026-03-31,2026-06-24,代表取締役社長 古山 眞佐夫,12,12.0,,,,,,42.2,15.0,5475361.0,0.068,0.599,,185251000.0,0,clean,
S100YHOV,E04399,9408,listed,情報・通信業,株式会社BSNメディアホールディングス,"BSN MEDIA HOLDINGS, INC.",2026-03-31,2026-06-24,代表取締役社長 佐藤 隆夫,14,13.0,1.0,0.071,0.0714,14.0,0.0,,,,,,,82620000.0,0,clean,
S100YHPM,E32189,6237,listed,機械,株式会社イワキ,"IWAKI CO.,LTD.",2026-03-31,2026-06-24,代表取締役社長 藤中 茂,8,7.0,1.0,0.125,0.125,8.0,0.0,42.9,18.5,6977371.0,0.006,0.555,,491000000.0,2,clean,
S100YHPR,E01462,3435,listed,金属製品,サンコーテクノ株式会社,"SANKO TECHNO CO., LTD.",2026-03-31,2026-06-24,代表取締役社長 洞下 英人,8,8.0,,,,,,40.6,12.5,5385000.0,0.059,0.746,,135750000.0,0,clean,
S100YHPY,E01914,6981,listed,電気機器,株式会社村田製作所,"Murata Manufacturing Co., Ltd.",2026-03-31,2026-06-24,代表取締役社長 中島 規巨,12,10.0,2.0,0.167,0.1667,12.0,0.0,40.5,14.4,8382000.0,0.044,0.651,,667000000.0,2,clean,
S100YHQB,E36627,7791,listed,その他製品,ドリームベッド株式会社,"DREAMBED CO.,LTD.",2026-03-31,2026-06-24,代表取締役社長 三宅 弘人,9,9.0,,,,,,40.1,12.0,4766372.0,0.016,0.652,,114638000.0,0,clean,
S100YHQM,E05640,3817,listed,情報・通信業,株式会社SRAホールディングス,"SRA Holdings,Inc.",2026-03-31,2026-06-24,代表取締役社長 大熊 克美,12,10.0,2.0,0.17,0.1667,12.0,0.0,57.5,7.8,12713000.0,,,,102000000.0,0,clean,
S100YHQP,E00137,1934,listed,建設業,株式会社ユアテック,YURTEC CORPORATION,2026-03-31,2026-06-24,取締役社長 社長執行役員 小 林 郁 見,10,7.0,3.0,0.3,0.3,10.0,0.0,41.7,18.6,8120722.0,0.013,0.675,,201000000.0,0,clean,
S100YHQX,E35303,2981,listed,不動産業,株式会社ランディックス,Landix Inc.,2026-03-31,2026-06-24,代表取締役社長 岡田 和也,7,6.0,1.0,0.143,0.1429,7.0,0.0,32.6,3.8,6844000.0,,,,134910000.0,0,clean,
S100YHR0,E36098,6229,listed,機械,株式会社オーケーエム,OKUMURA ENGINEERING corp.,2026-03-31,2026-06-24,代表取締役社長 奥村 晋一,6,6.0,,,,,,42.9,11.6,6223046.0,0.019,0.731,,116544000.0,0,clean,
S100YHRE,E01366,5974,listed,金属製品,中国工業株式会社,"CHUGOKUKOGYO CO.,LTD.",2026-03-31,2026-06-24,代表取締役社長 中 野 敏,8,8.0,,,,,,45.5,21.5,5582000.0,0.024,,,86000000.0,0,clean,
S100YHRO,E00804,4462,listed,化学,石原ケミカル株式会社,"ISHIHARA CHEMICAL CO.,LTD.",2026-03-31,2026-06-24,代表取締役社長 藤 本 昭 彦,11,10.0,1.0,0.091,0.0909,11.0,0.0,38.89,12.44,6522000.0,0.021,0.725,,204570000.0,0,clean,
S100YHS5,E35589,4496,listed,情報・通信業,株式会社コマースOneホールディングス,Commerce One Holdings Inc.,2026-03-31,2026-06-24,代表取締役 岡本 高彰,8,7.0,1.0,0.125,0.125,8.0,0.0,39.0,6.24,7315000.0,,,,77040000.0,0,clean,
S100YHSN,E02608,8129,listed,卸売業,東邦ホールディングス株式会社,"TOHO HOLDINGS CO.,LTD.",2026-03-31,2026-06-24,代表取締役 社長執行役員CEO 枝廣 弘巳,9,6.0,3.0,0.33,0.3333,9.0,0.0,48.3,18.9,6786796.0,0.182,0.688,,321000000.0,0,clean,
S100YHT5,E04920,9799,listed,情報・通信業,旭情報サービス株式会社,"ASAHI INTELLIGENCE SERVICE CO.,LTD.",2026-03-31,2026-06-24,代表取締役社長 濵 田 広 徳,12,11.0,1.0,0.083,0.0833,12.0,0.0,35.7,12.4,5073000.0,0.037,0.874,,132000000.0,0,clean,
S100YHT7,E01147,5357,listed,ガラス・土石製品,株式会社ヨータイ,"YOTAI REFRACTORIES CO.,LTD.",2026-03-31,2026-06-24,取締役社長 田 口 三 男,8,7.0,1.0,0.12,0.125,8.0,0.0,40.74,14.09,6781533.0,0.0,0.712,,223682000.0,0,clean,
S100YHTN,E01803,6744,listed,電気機器,能美防災株式会社,NOHMI BOSAI LTD.,2026-03-31,2026-06-24,代表取締役社長 長谷川 雅 弘,11,9.0,2.0,0.182,0.1818,11.0,0.0,39.4,14.8,6925273.0,0.013,0.717,,282000000.0,0,clean,
S100YHTZ,E04367,,unlisted,倉庫・運輸関連,成田国際空港株式会社,NARITA INTERNATIONAL AIRPORT CORPORATION,2026-03-31,2026-06-24,代表取締役社長 藤井 直樹,0,,,,,,,,,,,,,,0,no_tagged_board,officers table is TextBlock only
S100YHU2,E02059,6727,listed,電気機器,株式会社ワコム,"Wacom Co., Ltd.",2026-03-31,2026-06-24,代表取締役社長 兼 CEO 井出 信孝,9,8.0,1.0,0.111,0.1111,9.0,0.0,45.5,11.5,9852000.0,,0.719,,233000000.0,0,clean,
S100YHUO,E03855,8801,listed,不動産業,三井不動産株式会社,"Mitsui Fudosan Co., Ltd.",2026-03-31,2026-06-24,代表取締役社長 植田 俊,18,13.0,5.0,0.278,0.2778,18.0,0.0,42.1,16.0,18555000.0,0.111,0.499,,2393000000.0,8,clean,
S100YHW4,E04996,4686,listed,情報・通信業,株式会社ジャストシステム,JUSTSYSTEMS CORPORATION,2026-03-31,2026-06-24,代表取締役社長 関灘 恭太郎,8,7.0,1.0,0.125,0.125,8.0,0.0,38.8,13.5,16500050.0,0.057,0.489,,181000000.0,1,clean,
S100YHWF,E04540,9713,listed,サービス業,株式会社ロイヤルホテル,"THE ROYAL HOTEL, LIMITED",2026-03-31,2026-06-24,代表取締役社長 植 田 文 一,14,13.0,1.0,0.071,0.0714,14.0,0.0,41.7,15.8,4609000.0,0.112,0.653,,176000000.0,0,clean,
S100YHWG,E02043,6855,listed,電気機器,日本電子材料株式会社,JAPAN ELECTRONIC MATERIALS CORPORATION,2026-03-31,2026-06-24,代表取締役社長 坂田 輝久,7,6.0,1.0,0.143,0.1429,7.0,0.0,39.7,12.6,6417000.0,,0.791,,180000000.0,0,clean,
S100YHWR,E00691,3708,listed,パルプ・紙,特種東海製紙株式会社,"Tokushu Tokai Paper Co., Ltd.",2026-03-31,2026-06-24,代表取締役社長 社長執行役員 木村 隆志,10,8.0,2.0,0.2,0.2,10.0,0.0,42.0,19.0,7155768.0,0.052,0.757,,284000000.0,0,clean,
S100YHX1,E05487,3771,listed,情報・通信業,株式会社システムリサーチ,"SYSTEM RESEARCH CO.,LTD.",2026-03-31,2026-06-24,代表取締役社長 平 山 宏,12,9.0,2.0,0.181,0.1667,11.0,-1.0,33.7,7.9,5481000.0,0.083,0.803,,248804000.0,0,partial,G1 counted 12 board rows > 11 tagged officers
S100YHX3,E05686,2148,listed,サービス業,アイティメディア株式会社,ITmedia Inc.,2026-03-31,2026-06-24,代表取締役社長 兼 CEO 小林 教至,9,6.0,3.0,0.33,0.3333,9.0,0.0,39.9,8.6,6989000.0,0.246,0.726,,116199000.0,0,clean,
S100YHX6,E26815,7177,listed,証券、商品先物取引業,GMOフィナンシャルホールディングス株式会社,"GMO Financial Holdings, Inc.",2025-12-31,2026-03-23,取締役兼代表執行役会長兼社長 CEO 高島 秀行,7,7.0,1.0,0.125,0.1429,8.0,1.0,40.33,8.47,10889000.0,0.041,0.605,,218000000.0,1,clean,
S100YHXB,E01581,6380,listed,機械,オリエンタルチエン工業株式会社,"ORIENTAL CHAIN MFG. CO., LTD.",2026-03-31,2026-06-24,代表取締役社長 杉山 敏之,8,8.0,,,,,,43.8,12.6,4921000.0,,0.64,,63122000.0,0,clean,
S100YHXH,E01100,5122,listed,ゴム製品,オカモト株式会社,"OKAMOTO INDUSTRIES, INC.",2026-03-31,2026-06-24,代表取締役社長執行役員 岡本 邦彦,8,6.0,2.0,0.25,0.25,8.0,0.0,40.2,16.1,6510000.0,0.089,0.613,,231000000.0,0,clean,
S100YHXW,E27633,3289,listed,不動産業,東急不動産ホールディングス株式会社,Tokyu Fudosan Holdings Corporation,2026-03-31,2026-06-24,代表取締役社長 星野 浩明,17,12.0,5.0,0.294,0.2941,17.0,0.0,42.8,15.3,13199000.0,,,,604000000.0,6,clean,
S100YHY4,E01875,6659,listed,電気機器,株式会社メディアリンクス,"MEDIA LINKS CO.,LTD.",2026-03-31,2026-06-24,代表取締役社長 菅原 司,8,8.0,,,,,,44.1,13.1,7847000.0,,,,76900000.0,0,clean,
S100YHY5,E00376,2207,listed,食料品,株式会社meito(旧会社名 名糖産業株式会社),"MEITO CO.,LTD.(旧英訳名 Meito Sangyo Co., Ltd.)(注)2025年9月1日付で商号を「名糖産業株式会社」から「株式会社meito」に変更いたしました。",2026-03-31,2026-06-24,代表取締役社長 三 矢 益 夫,9,8.0,1.0,0.1111,0.1111,9.0,0.0,40.7,16.5,6249000.0,0.048,0.748,,126000000.0,0,clean,
S100YHYP,E38761,6209,listed,機械,リケンNPR株式会社,NPR-RIKEN CORPORATION,2026-03-31,2026-06-24,代表取締役会長兼会長執行役員兼CEO 前川 泰則,12,11.0,1.0,0.083,0.0833,12.0,0.0,45.1,19.8,7958396.0,,,,384000000.0,0,clean,
S100YHYU,E01439,5983,listed,金属製品,イワブチ株式会社,IWABUCHI CORPORATION,2026-03-31,2026-06-24,代表取締役社長 内田 秀吾,12,10.0,2.0,0.16,0.1667,12.0,0.0,46.0,17.2,6426000.0,0.0,0.639,,242074000.0,0,clean,
S100YHYX,E04462,4676,listed,情報・通信業,株式会社フジ・メディア・ホールディングス,"FUJI MEDIA HOLDINGS, INC.",2026-03-31,2026-06-24,代表取締役社長 清 水 賢 治,10,6.0,4.0,0.4,0.4,10.0,0.0,50.5,23.3,15770000.0,,,,196000000.0,0,clean,
S100YHZG,E02126,7011,listed,機械,三菱重工業株式会社,"Mitsubishi Heavy Industries, Ltd.",2026-03-31,2026-06-24,取締役社長 伊 藤 栄 作,12,10.0,2.0,0.167,0.1667,12.0,0.0,42.3,18.5,10724514.0,0.029,0.749,,,4,clean,
S100YHZL,E01534,6360,listed,機械,株式会社東京自働機械製作所,"TOKYO AUTOMATIC MACHINERY WORKS, LTD.",2026-03-31,2026-06-24,代表取締役社長 佐 藤 康 公,9,9.0,,,,,,43.3,19.2,7104411.0,0.043,0.741,,105776000.0,0,clean,
S100YHZP,E04326,9355,listed,倉庫・運輸関連,株式会社リンコーコーポレーション,RINKO CORPORATION,2026-03-31,2026-06-24,代表取締役社長 本間 常悌,11,11.0,,,,,,45.2,20.8,5995119.0,0.2157,0.852,,110400000.0,0,clean,
S100YI00,E00207,1930,listed,建設業,北陸電気工事株式会社,"HOKURIKU ELECTRICAL CONSTRUCTION CO.,LTD.",2026-03-31,2026-06-24,代表取締役社長 社長執行役員 山 崎 勇 志,11,9.0,2.0,0.182,0.1818,11.0,0.0,40.0,17.0,6598000.0,0.028,0.696,,175000000.0,0,clean,
S100YI0D,E01815,6804,listed,電気機器,ホシデン株式会社,Hosiden Corporation,2026-03-31,2026-06-24,代表取締役社長 古橋 健士,9,7.0,2.0,0.222,0.2222,9.0,0.0,48.6,24.4,6826486.0,,0.703,,245000000.0,1,clean,
S100YI0O,E05556,3395,listed,小売業,株式会社サンマルクホールディングス,"Saint Marc Holdings Co., Ltd.",2026-03-31,2026-06-24,代表取締役社長 藤川 祐樹,14,11.0,3.0,0.214,0.2143,14.0,0.0,42.5,7.5,5599713.0,0.167,0.72,,218001000.0,0,clean,
S100YI1J,E01142,5269,listed,ガラス・土石製品,日本コンクリート工業株式会社,"NIPPON CONCRETE INDUSTRIES CO., LTD.",2026-03-31,2026-06-24,代表取締役社長 椙 田 宜 彦,13,9.0,2.0,0.18,0.1538,11.0,-2.0,43.6,11.8,6171000.0,0.068,0.692,,171754000.0,0,partial,G1 counted 13 board rows > 11 tagged officers
S100YI1U,E04375,9401,listed,情報・通信業,株式会社TBSホールディングス,"TBS HOLDINGS, INC.",2026-03-31,2026-06-24,代表取締役社長 阿部 龍二郎,14,9.0,5.0,0.3571,0.3571,14.0,0.0,45.6,14.0,13279000.0,,,,599000000.0,1,clean,
S100YI27,E21832,3143,listed,卸売業,オーウイル株式会社,O'will Corporation,2026-03-31,2026-06-24,代表取締役社長 伊達 一紀,8,7.0,1.0,0.125,0.125,8.0,0.0,38.4,8.1,6999000.0,,,,188661000.0,0,clean,
S100YI28,E00947,4534,listed,医薬品,持田製薬株式会社,"Mochida Pharmaceutical Co.,Ltd.",2026-03-31,2026-06-24,代表取締役社長 持田 直幸,16,13.0,3.0,0.188,0.1875,16.0,0.0,43.1,16.5,8425359.0,0.124,0.712,,386000000.0,0,clean,
S100YI2B,E23288,3157,listed,卸売業,ジオリーブグループ株式会社,GEOLIVE Group Corporation,2026-03-31,2026-06-24,代表取締役社長 植木 啓之,12,11.0,1.0,0.083,0.0833,12.0,0.0,41.8,11.2,6906000.0,0.049,0.596,,329000000.0,0,clean,
S100YI2H,E04049,8995,listed,不動産業,株式会社誠建設工業,"Makoto Construction CO,Ltd",2026-03-31,2026-06-24,代表取締役社長 西 元 敏 之,7,6.0,1.0,0.14,0.1429,7.0,0.0,52.2,15.0,5417000.0,,,,34680000.0,0,clean,
S100YI2O,E01842,6823,listed,電気機器,リオン株式会社,"RION CO., LTD.",2026-03-31,2026-06-24,代表取締役社長 加 藤 公 規,11,8.0,3.0,0.273,0.2727,11.0,0.0,41.3,16.8,8096000.0,0.057,0.801,,206712000.0,0,clean,
S100YI2W,E02354,7749,listed,精密機器,メディキット株式会社,"MEDIKIT CO.,LTD.",2026-03-31,2026-06-24,代表取締役社長 景山 洋二,9,8.0,1.0,0.11,0.1111,9.0,0.0,40.1,13.7,6344778.0,0.033,0.607,,91338000.0,0,clean,
S100YI3A,E31632,5021,listed,石油・石炭製品,コスモエネルギーホールディングス株式会社,"COSMO ENERGY HOLDINGS COMPANY, LIMITED",2026-03-31,2026-06-24,代表取締役社長 山田 茂,12,8.0,4.0,0.333,0.3333,12.0,0.0,42.0,13.0,11881994.0,,,,815000000.0,2,clean,
S100YI3N,E02584,8089,listed,卸売業,ナイス株式会社,Nice Corporation,2026-03-31,2026-06-24,取締役社長 津 戸 裕 徳,15,14.0,1.0,0.067,0.0667,15.0,0.0,44.3,18.2,6661745.0,0.042,0.653,,294000000.0,0,clean,
S100YI3U,E00502,2058,listed,食料品,株式会社ヒガシマル,"HIGASHIMARU CO.,LTD.",2026-03-31,2026-06-24,代表取締役社長 東 勤,9,8.0,1.0,0.11,0.1111,9.0,0.0,40.19,14.35,4817000.0,0.047,0.708,,97000000.0,0,clean,
S100YI45,E00630,7898,listed,その他製品,株式会社ウッドワン,"WOOD ONE CO.,LTD.",2026-03-31,2026-06-24,代表取締役社長 中 本 祐 昌,15,15.0,0.0,0.0,0.0,15.0,0.0,44.1,20.3,5148000.0,0.016,0.768,,180000000.0,0,clean,
S100YI48,E04123,9033,listed,陸運業,広島電鉄株式会社,"Hiroshima Electric Railway Co.,Ltd.",2026-03-31,2026-06-24,代表取締役社長 仮 井 康 裕,12,10.0,2.0,0.1666,0.1667,12.0,0.0,48.3,17.2,5779680.0,0.109,0.808,,237000000.0,0,clean,
S100YI4G,E02773,3598,listed,繊維製品,山喜株式会社,"YAMAKI CO.,LTD.",2026-03-31,2026-06-24,代表取締役会長 白﨑 雅郎,7,6.0,1.0,0.143,0.1429,7.0,0.0,45.0,17.0,4930000.0,0.031,0.598,,73000000.0,0,clean,
S100YI50,E02138,7122,listed,輸送用機器,近畿車輛株式会社,"THE KINKI SHARYO CO.,LTD.",2026-03-31,2026-06-24,代表取締役社長 吉 川 富 雄,13,12.0,1.0,0.077,0.0769,13.0,0.0,45.4,21.3,6052000.0,0.021,0.905,,194000000.0,0,clean,
S100YI51,E00094,1951,listed,建設業,エクシオグループ株式会社,"EXEO Group, Inc.",2026-03-31,2026-06-24,代表取締役社長 梶村 啓吾,18,14.0,4.0,0.222,0.2222,18.0,0.0,45.1,19.1,8429000.0,0.031,0.678,,484000000.0,0,clean,
S100YI52,E04198,9076,listed,陸運業,セイノーホールディングス株式会社,"SEINO HOLDINGS CO., LTD.",2026-03-31,2026-06-24,代表取締役社長 田 口 義 隆,10,8.0,2.0,0.2,0.2,10.0,0.0,43.6,17.4,7118000.0,0.034,0.642,,276000000.0,1,clean,
S100YI56,E02407,7950,listed,化学,日本デコラックス株式会社,"NIHON DECOLUXE CO.,LTD.",2026-03-31,2026-06-24,代表取締役社長 木村 重夫,6,6.0,,,,,,44.3,15.8,5556100.0,,0.545,,107765000.0,0,clean,
S100YI5D,E03907,8830,listed,不動産業,住友不動産株式会社,"Sumitomo Realty &amp; Development Co., Ltd.",2026-03-31,2026-06-24,代表取締役社長 仁 島 浩 順,12,10.0,2.0,0.167,0.1667,12.0,0.0,42.65,10.28,8242230.0,0.137,0.51,,,5,clean,
S100YI5H,E05236,4323,listed,情報・通信業,日本システム技術株式会社,"Japan System Techniques Co., Ltd.",2026-03-31,2026-06-24,代表取締役社長執行役員 平林 卓,11,10.0,1.0,0.09,0.0909,11.0,0.0,35.1,9.0,6698000.0,0.147,0.861,,309508000.0,0,clean,
S100YI5J,E04286,9304,listed,倉庫・運輸関連,澁澤倉庫株式会社,Shibusawa Logistics Corporation,2026-03-31,2026-06-24,取締役社長 大隅 毅,11,10.0,1.0,0.091,0.0909,11.0,0.0,42.0,17.0,8215906.0,0.011,0.732,,172000000.0,0,clean,
S100YI5M,E04018,8920,listed,サービス業,株式会社東祥,"TOSHO CO., LTD.",2026-03-31,2026-06-24,代表取締役社長 沓名 裕一郎,8,7.0,1.0,0.125,0.125,8.0,0.0,30.0,6.5,4840000.0,0.047,0.629,,187450000.0,0,clean,
S100YI6A,E01859,6822,listed,電気機器,大井電気株式会社,"Oi Electric Co., Ltd.",2026-03-31,2026-06-24,代表取締役社長 石田 甲,8,8.0,0.0,0.0,0.0,8.0,0.0,47.1,20.8,7252701.0,0.042,0.712,,94045000.0,0,clean,
S100YI6G,E03276,7523,listed,小売業,アールビバン株式会社,"ART VIVANT CO.,LTD.",2026-03-31,2026-06-24,代表取締役会長兼社長 野澤 克巳,8,8.0,,,,,,31.9,7.4,6124871.0,0.269,0.731,,385591000.0,1,clean,
S100YI6M,E00185,1938,listed,建設業,日本リーテック株式会社,"NIPPON RIETEC CO.,LTD.",2026-03-31,2026-06-24,代表取締役社長執行役員 久 保 公 人,10,9.0,1.0,0.1,0.1,10.0,0.0,43.0,15.5,7792000.0,0.01,0.62,,167668000.0,0,clean,
S100YI7P,E01539,6335,listed,機械,株式会社東京機械製作所,"TOKYO KIKAI SEISAKUSHO,LTD.",2026-03-31,2026-06-24,代表取締役社長 都並 清史,7,6.0,1.0,0.14,0.1429,7.0,0.0,45.9,23.3,7355954.0,0.015,,,100500000.0,0,clean,
S100YI7S,E04585,9605,listed,情報・通信業,東映株式会社,"TOEI COMPANY, LTD.",2026-03-31,2026-06-24,代表取締役社長 吉村 文雄,12,10.0,2.0,0.1667,0.1667,12.0,0.0,43.3,14.1,8632825.0,0.23,0.819,,354000000.0,0,clean,
S100YI7T,E00390,3346,listed,小売業,ヒロタグループホールディングス株式会社,"HIROTAGROUP HOLDINGS Co.,Ltd.",2026-03-31,2026-06-24,代表取締役社長 遠 藤 隆 史,9,9.0,0.0,0.0,0.0,9.0,0.0,56.7,1.8,4974000.0,,,,28920000.0,0,clean,
S100YI8I,E00036,1515,listed,鉱業,日鉄鉱業株式会社,"Nittetsu Mining Co., Ltd.",2026-03-31,2026-06-24,代表取締役社長 森 川 玲 一,9,7.0,2.0,0.222,0.2222,9.0,0.0,42.7,17.5,8098633.0,0.026,0.613,,334000000.0,0,clean,
S100YI8J,E00255,1793,listed,建設業,株式会社大本組,"OHMOTO GUMI CO., LTD.",2026-03-31,2026-06-24,代表取締役社長 三 宅 啓 一,11,10.0,1.0,0.091,0.0909,11.0,0.0,44.3,19.2,8677000.0,0.048,0.494,,220000000.0,0,clean,
S100YI8M,E38504,4040,listed,化学,南海化学株式会社,"NANKAI CHEMICAL COMPANY,LIMITED",2026-03-31,2026-06-24,代表取締役社長執行役員 杉岡 伸也,8,7.0,1.0,0.125,0.125,8.0,0.0,43.7,8.2,6876000.0,,,,137000000.0,0,clean,
S100YI8U,E36657,7318,listed,サービス業,セレンディップ・ホールディングス株式会社,"SERENDIP HOLDINGS Co.,Ltd.",2026-03-31,2026-06-24,代表取締役社長兼CEO 竹内 在,7,6.0,1.0,0.142,0.1429,7.0,0.0,42.2,3.0,7345000.0,0.061,,,94567000.0,0,clean,
S100YI8X,E01790,6707,listed,電気機器,サンケン電気株式会社,"Sanken Electric Co., Ltd.",2026-03-31,2026-06-24,代表取締役社長CEO 髙 橋 広,10,7.0,3.0,0.3,0.3,10.0,0.0,44.0,17.5,7114000.0,0.042,0.787,,207000000.0,0,clean,
S100YI94,E37589,7140,listed,小売業,ペットゴー株式会社,Petgo Corporation,2026-03-31,2026-06-24,代表取締役社長 黒澤 弘,6,5.0,1.0,0.167,0.1667,6.0,0.0,45.1,7.8,5039000.0,,,,100085000.0,0,clean,
S100YI97,E04155,9017,listed,陸運業,新潟交通株式会社,"Niigata kotsu Co., Ltd.",2026-03-31,2026-06-24,代表取締役社長 星野 佳人,11,11.0,,,,,,48.4,15.6,4400547.0,0.104,0.766,,100331000.0,0,clean,
S100YI9F,E36123,7694,listed,サービス業,株式会社いつも,itsumo.inc.,2026-03-31,2026-06-24,代表取締役社長 坂本 守,6,6.0,,0.0,,,,33.0,4.3,5587000.0,0.39,0.895,,98598000.0,0,clean,
S100YI9J,E01808,6800,listed,電気機器,株式会社ヨコオ,"YOKOWO CO.,LTD.",2026-03-31,2026-06-24,代表取締役兼執行役員社長 柳澤 勝平,12,9.0,3.0,0.25,0.25,12.0,0.0,40.7,10.8,8157992.0,0.071,0.558,,319000000.0,0,clean,
S100YI9L,E01373,5923,listed,金属製品,高田機工株式会社,"TAKADAKIKO (Steel Construction) CO.,LTD.",2026-03-31,2026-06-24,取締役社長 中村 達郎,9,7.0,2.0,0.22,0.2222,9.0,0.0,46.0,18.0,6641116.0,0.037,0.709,,145858000.0,0,clean,
S100YI9M,E05553,3799,listed,情報・通信業,キーウェアソリューションズ株式会社,Keyware Solutions Inc.,2026-03-31,2026-06-24,代表取締役社長 三田 昌弘,12,10.0,2.0,0.167,0.1667,12.0,0.0,41.0,17.0,6427000.0,0.077,0.809,,108252000.0,0,clean,
S100YI9P,E37146,4416,listed,情報・通信業,株式会社True Data,True Data Inc.,2026-03-31,2026-06-24,代表取締役社長 米倉裕之,8,5.0,3.0,0.375,0.375,8.0,0.0,41.7,6.2,6395000.0,0.16,0.666,,66530000.0,0,clean,
S100YIA1,E01321,5757,listed,非鉄金属,株式会社CKサンエツ,"CK SAN-ETSU Co.,Ltd.",2026-03-31,2026-06-24,代表取締役社長 釣谷 宏行,7,6.0,1.0,0.142,0.1429,7.0,0.0,,,,,,,276000000.0,1,clean,
S100YIA9,E37986,5834,listed,その他金融業,SBIリーシングサービス株式会社,"SBI Leasing Services Co., Ltd.",2026-03-31,2026-06-24,代表取締役会長兼社長 佐藤 公平,10,10.0,,,,,,41.5,3.3,11326373.0,,,,221000000.0,0,clean,
S100YIAX,E02839,7482,listed,卸売業,株式会社シモジマ,"SHIMOJIMA Co.,Ltd.",2026-03-31,2026-06-24,代表取締役社長 笠井 義彦,12,11.0,1.0,0.083,0.0833,12.0,0.0,39.1,15.2,6253000.0,0.06,0.601,,259000000.0,0,clean,
S100YIAY,E00692,7911,listed,その他製品,TOPPANホールディングス株式会社,TOPPAN Holdings Inc.,2026-03-31,2026-06-24,代表取締役社長 COO 大 矢 諭,15,10.0,5.0,0.33,0.3333,15.0,0.0,42.8,15.9,8682435.0,0.177,0.778,,679000000.0,2,clean,
S100YIB1,E02285,7734,listed,精密機器,理研計器株式会社,"RIKEN KEIKI CO., LTD.",2026-03-31,2026-06-24,代表取締役社長 松本 哲哉,8,7.0,1.0,0.125,0.125,8.0,0.0,40.4,15.4,7483747.0,0.043,0.661,,213782000.0,0,clean,
S100YIB6,E40668,368A,listed,精密機器,株式会社北里コーポレーション,Kitazato Corporation,2026-03-31,2026-06-24,代表取締役社長 井上 太綬,12,8.0,4.0,0.333,0.3333,12.0,0.0,40.3,4.8,4760000.0,0.588,,,213000000.0,0,clean,
S100YIBH,E00988,4901,listed,化学,富士フイルムホールディングス株式会社,FUJIFILM Holdings Corporation,2026-03-31,2026-06-24,代表取締役社長・CEO 後 藤 禎 一,15,11.0,4.0,0.27,0.2667,15.0,0.0,43.3,17.2,10855077.0,,,,808000000.0,6,clean,
S100YIC7,E00233,1904,listed,建設業,大成温調株式会社,"TAISEI ONCHO CO., LTD.",2026-03-31,2026-06-24,代表取締役社長執行役員 水谷 憲一,11,9.0,2.0,0.182,0.1818,11.0,0.0,43.4,17.9,7747438.0,0.07,0.675,,250633000.0,0,clean,
S100YICN,E00388,2224,listed,食料品,株式会社コモ,"COMO CO.,LTD.",2026-03-31,2026-06-24,代表取締役社長 木下 克己,8,8.0,,,,,,42.0,18.4,5217621.0,,,,95062000.0,0,clean,
S100YICQ,E00780,4078,listed,化学,堺化学工業株式会社,"SAKAI CHEMICAL INDUSTRY CO., LTD.",2026-03-31,2026-06-24,代表取締役社長 矢倉 敏行,11,10.0,1.0,0.0909,0.0909,11.0,0.0,41.7,16.5,6544836.0,0.035,0.774,,220000000.0,0,clean,
S100YICV,E04773,9735,listed,サービス業,セコム株式会社,"SECOM CO., LTD.",2026-03-31,2026-06-24,代表取締役社長 吉 田 保 幸,15,13.0,2.0,0.133,0.1333,15.0,0.0,44.5,18.0,6729386.0,0.094,0.765,,484000000.0,0,clean,
S100YIDC,E00032,5715,listed,非鉄金属,古河機械金属株式会社,"FURUKAWA CO., LTD.",2026-03-31,2026-06-24,代表取締役社長 中戸川 稔,12,10.0,2.0,0.166,0.1667,12.0,0.0,46.0,19.0,8508046.0,0.029,0.739,,270000000.0,0,clean,
S100YIDI,E02242,7217,listed,輸送用機器,株式会社テイン,"TEIN, INC.",2026-03-31,2026-06-24,代表取締役社長 市 野 諮,8,7.0,1.0,0.125,0.125,8.0,0.0,45.7,16.0,6054000.0,0.15,,,132191000.0,0,clean,
S100YIDK,E05428,2415,listed,サービス業,ヒューマンホールディングス株式会社,"Human Holdings Co., Ltd.",2026-03-31,2026-06-24,代表取締役社長 佐藤 朋也,10,10.0,,,,,,46.4,13.4,6187812.0,0.125,0.749,,234784000.0,0,clean,
S100YIDL,E01422,5940,listed,金属製品,不二サッシ株式会社,"FUJISASH CO.,LTD.",2026-03-31,2026-06-24,代表取締役社長 江崎 裕之,11,10.0,1.0,0.091,0.0909,11.0,0.0,46.8,21.9,6177000.0,0.057,0.666,,192000000.0,0,clean,
S100YIEI,E02004,6912,listed,電気機器,菊水ホールディングス株式会社,KIKUSUI HOLDINGS CORPORATION,2026-03-31,2026-06-24,代表取締役社長 小 林 一 夫,7,7.0,0.0,0.0,0.0,7.0,0.0,44.8,15.2,8672000.0,0.0,0.575,,195494000.0,0,clean,
S100YIEJ,E02684,8071,listed,卸売業,東海エレクトロニクス株式会社,"TOKAI ELECTRONICS CO.,LTD.",2026-03-31,2026-06-24,代表取締役社長 大倉 慎,12,11.0,1.0,0.083,0.0833,12.0,0.0,45.4,15.5,7293000.0,,,,297387000.0,0,clean,
S100YIEL,E01065,4975,listed,化学,株式会社JCU,JCU CORPORATION,2026-03-31,2026-06-24,代表取締役会長兼CEO 木村 昌志,12,10.0,2.0,0.167,0.1667,12.0,0.0,44.7,16.6,8212859.0,0.125,0.851,,301000000.0,0,clean,
S100YIEP,E32215,,unlisted,電気・ガス業,東京電力パワーグリッド株式会社,"TEPCO Power Grid, Incorporated",2026-03-31,2026-06-24,代表取締役社長 金子 禎則,0,,,,,,,,,,,,,,0,no_tagged_board,officers table is TextBlock only
S100YIEX,E03763,8708,listed,証券、商品先物取引業,アイザワ証券グループ株式会社,"AIZAWA SECURITIES GROUP CO., LTD.",2026-03-31,2026-06-24,代表取締役社長 社長執行役員 藍 澤 卓 弥,12,10.0,2.0,0.166,0.1667,12.0,0.0,44.0,13.0,7477272.0,0.077,0.702,,265000000.0,0,clean,
S100YIFD,E00879,4118,listed,化学,株式会社カネカ,KANEKA CORPORATION,2026-03-31,2026-06-24,代表取締役社長 藤 井 一 彦,16,14.0,2.0,0.125,0.125,16.0,0.0,41.0,16.0,8242752.0,0.068,0.729,,794000000.0,2,clean,
S100YIFO,E00765,4028,listed,化学,石原産業株式会社,"ISHIHARA SANGYO KAISHA,LTD.",2026-03-31,2026-06-24,代表取締役社長 大 久 保 浩,13,11.0,2.0,0.15,0.1538,13.0,0.0,43.5,17.7,7664000.0,0.109,0.771,,388000000.0,0,clean,
S100YIG2,E05400,3741,listed,情報・通信業,株式会社セック,"Systems Engineering Consultants Co.,LTD.",2026-03-31,2026-06-24,代表取締役社長 櫻井 伸太郎,7,6.0,1.0,0.143,0.1429,7.0,0.0,39.0,13.2,7253000.0,0.038,0.772,,177004000.0,0,clean,
S100YIGB,E00153,1975,listed,建設業,株式会社朝日工業社,"ASAHI KOGYOSHA CO., LTD.",2026-03-31,2026-06-24,代表取締役社長 髙 須 康 有,13,12.0,1.0,0.077,0.0769,13.0,0.0,44.6,17.8,12159126.0,0.015,0.665,,436000000.0,1,clean,
S100YIGD,E03108,8207,listed,小売業,テンアライド株式会社,"TEN ALLIED CO.,LTD.",2026-03-31,2026-06-24,代表取締役社長 飯田 健太,10,8.0,2.0,0.2,0.2,10.0,0.0,42.0,13.5,6158000.0,0.094,0.615,,105137000.0,0,clean,
S100YIGL,E04323,9311,listed,倉庫・運輸関連,アサガミ株式会社,ASAGAMI CORPORATION,2026-03-31,2026-06-24,代表取締役社長 木 村 健 一,17,17.0,0.0,0.0,0.0,17.0,0.0,48.0,19.0,6258000.0,0.0,0.768,,343467000.0,1,clean,
S100YIGR,E27624,4275,listed,化学,株式会社カーリット,"Carlit Co., Ltd.",2026-03-31,2026-06-24,代表取締役兼社長執行役員 金子 洋文,10,8.0,2.0,0.2,0.2,10.0,0.0,42.3,16.0,6864529.0,0.069,0.686,,183000000.0,0,clean,
S100YIGV,E05670,2137,listed,サービス業,株式会社 光ハイツ・ヴェラス,"HIKARI HEIGHTS-VARUS CO.,LTD.",2026-03-31,2026-06-24,代表取締役社長 森 千恵香,8,5.0,3.0,0.375,0.375,8.0,0.0,58.5,7.3,3811639.0,,,,32634000.0,0,clean,
S100YIH4,E03090,8163,listed,小売業,SRSホールディングス株式会社,"SRS HOLDINGS CO.,LTD.",2026-03-31,2026-06-24,代表取締役執行役員社長 重里 政彦,7,5.0,2.0,0.286,0.2857,7.0,0.0,49.0,15.2,7302000.0,0.089,0.514,,128937000.0,0,clean,
S100YIH8,E03626,,unlisted,銀行業,三菱UFJ信託銀行株式会社,Mitsubishi UFJ Trust and Banking Corporation,2026-03-31,2026-06-24,取締役社長 窪 田 博,0,,,,,,,,,,,,,,0,no_tagged_board,officers table is TextBlock only
S100YIHP,E01744,6508,listed,電気機器,株式会社明電舎,MEIDENSHA CORPORATION,2026-03-31,2026-06-24,代表取締役 執行役員社長 井上 晃夫,10,8.0,2.0,0.2,0.2,10.0,0.0,43.6,18.8,8107973.0,0.063,0.726,,366000000.0,0,clean,
S100YIHR,E04498,9501,listed,電気・ガス業,東京電力ホールディングス株式会社,"Tokyo Electric Power Company Holdings, Incorporated",2026-03-31,2026-06-24,代表執行役社長 小早川 智明,13,23.0,2.0,0.08,0.1538,25.0,12.0,45.1,22.1,8828772.0,0.071,0.835,,773000000.0,0,clean,
S100YIHV,E00842,4100,listed,化学,戸田工業株式会社,TODA KOGYO CORP.,2026-03-31,2026-06-24,代表取締役 久保 恒晃,11,10.0,1.0,0.091,0.0909,11.0,0.0,46.6,18.4,6215000.0,0.021,0.761,,126000000.0,0,clean,
S100YIHY,E00331,2264,listed,食料品,森永乳業株式会社,"Morinaga Milk Industry Co., Ltd.",2026-03-31,2026-06-24,取締役社長 大 貫 陽 一,15,11.0,4.0,0.267,0.2667,15.0,0.0,40.2,16.6,7990598.0,0.09,0.688,,414000000.0,0,clean,
S100YII7,E02739,9818,listed,卸売業,大丸エナウィン株式会社,"DAIMARU ENAWIN Co.,Ltd.",2026-03-31,2026-06-24,代表取締役社長執行役員 居 内 清 和,9,8.0,1.0,0.111,0.1111,9.0,0.0,47.0,12.6,5296000.0,0.0,0.636,,207189000.0,0,clean,
S100YII8,E36545,6228,listed,機械,株式会社ジェイ・イー・ティ,"J.E.T. Co., LTD.",2024-12-31,2025-03-27,代表取締役CEO 房野 正幸,10,10.0,,,,,,43.3,9.6,7270000.0,0.0179,0.543,,139000000.0,0,clean,
S100YIII,E04815,9753,listed,情報・通信業,アイエックス・ナレッジ株式会社,I X Knowledge Incorporated,2026-03-31,2026-06-24,代表取締役社長 犬飼 博文,11,10.0,1.0,0.091,0.0909,11.0,0.0,39.2,15.2,6088649.0,0.084,0.893,,180999000.0,0,clean,
S100YIIM,E04908,9616,listed,サービス業,株式会社共立メンテナンス,"KYORITSU MAINTENANCE CO.,LTD.",2026-03-31,2026-06-24,代表取締役社長 中村 幸治,16,14.0,2.0,0.125,0.125,16.0,0.0,38.1,6.1,5281524.0,0.201,0.515,,1208000000.0,4,clean,
S100YIIQ,E01620,6343,listed,機械,フリージア・マクロス株式会社,FREESIA MACROSS CORPORATION,2026-03-31,2026-06-24,代表取締役社長 奥山 一寸法師,8,8.0,,,,,,47.9,17.4,5539000.0,,,,18840000.0,0,clean,
S100YIIT,E00911,4625,listed,化学,アトミクス株式会社,"ATOMIX CO.,LTD.",2026-03-31,2026-06-24,代表取締役社長 宮里 勝之,8,7.0,1.0,0.125,0.125,8.0,0.0,44.6,20.5,5482000.0,0.0,,,67000000.0,0,clean,
S100YIIX,E04982,4671,listed,サービス業,株式会社ファルコホールディングス,"FALCO HOLDINGS Co., Ltd.",2026-03-31,2026-06-24,代表取締役社長 社長執行役員 安田 忠史,10,9.0,1.0,0.1,0.1,10.0,0.0,55.7,31.5,7529698.0,,,,311000000.0,0,clean,
S100YIJ8,E32420,3542,listed,小売業,株式会社ベガコーポレーション,"Vega corporation Co.,Ltd.",2026-03-31,2026-06-24,代表取締役社長 浮城 智和,6,6.0,,,,,,35.8,5.7,5709000.0,0.125,0.575,,145587000.0,0,clean,
S100YIJB,E02444,7874,listed,化学,レック株式会社,"LEC,INC.",2026-03-31,2026-06-24,代表取締役会長兼社長 青 木 光 男,12,11.0,1.0,0.08,0.0833,12.0,0.0,38.6,11.1,5685000.0,0.17,0.536,,502000000.0,2,clean,
S100YIK2,E00098,1926,listed,建設業,ライト工業株式会社,"RAITO KOGYO CO., LTD.",2026-03-31,2026-06-24,代表取締役社長 阿久津 和浩,19,16.0,3.0,0.15,0.1579,19.0,0.0,44.3,17.5,9401000.0,0.041,0.561,,401000000.0,0,clean,
S100YIKH,E00076,1946,listed,建設業,株式会社トーエネック,TOENEC CORPORATION,2026-03-31,2026-06-24,代表取締役社長 社長執行役員 滝 本 嗣 久,13,11.0,2.0,0.154,0.1538,13.0,0.0,41.77,19.45,7873224.0,0.031,0.7,,337000000.0,0,clean,
S100YIKI,E04657,,unlisted,サービス業,遠州開発株式会社,"Enshukaihatsu Co., Ltd.",2026-03-31,2026-06-24,取締役社長 斉藤 薫,0,,,,,,,,,,,,,,0,no_tagged_board,officers table is TextBlock only
S100YIKX,E02228,5970,listed,金属製品,株式会社ジーテクト,G-TEKT CORPORATION,2026-03-31,2026-06-24,代表取締役社長 社長執行役員 高尾 直宏,10,9.0,1.0,0.1,0.1,10.0,0.0,41.0,16.0,7089134.0,0.02,0.78,,289000000.0,1,clean,
S100YIKY,E04044,8999,listed,不動産業,グランディハウス株式会社,Grandy House Corporation,2026-03-31,2026-06-24,代表取締役社長 佐山 靖,9,8.0,1.0,0.111,0.1111,9.0,0.0,41.4,10.4,5739000.0,0.028,0.696,,313448000.0,0,clean,
S100YIL8,E39785,256A,listed,建設業,飛島ホールディングス株式会社,TOBISHIMA HOLDINGS Inc.,2026-03-31,2026-06-24,代表取締役社長 髙 橋 光 彦,8,5.0,3.0,0.375,0.375,8.0,0.0,45.6,18.5,8929211.0,0.029,0.652,,130000000.0,0,clean,
S100YILD,E00121,1826,listed,建設業,佐田建設株式会社,"Sata Construction Co., Ltd.",2026-03-31,2026-06-24,代表取締役社長 星野 克行,13,12.0,1.0,0.077,0.0769,13.0,0.0,45.1,21.5,6636000.0,0.019,0.731,,168000000.0,0,clean,
S100YILN,E00250,1799,listed,建設業,第一建設工業株式会社,DAIICHI KENSETSU CORPORATION,2026-03-31,2026-06-24,取締役社長 内田 海基夫,11,10.0,1.0,0.09,0.0909,11.0,0.0,39.1,14.1,8391111.0,0.005,0.705,,154113000.0,0,clean,
S100YILP,E21902,2269,listed,食料品,明治ホールディングス株式会社,"Meiji Holdings Co.,Ltd.",2026-03-31,2026-06-24,代表取締役 社長 CEO 松田 克也,13,10.0,3.0,0.231,0.2308,13.0,0.0,43.0,18.0,9380000.0,,,,459000000.0,2,clean,
S100YILW,E05579,2483,listed,サービス業,株式会社翻訳センター,HONYAKU Center Inc.,2026-03-31,2026-06-24,代表取締役社長 二宮 俊一郎,7,6.0,1.0,0.142,0.1429,7.0,0.0,42.7,10.0,5603259.0,0.492,0.784,,146673000.0,0,clean,
S100YIM9,E02574,8043,listed,卸売業,スターゼン株式会社,Starzen Company Limited,2026-03-31,2026-06-24,代表取締役社長 横 田 和 彦,13,12.0,1.0,0.076,0.0769,13.0,0.0,40.0,12.2,6876895.0,0.057,0.68,,349000000.0,0,clean,
S100YIMB,E01847,6864,listed,電気機器,株式会社エヌエフホールディングス,NF HOLDINGS CORPORATION,2026-03-31,2026-06-24,代表取締役社長 吉 沢 直 樹,10,10.0,0.0,0.0,0.0,10.0,0.0,44.9,6.6,6846355.0,,,,158197000.0,0,clean,
S100YIMF,E03144,9843,listed,小売業,株式会社ニトリホールディングス,"Nitori Holdings Co., Ltd.",2026-03-31,2026-06-24,代表取締役社長兼最高執行責任者(COO) 白井 俊之,9,7.0,2.0,0.222,0.2222,9.0,0.0,39.6,12.2,7456000.0,,,,255000000.0,0,clean,
S100YIML,E00759,4021,listed,化学,日産化学株式会社,Nissan Chemical Corporation,2026-03-31,2026-06-24,取締役社長 八木 晋介,14,11.0,3.0,0.214,0.2143,14.0,0.0,40.8,15.9,8707047.0,0.054,0.682,,559000000.0,2,clean,
S100YIN7,E02864,7537,listed,卸売業,丸文株式会社,MARUBUN CORPORATION,2026-03-31,2026-06-24,代表取締役社長 兼 CEO 堀越 裕史,9,8.0,1.0,0.11,0.1111,9.0,0.0,44.1,16.5,7873788.0,0.103,0.719,,221000000.0,0,clean,
S100YINW,E01081,5016,listed,非鉄金属,JX金属株式会社,JX Advanced Metals Corporation,2026-03-31,2026-06-24,代表取締役社長 林 陽一,11,9.0,2.0,0.182,0.1818,11.0,0.0,41.5,12.9,8308817.0,0.032,0.719,,567000000.0,2,clean,
S100YINX,E01131,5355,listed,ガラス・土石製品,日本坩堝株式会社,"Nippon Crucible Co., Ltd.",2026-03-31,2026-06-24,代表取締役社長 西村 有司,8,7.0,1.0,0.13,0.125,8.0,0.0,44.2,15.2,6811155.0,,,,114640000.0,0,clean,
S100YIO7,E01531,6222,listed,機械,株式会社島精機製作所,"SHIMA SEIKI MFG.,LTD.",2026-03-31,2026-06-24,代表取締役社長 島 三博,8,6.0,2.0,0.25,0.25,8.0,0.0,45.46,22.34,5984096.0,,0.592,,95000000.0,0,clean,
S100YIO8,E02572,8052,listed,卸売業,椿本興業株式会社,"TSUBAKIMOTO KOGYO CO.,LTD.",2026-03-31,2026-06-24,取締役社長 香 田 昌 司,11,10.0,1.0,0.091,0.0909,11.0,0.0,42.5,15.5,8076038.0,0.023,0.582,,338000000.0,0,clean,
S100YIOE,E37504,2998,listed,不動産業,クリアル株式会社,CREAL Inc.,2026-03-31,2026-06-24,代表取締役社長 執行役員 CEO 横田 大造,11,10.0,1.0,0.091,0.0909,11.0,0.0,38.0,2.2,8554000000.0,0.139,,,135237000.0,0,clean,
S100YIOW,E01045,4966,listed,化学,上村工業株式会社,"C.Uyemura &amp; Co.,Ltd.",2026-03-31,2026-06-24,代表取締役社長 上村 寛也,11,9.0,2.0,0.182,0.1818,11.0,0.0,41.3,15.3,8671762.0,0.078,0.768,,664000000.0,1,clean,
S100YIP0,E37165,2585,listed,食料品,株式会社ライフドリンク カンパニー,"LIFEDRINK COMPANY, INC.",2026-03-31,2026-06-24,代表取締役社長 岡野 邦昭,5,4.0,1.0,0.2,0.2,5.0,0.0,38.4,5.6,5093803.0,0.197,0.837,,98000000.0,0,clean,
S100YIP2,E38688,4894,listed,医薬品,クオリプス株式会社,Cuorips Inc.,2026-03-31,2026-06-24,代表取締役社長 草薙 尊之,9,9.0,,,,,,43.1,3.4,6218586.0,,,,192710000.0,0,clean,
S100YIP6,E01400,5976,listed,金属製品,高周波熱錬株式会社,"Neturen Co., Ltd.",2026-03-31,2026-06-24,代表取締役社長執行役員 大宮 克己,9,7.0,2.0,0.222,0.2222,9.0,0.0,41.1,14.3,6331000.0,0.029,0.774,,214000000.0,0,clean,
S100YIPC,E01112,5161,listed,ゴム製品,西川ゴム工業株式会社,"NISHIKAWA RUBBER CO.,LTD.",2026-03-31,2026-06-24,代表取締役社長 社長執行役員 小 川 秀 樹,8,7.0,1.0,0.13,0.125,8.0,0.0,45.3,20.7,6734000.0,0.036,0.613,,304000000.0,0,clean,
S100YIPK,E25648,2117,listed,食料品,ウェルネオシュガー株式会社,"WELLNEO SUGAR Co., Ltd.",2026-03-31,2026-06-24,代表取締役社長 山本 貢司,13,10.0,3.0,0.231,0.2308,13.0,0.0,42.3,17.8,7934417.0,0.086,0.782,,283000000.0,0,clean,
S100YIPO,E36432,,unlisted,電気・ガス業,東京電力リニューアブルパワー株式会社,"TEPCO Renewable Power, Incorporated",2026-03-31,2026-06-24,代表取締役社長 井上 慎介,0,,,,,,,,,,,,,,0,no_tagged_board,officers table is TextBlock only
S100YIPR,E00179,1867,listed,建設業,株式会社植木組,UEKI CORPORATION,2026-03-31,2026-06-24,取締役社長 日下部 久夫,8,7.0,1.0,0.125,0.125,8.0,0.0,44.4,18.6,7040681.0,0.02,0.563,,144932000.0,0,clean,
S100YIPZ,E32158,3467,listed,不動産業,アグレ都市デザイン株式会社,Agratio urban design Inc.,2026-03-31,2026-06-24,代表取締役社長 大林 竜一,6,4.0,2.0,0.333,0.3333,6.0,0.0,37.0,6.3,8216000.0,0.044,,,84347000.0,0,clean,
S100YIQ8,E01107,5189,listed,ゴム製品,櫻護謨株式会社,"SAKURA RUBBER CO., LTD.",2026-03-31,2026-06-24,取締役社長 中 村 浩 士,15,14.0,1.0,0.067,0.0667,15.0,0.0,41.0,16.5,6247000.0,0.059,0.764,,247487000.0,0,clean,
S100YIQF,E05440,2425,listed,サービス業,株式会社ケアサービス,"Care Service Co.,Ltd.",2026-03-31,2026-06-24,代表取締役社長 福原 俊晴,7,5.0,2.0,0.286,0.2857,7.0,0.0,41.9,8.0,4413060.0,0.212,0.957,,81900000.0,0,clean,
S100YIQG,E01786,6768,listed,電気機器,株式会社タムラ製作所,TAMURA CORPORATION,2026-03-31,2026-06-24,代表取締役社長 中村 充孝,7,5.0,2.0,0.286,0.2857,7.0,0.0,45.2,17.9,7580000.0,0.085,0.744,,204000000.0,0,clean,
S100YIQV,E39448,160A,listed,サービス業,株式会社アズパートナーズ,"As Partners CO.,LTD.",2026-03-31,2026-06-24,代表取締役社長 兼 CEO 植村 健志,9,6.0,3.0,0.33,0.3333,9.0,0.0,33.7,4.2,4556000.0,0.356,0.79,,98488000.0,0,clean,
S100YIQY,E03688,8511,listed,その他金融業,日本証券金融株式会社,"JAPAN SECURITIES FINANCE CO., LTD.",2026-03-31,2026-06-24,代表執行役社長 下山田 守邦,7,11.0,2.0,0.154,0.2857,13.0,6.0,44.05,19.97,10227913.0,0.055,0.598,,368026000.0,0,clean,
S100YIQZ,E37222,4265,listed,情報・通信業,Institution for a Global Society株式会社,Institution for a Global Society Corporation,2026-03-31,2026-06-24,代表取締役会長CEO 福原 正大,7,5.0,2.0,0.29,0.2857,7.0,0.0,41.4,4.5,6255000.0,0.5,,,65666000.0,0,clean,
S100YIRG,E03997,8897,listed,不動産業,MIRARTHホールディングス株式会社,"MIRARTH HOLDINGS, Inc.",2026-03-31,2026-06-24,代表取締役 グループCEO 社長執行役員 島田 和一,10,7.0,3.0,0.3,0.3,10.0,0.0,39.1,2.6,8311000.0,,,,260000000.0,1,clean,
S100YIRK,E01548,6245,listed,機械,株式会社ヒラノテクシード,"HIRANO TECSEED Co.,Ltd.",2026-03-31,2026-06-24,取締役社長 安 居 宗 則,10,8.0,2.0,0.2,0.2,10.0,0.0,39.3,14.4,6992422.0,0.048,0.758,,133852000.0,0,clean,
S100YIS2,E00543,3104,listed,繊維製品,富士紡ホールディングス株式会社,"Fujibo Holdings, Inc.",2026-03-31,2026-06-24,代表取締役社長 井上 雅偉,13,11.0,2.0,0.15,0.1538,13.0,0.0,40.9,13.7,7320030.0,0.174,0.759,,253000000.0,0,clean,
S100YISC,E04510,9513,listed,電気・ガス業,電源開発株式会社,"Electric Power Development Co., Ltd.",2026-03-31,2026-06-24,代表取締役社長 社長執行役員 加 藤 英 彰,14,13.0,1.0,0.071,0.0714,14.0,0.0,41.6,18.5,11883541.0,0.022,0.611,,658000000.0,0,clean,
S100YISS,E01607,6479,listed,電気機器,ミネベアミツミ株式会社,MINEBEA MITSUMI Inc.,2026-03-31,2026-06-24,代表取締役 会長 CEO貝沼 由久,15,12.0,3.0,0.2,0.2,15.0,0.0,45.0,15.9,7853000.0,0.041,0.78,,1078334000.0,3,clean,
S100YISU,E00573,3512,listed,繊維製品,日本フエルト株式会社,"NIPPON FELT CO.,LTD.",2025-03-31,2025-06-26,代表取締役社長 矢崎 荘太郎,9,9.0,,,,,,44.0,22.0,6646427.0,0.051,0.736,,241069000.0,0,clean,
S100YITC,E00055,1802,listed,建設業,株式会社大林組,OBAYASHI CORPORATION,2026-03-31,2026-06-24,代表取締役社長 兼 CEO 佐藤 俊美,14,12.0,2.0,0.143,0.1429,14.0,0.0,42.0,15.9,12393648.0,0.069,0.693,,824000000.0,3,clean,
S100YITF,E40432,336A,listed,情報・通信業,ダイナミックマッププラットフォーム株式会社,"Dynamic Map Platform Co., Ltd.",2026-03-31,2026-06-24,代表取締役社長CEO 吉村 修一,7,6.0,1.0,0.142,0.1429,7.0,0.0,42.3,2.9,9128000.0,,,,81000000.0,0,clean,
S100YITH,E02334,7717,listed,精密機器,株式会社ブイ・テクノロジー,"V Technology Co., Ltd.",2026-03-31,2026-06-24,代表取締役 杉本 重人,5,3.0,2.0,0.4,0.4,5.0,0.0,47.5,8.6,6724000.0,,,,228000000.0,1,clean,
S100YITQ,E00521,3010,listed,サービス業,ポラリス・ホールディングス株式会社,"Polaris Holdings Co., Ltd.",2026-03-31,2026-06-24,代表取締役社長 田口 洋平,11,10.0,1.0,0.091,0.0909,11.0,0.0,37.8,2.6,4077000.0,0.156,0.715,,86412000.0,0,clean,
S100YITS,E36190,4887,listed,医薬品,サワイグループホールディングス株式会社,"SAWAI GROUP HOLDINGS Co., Ltd.",2026-03-31,2026-06-24,代表取締役社長 グループCEO兼グループCOO 澤井 光郎,8,5.0,3.0,0.375,0.375,8.0,0.0,43.7,8.8,9377000.0,,,,164000000.0,0,clean,
S100YIUO,E23479,4926,listed,化学,株式会社シーボン,"C'BON COSMETICS Co.,Ltd.",2026-03-31,2026-06-24,代表取締役社長 執行役員 崎山 一弘,10,6.0,4.0,0.4,0.4,10.0,0.0,38.9,12.6,4474448.0,0.859,0.712,,121502000.0,0,clean,
S100YIV6,E04136,9012,listed,陸運業,秩父鉄道株式会社,"Chichibu Railway Co., Ltd.",2026-03-31,2026-06-24,代表取締役社長 牧野 英伸,10,10.0,,,,,,42.04,19.1,5164104.0,,0.595,,38745000.0,0,clean,
S100YIVA,E01229,5408,listed,鉄鋼,株式会社中山製鋼所,"Nakayama Steel Works, Ltd.",2026-03-31,2026-06-24,代表取締役社長 内 藤 伸 彦,11,10.0,1.0,0.091,0.0909,11.0,0.0,43.9,18.8,7396000.0,0.04,0.816,,228000000.0,0,clean,
S100YIVE,E01547,6342,listed,機械,株式会社太平製作所,"Taihei Machinery Works, Limited",2026-03-31,2026-06-24,代表取締役社長 尾関 修康,8,7.0,1.0,0.125,0.125,8.0,0.0,38.4,13.8,5645000.0,,,,129658000.0,0,clean,
S100YIVJ,E01693,6485,listed,機械,前澤給装工業株式会社,"MAEZAWA KYUSO INDUSTRIES CO.,LTD.",2026-03-31,2026-06-24,代表取締役社長 杉本 博司,8,7.0,1.0,0.13,0.125,8.0,0.0,42.1,17.3,6538481.0,0.046,0.667,,177000000.0,0,clean,
S100YIVN,E01759,6651,listed,電気機器,日東工業株式会社,NITTO KOGYO CORPORATION,2026-03-31,2026-06-24,取締役社長 黒 野 透,12,10.0,2.0,0.17,0.1667,12.0,0.0,40.1,15.0,7205082.0,0.037,0.748,,407000000.0,0,clean,
S100YIVY,E21815,9385,listed,化学,株式会社ショーエイコーポレーション,SHOEI CORPORATION,2026-03-31,2026-06-24,代表取締役社長 芝原 英司,9,7.0,2.0,0.22,0.2222,9.0,0.0,44.0,11.8,5975334.0,0.049,0.45,,127680000.0,0,clean,
S100YIW1,E00026,5729,listed,非鉄金属,日本精鉱株式会社,"NIHON SEIKO CO.,LTD.",2026-03-31,2026-06-24,代表取締役社長 植田 憲高,10,9.0,1.0,0.1,0.1,10.0,0.0,44.5,16.8,7922245.0,0.071,0.782,,226529000.0,0,clean,
S100YIWC,E02387,7284,listed,輸送用機器,盟和産業株式会社,"MEIWA INDUSTRY CO.,LTD.",2026-03-31,2026-06-24,代表取締役社長 飯塚 清,9,8.0,1.0,0.111,0.1111,9.0,0.0,44.7,21.2,6639976.0,0.063,0.733,,132500000.0,0,clean,
S100YIXB,E00573,3512,listed,繊維製品,日本フエルト株式会社,"NIPPON FELT CO.,LTD.",2026-03-31,2026-06-24,代表取締役社長 矢崎 荘太郎,10,9.0,1.0,0.1,0.1,10.0,0.0,44.0,21.0,6567481.0,0.041,0.711,,243801000.0,0,clean,
S100YIXJ,E05107,4771,listed,サービス業,株式会社エフアンドエム,"F&amp;M CO.,LTD.",2026-03-31,2026-06-24,代表取締役社長 森中 一郎,10,9.0,1.0,0.1,0.1,10.0,0.0,37.3,7.3,7993678.0,0.234,0.621,,122532000.0,0,clean,
S100YIXL,E04334,9075,listed,陸運業,福山通運株式会社,"FUKUYAMA TRANSPORTING CO., LTD.",2026-03-31,2026-06-24,代表取締役 社長執行役員 熊 野 弘 幸,0,9.0,4.0,0.308,,13.0,,45.9,15.6,5166000.0,0.035,0.562,,231000000.0,0,no_tagged_board,officers table is TextBlock only
S100YIXP,E02683,8023,listed,卸売業,DAIKO XTECH株式会社,"DAIKO XTECH, Ltd.",2026-03-31,2026-06-24,代表取締役社長CEO 松山 晃一郎,11,9.0,2.0,0.182,0.1818,11.0,0.0,44.0,17.0,7565324.0,0.084,0.769,,217967000.0,0,clean,
S100YIXT,E03227,9994,listed,小売業,株式会社やまや,YAMAYA CORPORATION,2026-03-31,2026-06-24,代表取締役会長 山内 英靖,10,8.0,2.0,0.2,0.2,10.0,0.0,35.2,12.0,5514476.0,0.152,0.471,,180000000.0,0,clean,
S100YIY2,E01008,4212,listed,化学,積水樹脂株式会社,Sekisui Jushi Corporation,2026-03-31,2026-06-24,代表取締役社長 兼 CEO 馬場 浩志,12,10.0,2.0,0.167,0.1667,12.0,0.0,44.0,17.4,6479323.0,0.022,0.657,,221000000.0,0,clean,
S100YIY6,E02714,9856,listed,小売業,株式会社ケーユーホールディングス,"KU HOLDINGS CO., LTD.",2026-03-31,2026-06-24,代表取締役社長 板東 徹行,8,8.0,,,,,,40.7,11.1,5201000.0,,,,513000000.0,2,clean,
S100YIYA,E01143,5268,listed,ガラス・土石製品,旭コンクリート工業株式会社,"Asahi Concrete Works Co., Ltd.",2026-03-31,2026-06-24,代表取締役社長 狩 野 堅 太 郎,14,13.0,1.0,0.071,0.0714,14.0,0.0,48.2,18.2,5491000.0,0.064,,,151585000.0,0,clean,
S100YIYI,E01813,6776,listed,化学,天昇電気工業株式会社,"Tensho Electric Industries Co., Ltd.",2026-03-31,2026-06-24,代表取締役社長 藤 本 健 介,10,10.0,,,,,,40.2,11.4,4110000.0,,0.685,,66000000.0,0,clean,
S100YIYU,E31958,6185,listed,サービス業,SMN株式会社,SMN Corporation,2026-03-31,2026-06-24,代表取締役 執行役員社長 原山 直樹,6,6.0,,,,,,37.0,5.8,6524000.0,0.108,0.778,,89783000.0,0,clean,
S100YJ02,E05682,3845,listed,情報・通信業,株式会社アイフリークモバイル,I-FREEK MOBILE INC.,2026-03-31,2026-06-24,代表取締役社長 吉田 邦臣,7,6.0,1.0,0.143,0.1429,7.0,0.0,31.9,5.0,3670000.0,0.333,0.817,,38190000.0,0,clean,
S100YJ07,E04887,9644,listed,サービス業,株式会社タナベコンサルティンググループ,"TANABE CONSULTING GROUP CO.,LTD.",2026-03-31,2026-06-24,代表取締役社長 若松 孝彦,10,8.0,2.0,0.2,0.2,10.0,0.0,39.3,8.0,7505069.0,,,,290141000.0,0,clean,
S100YJ0B,E03225,9990,listed,小売業,株式会社サックスバー ホールディングス,SAC'S BAR HOLDINGS INC.,2026-03-31,2026-06-24,代表取締役社長執行役員 木 山 剛 史,9,9.0,,,,,,50.9,18.9,6877000.0,,,,114000000.0,0,clean,
S100YJ0H,E03421,2790,listed,小売業,株式会社ナフコ,"NAFCO Co., Ltd.",2026-03-31,2026-06-24,代表取締役社長 石田 卓巳,18,16.0,2.0,0.111,0.1111,18.0,0.0,41.7,19.1,6134158.0,0.016,0.612,,371000000.0,1,clean,
S100YJ0X,E01628,6246,listed,機械,株式会社テクノスマート,Techno Smart Corp.,2026-03-31,2026-06-24,代表取締役社長 飯田 陽弘,8,7.0,1.0,0.125,0.125,8.0,0.0,42.0,18.0,8162275.0,0.0,,,213019000.0,0,clean,
S100YJ0Y,E27260,3182,listed,サービス業,オイシックス・ラ・大地株式会社,Oisix ra daichi Inc.,2026-03-31,2026-06-24,代表取締役社長 髙島 宏平,13,9.0,4.0,0.308,0.3077,13.0,0.0,41.1,10.0,6937000.0,0.301,0.65,,250000000.0,0,clean,
S100YJ15,E00832,4620,listed,化学,藤倉化成株式会社,"FUJIKURA KASEI CO.,LTD.",2026-03-31,2026-06-24,代表取締役社長 栗原 進,14,12.0,2.0,0.1429,0.1429,14.0,0.0,42.4,17.5,6920841.0,0.057,0.752,,257000000.0,0,clean,
S100YJ18,E35948,285A,listed,電気機器,キオクシアホールディングス株式会社,Kioxia Holdings Corporation,2026-03-31,2026-06-24,代表取締役 早坂 伸夫,9,9.0,,,,,,46.2,13.9,13066018.0,,,,4740000000.0,2,clean,
S100YJ1T,E02708,9845,listed,化学,株式会社パーカーコーポレーション,PARKER CORPORATION,2026-03-31,2026-06-24,代表取締役社長 里見 嘉重,9,9.0,,,,,,41.01,16.05,8057877.0,0.0,0.692,,167000000.0,0,clean,
S100YJ24,E00069,1811,listed,建設業,株式会社錢高組,THE ZENITAKA CORPORATION,2026-03-31,2026-06-24,代表取締役社長 銭高 久善,11,11.0,,,,,,40.0,13.9,9453434.0,0.015,0.564,,260000000.0,0,clean,
S100YJ27,E02779,9986,listed,卸売業,蔵王産業株式会社,"ZAOH COMPANY, LTD.",2026-03-31,2026-06-24,代表取締役社長 沓澤 孝則,9,8.0,1.0,0.11,0.1111,9.0,0.0,43.8,13.6,6073000.0,,,,120362000.0,0,clean,
S100YJ2N,E00386,2221,listed,食料品,岩塚製菓株式会社,"IWATSUKA CONFECTIONERY CO.,LTD.",2026-03-31,2026-06-24,代表取締役社長 COO 槇 大介,9,9.0,,,,,,43.7,16.9,5232404.0,0.049,0.735,,160468000.0,0,clean,
S100YJ2P,E35797,9223,listed,サービス業,株式会社ASNOVA,"ASNOVA Co.,Ltd.",2026-03-31,2026-06-24,代表取締役社長 上田 桂司,7,7.0,,,,,,39.0,4.6,4809000.0,0.054,0.74,,69480000.0,0,clean,
S100YJ31,E39283,,unlisted,化学,JSR株式会社,JSR Corporation,2026-03-31,2026-06-24,代表取締役兼CEO兼社長執行役員 堀 哲朗,0,,,,,,,,,,,,,,0,no_tagged_board,officers table is TextBlock only
S100YJ3O,E01667,6349,listed,機械,株式会社小森コーポレーション,KOMORI CORPORATION,2026-03-31,2026-06-16,代表取締役社長 持田 訓,10,8.0,2.0,0.2,0.2,10.0,0.0,42.93,17.95,7406383.0,0.023,0.757,,308000000.0,0,clean,
S100YJ3Z,E01811,6772,listed,電気機器,東京コスモス電機株式会社,"Tokyo Cosmos Electric Co., Ltd.",2026-03-31,2026-06-24,代表取締役社長 若林 勇人,9,9.0,1.0,0.1,0.1111,10.0,1.0,40.88,11.34,6411044.0,0.031,0.682,,143307000.0,0,clean,
S100YJ4A,E02732,9896,listed,卸売業,JKホールディングス株式会社,"JK Holdings Co., Ltd.",2026-03-31,2026-06-24,代表取締役社長 青木 慶一郎,10,9.0,1.0,0.1,0.1,10.0,0.0,41.0,14.0,6812349.0,0.043,0.633,,186000000.0,0,clean,
S100YJ53,E01538,6334,listed,機械,明治機械株式会社,"Meiji Machine Co., Ltd.",2026-03-31,2026-06-24,代表取締役社長 日根 年治,6,4.0,2.0,0.33,0.3333,6.0,0.0,44.2,12.1,5667000.0,0.096,0.785,,78057000.0,0,clean,
S100YJ5D,E02724,9880,listed,電気機器,イノテック株式会社,INNOTECH CORPORATION,2026-03-31,2026-06-24,代表取締役 社長執行役員 大塚 信行,5,4.0,1.0,0.2,0.2,5.0,0.0,43.6,14.9,8410465.0,0.054,0.725,,188212000.0,0,clean,
S100YJ5I,E03858,8803,listed,不動産業,平和不動産株式会社,"HEIWA REAL ESTATE CO.,LTD.",2026-03-31,2026-06-24,代表執行役社長 土本 清幸,9,9.0,2.0,0.182,0.2222,11.0,2.0,42.1,14.7,12253000.0,0.167,,,474000000.0,1,clean,
S100YJ5L,E40985,429A,listed,精密機器,テクセンドフォトマスク株式会社,Tekscend Photomask Corp.,2026-03-31,2026-06-24,代表取締役 社長執行役員 CEO 二ノ宮 照雄,11,9.0,2.0,0.182,0.1818,11.0,0.0,43.5,3.3,8070000.0,0.084,0.801,,439000000.0,1,clean,
S100YJ5M,E03229,9997,listed,小売業,株式会社ベルーナ,"BELLUNA CO.,LTD.",2026-03-31,2026-06-24,代表取締役社長 安野 清,8,6.0,2.0,0.25,0.25,8.0,0.0,36.5,12.3,5490000.0,0.132,0.595,,105000000.0,0,clean,
S100YJ6A,E01873,6724,listed,電気機器,セイコーエプソン株式会社,SEIKO EPSON CORPORATION,2026-03-31,2026-06-24,代表取締役社長 吉田 潤吉,11,9.0,2.0,0.182,0.1818,11.0,0.0,42.9,18.1,8087000.0,0.059,0.784,,414000000.0,0,clean,
S100YJ6N,E00023,5713,listed,非鉄金属,住友金属鉱山株式会社,"Sumitomo Metal Mining Co., Ltd.",2026-03-31,2026-06-24,代表取締役社長 松本 伸弘,12,10.0,2.0,0.167,0.1667,12.0,0.0,40.8,16.8,8054000.0,0.031,0.68,,562000000.0,2,clean,
S100YJ6W,E38491,5258,listed,情報・通信業,株式会社トランザクション・メディア・ネットワークス,Transaction Media Networks Inc.,2026-03-31,2026-06-24,代表取締役社長 大高 敦,9,8.0,1.0,0.111,0.1111,9.0,0.0,41.4,5.5,7390000.0,5.9,0.703,,118052000.0,0,clean,
S100YJ71,E03164,9887,listed,小売業,株式会社松屋フーズホールディングス,"MATSUYA FOODS HOLDINGS CO., LTD.",2026-03-31,2026-06-24,代表取締役社長 瓦葺 一利,8,7.0,1.0,0.125,0.125,8.0,0.0,48.5,18.5,7075248.0,0.14,0.725,,205029000.0,0,clean,
S100YJ78,E01704,6307,listed,機械,サンセイ株式会社,"SANSEI CO.,LTD.",2026-03-31,2026-06-24,代表取締役社長 小嶋 敦,8,8.0,,,,,,41.5,13.9,6714369.0,,,,126100000.0,0,clean,
S100YJ7H,E01928,6926,listed,電気機器,岡谷電機産業株式会社,"OKAYA ELECTRIC INDUSTRIES CO.,LTD.",2026-03-31,2026-06-24,代表取締役 社長執行役員 高屋舗 明,8,8.0,,,,,,44.9,16.9,5369000.0,,,,111172000.0,0,clean,
S100YJ7S,E02602,8066,listed,卸売業,三谷商事株式会社,MITANI CORPORATION,2026-03-31,2026-06-24,代表取締役社長 三 谷 聡,8,7.0,1.0,0.13,0.125,8.0,0.0,41.2,16.3,9229000.0,0.018,0.528,,310000000.0,0,clean,
S100YJ84,E02093,6666,listed,電気機器,リバーエレテック株式会社,RIVER ELETEC CORPORATION,2026-03-31,2026-06-24,代表取締役社長 萩原 義久,9,9.0,0.0,,0.0,9.0,0.0,41.4,15.5,5695269.0,,,,134432000.0,0,clean,
S100YJ8W,E02377,7991,listed,機械,マミヤ・オーピー株式会社,"MAMIYA-OP CO., LTD.",2026-03-31,2026-06-24,代表取締役社長 関口 正夫,9,9.0,,,,,,42.9,14.1,6665060.0,0.029,0.652,,107000000.0,0,clean,
S100YJ9I,E04476,9445,listed,情報・通信業,株式会社フォーバルテレコム,"FORVAL TELECOM,INC.",2026-03-31,2026-06-24,代表取締役社長 行 辰哉,7,6.0,1.0,0.143,0.1429,7.0,0.0,39.1,7.0,6637912.0,0.162,0.744,,164601000.0,0,clean,
S100YJAF,E02428,7902,listed,その他製品,株式会社ソノコム,"SONOCOM CO.,LTD.",2026-03-31,2026-06-24,代表取締役社長 髙木 清啓,8,8.0,,,,,,41.0,17.6,5453219.0,,0.622,,95683000.0,0,clean,
S100YJBF,E03120,8218,listed,小売業,株式会社コメリ,"KOMERI CO.,LTD.",2026-03-31,2026-06-24,代表取締役社長 捧 雄一郎,11,8.0,3.0,0.27,0.2727,11.0,0.0,38.9,13.0,4901289.0,0.223,0.502,,196000000.0,0,clean,
S100YJBK,E00092,1945,listed,建設業,株式会社東京エネシス,TOKYO ENERGY &amp; SYSTEMS INC.,2026-03-31,2026-06-24,代表取締役社長 社長執行役員 眞島 俊昭,10,7.0,3.0,0.3,0.3,10.0,0.0,46.6,19.0,7905527.0,0.026,0.731,,212000000.0,0,clean,
S100YJBN,E01230,7231,listed,輸送用機器,トピー工業株式会社,"TOPY INDUSTRIES, LIMITED",2026-03-31,2026-06-24,代表取締役社長 石井 博美,12,11.0,1.0,0.083,0.0833,12.0,0.0,41.7,17.5,7215802.0,0.043,0.77,,345000000.0,0,clean,
S100YJBO,E37221,9256,listed,サービス業,株式会社サクシード,"Succeed co.,ltd.",2026-03-31,2026-06-24,代表取締役社長 高木 毅,9,9.0,,,,,,33.7,5.2,4841000.0,,0.873,,86505000.0,0,clean,
S100YJC3,E32620,3962,listed,情報・通信業,株式会社チェンジホールディングス,"CHANGE Holdings,Inc.",2026-03-31,2026-06-24,代表取締役兼執行役員社長 福留 大士,8,7.0,1.0,0.125,0.125,8.0,0.0,41.6,4.1,11062000.0,,,,172000000.0,0,clean,
S100YJCA,E35308,4483,listed,情報・通信業,株式会社JMDC,JMDC Inc.,2026-03-31,2026-06-24,代表取締役社長 兼 CEO 野口 亮,9,7.0,2.0,0.222,0.2222,9.0,0.0,39.4,4.5,8227757.0,0.156,0.683,,126000000.0,0,clean,
S100YJCY,E00910,4624,listed,化学,イサム塗料株式会社,"Isamu Paint Co., Ltd.",2026-03-31,2026-06-24,代表取締役社長 北村 倍章,6,6.0,,,,,,43.4,17.2,6737000.0,,,,41595000.0,0,clean,
S100YJDD,E04382,9407,listed,情報・通信業,株式会社RKB毎日ホールディングス,RKB MAINICHI HOLDINGS CORPORATION,2026-03-31,2026-06-24,代表取締役社長 佐藤 泉,16,16.0,,,,,,47.8,21.5,12305000.0,0.143,1.006,,218000000.0,0,clean,
S100YJDM,E01094,5121,listed,ゴム製品,藤倉コンポジット株式会社,FUJIKURA COMPOSITES Inc.,2026-03-31,2026-06-24,代表取締役社長執行役員 森田 健司,8,6.0,2.0,0.25,0.25,8.0,0.0,42.1,15.6,5679960.0,0.02,0.651,,199422000.0,0,clean,
S100YJDW,E01939,6806,listed,電気機器,ヒロセ電機株式会社,"HIROSE ELECTRIC CO., LTD.",2026-03-31,2026-06-24,代表取締役社長 鎌形 伸,15,13.0,2.0,0.13,0.1333,15.0,0.0,40.7,13.1,8474000.0,0.019,0.526,,415000000.0,2,clean,
S100YJEE,E00167,1807,listed,建設業,株式会社佐藤渡辺,"WATANABE SATO CO., LTD.",2026-03-31,2026-06-24,代表取締役社長 鎌 田 修 治,9,7.0,2.0,0.22,0.2222,9.0,0.0,44.2,19.3,7089637.0,0.043,0.658,,120000000.0,0,clean,
S100YJEG,E04351,,unlisted,不動産業,関西国際空港土地保有株式会社,"KANSAI INTERNATIONAL AIRPORTLAND COMPANY,LTD.",2026-03-31,2026-06-24,代表取締役社長 保田 亨,0,,,,,,,,,,,,,,0,no_tagged_board,officers table is TextBlock only
S100YJEX,E37831,7111,listed,卸売業,INEST株式会社,"INEST, Inc.",2026-03-31,2026-06-24,代表取締役社長 坂本 幸司,8,8.0,0.0,0.0,0.0,8.0,0.0,35.1,3.85,5547000.0,,,,117000000.0,0,clean,
S100YJF1,E03967,8869,listed,不動産業,明和地所株式会社,Meiwa Estate Company Limited,2026-03-31,2026-06-24,代表取締役社長 原田 英明,15,15.0,,,,,,35.8,7.3,7300000.0,0.064,0.675,,603000000.0,1,clean,
S100YJFL,E01590,6436,listed,機械,アマノ株式会社,Amano Corporation,2026-03-31,2026-06-24,代表取締役社長 山 﨑 学,12,9.0,3.0,0.25,0.25,12.0,0.0,44.3,18.8,7636000.0,0.058,0.725,,533000000.0,2,clean,
S100YJGF,E40432,336A,listed,情報・通信業,ダイナミックマッププラットフォーム株式会社,"Dynamic Map Platform Co., Ltd.",2026-03-31,2026-06-24,代表取締役社長CEO 吉村 修一,7,6.0,1.0,0.142,0.1429,7.0,0.0,42.3,2.9,9128000.0,,,,81000000.0,0,clean,
S100YJGG,E36545,6228,listed,機械,株式会社ジェイ・イー・ティ,"J.E.T. Co., LTD.",2025-12-31,2026-05-29,代表取締役専務 平井 洋行,10,10.0,,,,,,43.4,9.9,6980000.0,0.02,0.616,,120000000.0,0,clean,
S100YJGW,E33247,6549,listed,サービス業,ディーエムソリューションズ株式会社,"DM Solutions Co.,Ltd",2026-03-31,2026-06-24,代表取締役社長 花矢 卓司,9,9.0,,,,,,35.1,6.2,4927770.0,0.131,0.665,,110400000.0,0,clean,
S100YJGX,E03289,4558,listed,医薬品,株式会社中京医薬品,"CHUKYOIYAKUHIN CO.,LTD.",2026-03-31,2026-06-24,代表取締役社長 米津 秀二,9,8.0,1.0,0.111,0.1111,9.0,0.0,43.7,14.2,5265877.0,0.161,0.572,,116801000.0,0,clean,
S100YJH7,E01947,6810,listed,電気機器,マクセル株式会社,"Maxell, Ltd.",2026-03-31,2026-06-24,取締役社長 中村 啓次,7,6.0,1.0,0.143,0.1429,7.0,0.0,44.61,18.82,7696374.0,0.058,0.724,,183000000.0,0,clean,
S100YJHR,E01177,5342,listed,ガラス・土石製品,ジャニス工業株式会社,Janis Ltd.,2026-03-31,2026-06-24,代表取締役社長 冨 本 和 伸,6,6.0,,,,,,41.7,17.3,4494000.0,0.0,0.7878,,57640000.0,0,clean,
S100YJHT,E05645,3825,listed,情報・通信業,株式会社リミックスポイント,"Remixpoint,inc.",2026-03-31,2026-06-24,代表取締役社長CEO 高橋 由彦,8,8.0,0.0,0.0,0.0,8.0,0.0,37.2,4.0,5557000.0,0.364,0.681,,35000000.0,0,clean,
S100YJHZ,E27012,,unlisted,倉庫・運輸関連,新関西国際空港株式会社,"NEW KANSAI INTERNATIONALAIRPORT COMPANY,LTD.",2026-03-31,2026-06-24,代表取締役社長 保田 亨,0,,,,,,,,,,,,,,0,no_tagged_board,officers table is TextBlock only
S100YJII,E04113,,unlisted,陸運業,静岡鉄道株式会社,"Shizuoka Railway Co.,LTD.",2026-03-31,2026-06-24,代表取締役社長 川 井 敏 行,0,15.0,1.0,0.063,,16.0,,,,,,,,,0,no_tagged_board,officers table is TextBlock only
S100YJIM,E01797,6794,listed,電気機器,フォスター電機株式会社,"Foster Electric Company, Limited",2026-03-31,2026-06-24,代表取締役社長CEO 岸 和宏,12,8.0,4.0,0.33,0.3333,12.0,0.0,43.3,14.2,7438263.0,0.14,0.832,,394000000.0,0,clean,
S100YJIY,E02547,3023,listed,卸売業,ラサ商事株式会社,Rasa Corporation,2026-03-31,2026-06-24,代表取締役社長 青 井 邦 夫,12,10.0,2.0,0.167,0.1667,12.0,0.0,44.4,13.1,8764121.0,0.154,0.718,,341000000.0,0,clean,
S100YJJR,E03932,,unlisted,不動産業,株式会社鹿児島県プロパンガス会館,"Kagoshima Prefecture Propane Gas Building Co.,Ltd.",2026-03-31,2026-06-24,代表取締役社長 岡 恒憲,0,,,,,,,,,,,,,,0,no_tagged_board,officers table is TextBlock only
S100YJJW,E01378,5981,listed,金属製品,東京製綱株式会社,"TOKYO ROPE MFG. CO., LTD.",2026-03-31,2026-06-24,代表取締役社長 原 田 英 幸,14,12.0,2.0,0.143,0.1429,14.0,0.0,43.4,15.5,6824297.0,0.034,0.744,,215000000.0,0,clean,
S100YJLC,E01874,6675,listed,電気機器,サクサ株式会社,"SAXA, Inc.",2026-03-31,2026-06-24,代表取締役社長 齋 藤 政 利,11,9.0,2.0,0.182,0.1818,11.0,0.0,43.2,15.2,7748000.0,0.027,0.702,,197000000.0,0,clean,
S100YJLO,E33790,7090,listed,サービス業,株式会社リグア,Ligua Inc.,2026-03-31,2026-06-24,代表取締役社長 川瀨 紀彦,9,9.0,,,,,,36.1,6.8,5223000.0,,,,148630000.0,0,clean,
S100YJM4,E01088,5103,listed,ゴム製品,昭和ホールディングス株式会社,"Showa Holdings Co., Ltd.",2026-03-31,2026-06-24,代表取締役社長兼最高経営責任者 此 下 竜 矢,9,9.0,0.0,0.0,0.0,9.0,0.0,57.0,9.0,14000000.0,,,,27400000.0,0,clean,
S100YJME,E01172,4990,listed,化学,昭和化学工業株式会社,"Showa Chemical Industry Co.,Ltd.",2026-03-31,2026-06-24,代表取締役社長 石橋 健藏,6,6.0,0.0,0.0,0.0,6.0,0.0,47.9,19.4,5614135.0,0.049,,,128000000.0,0,clean,
S100YJMR,E05238,8898,listed,不動産業,株式会社センチュリー21・ジャパン,CENTURY 21 REAL ESTATE OF JAPAN LTD.,2026-03-31,2026-06-24,代表取締役社長 高 坂 勇 介,9,9.0,,,,,,49.4,11.6,8066000.0,,,,83686000.0,0,clean,
S100YJMS,E26454,6059,listed,サービス業,株式会社ウチヤマホールディングス,"UCHIYAMA HOLDINGS Co.,Ltd.",2026-03-31,2026-06-24,代表取締役社長 山本 武博,8,8.0,,,,,,47.6,14.7,4477000.0,0.143,0.782,,137361000.0,0,clean,
S100YJMT,E04034,8938,listed,不動産業,グローム・ホールディングス株式会社,"GLOME Holdings, Inc.",2026-03-31,2026-06-24,代表取締役社長 菅原 正純,7,5.0,2.0,0.285,0.2857,7.0,0.0,48.6,4.4,6794307.0,0.125,0.414,,73000000.0,0,clean,
S100YJNJ,E38474,5252,listed,情報・通信業,日本ナレッジ株式会社,"Nihon Knowledge Co.,Ltd.",2026-03-31,2026-06-24,代表取締役社長 藤井 洋一,9,8.0,1.0,0.111,0.1111,9.0,0.0,36.9,6.0,4237000.0,0.057,0.904,,83495000.0,0,clean,
S100YJNO,E33345,6695,listed,電気機器,株式会社キャストリコ,"Castrico Co., Ltd.",2026-03-31,2026-06-24,代表取締役社長 佐川 達也,0,,,,,,,,,,,,,,0,no_tagged_board,officers table is TextBlock only
S100YJOL,E32794,3979,listed,情報・通信業,株式会社うるる,"ULURU.CO.,LTD.",2026-03-31,2026-06-24,代表取締役社長CEO 星 知也,7,6.0,1.0,0.14,0.1429,7.0,0.0,34.6,4.3,6690466.0,0.188,0.713,,132850000.0,0,clean,
S100YJOM,E34318,4598,listed,医薬品,Delta-Fly Pharma 株式会社,"Delta-Fly Pharma, Inc.",2026-03-31,2026-06-24,代表取締役社長 江島 淸,9,9.0,,,,,,51.9,9.6,5948000.0,,,,73800000.0,0,clean,
S100YJON,E34754,4436,listed,情報・通信業,株式会社ミンカブ・ジ・インフォノイド,"MINKABU THE INFONOID, Inc.",2026-03-31,2026-06-24,代表取締役社長 伴 将行,5,4.0,1.0,0.2,0.2,5.0,0.0,36.2,7.3,6283963.0,0.303,0.898,,81237000.0,0,clean,
S100YJPB,E03147,9853,listed,小売業,株式会社銀座ルノアール,"GINZA RENOIR CO.,LTD",2026-03-31,2026-06-24,代表取締役社長 岡崎 裕成,9,8.0,1.0,0.111,0.1111,9.0,0.0,42.0,13.0,5421073.0,0.106,0.659,,118495000.0,0,clean,
S100YJPC,E35153,2980,listed,不動産業,SREホールディングス株式会社,SRE Holdings Corporation,2026-03-31,2026-06-24,代表取締役 社長 兼 CEO 西山 和良,5,4.0,1.0,0.2,0.2,5.0,0.0,35.6,2.6,7371000.0,0.065,0.681,,148815000.0,1,clean,
S100YJPK,E02006,6420,listed,機械,ガリレイ株式会社,GALILEI CO. LTD.,2026-03-31,2026-06-24,代表取締役社長 福 島 豪,8,7.0,1.0,0.125,0.125,8.0,0.0,37.0,9.0,5913889.0,0.286,0.832,,343000000.0,1,clean,
S100YJPY,E01222,5288,listed,ガラス・土石製品,アジアパイルホールディングス株式会社,ASIA PILE HOLDINGS CORPORATION,2026-03-31,2026-06-24,代表取締役社長最高執行役員 黒瀬 修介,14,12.0,2.0,0.143,0.1429,14.0,0.0,50.9,18.0,10265000.0,,,,173000000.0,0,clean,
S100YJQ6,E03770,8699,listed,証券、商品先物取引業,HSホールディングス株式会社,"HS Holdings Co., Ltd.",2026-03-31,2026-06-24,代表取締役社長 原 田 泰 成,9,8.0,1.0,0.111,0.1111,9.0,0.0,49.0,12.2,7674061.0,,,,118000000.0,0,clean,
S100YJQO,E03606,8306,listed,銀行業,株式会社三菱UFJフィナンシャル・グループ,"Mitsubishi UFJ Financial Group, Inc.",2026-03-31,2026-06-24,代表執行役社長 半 沢 淳 一,16,27.0,5.0,0.156,0.3125,32.0,16.0,40.3,13.5,11702000.0,,,,3758000000.0,18,clean,
S100YJR8,E38082,9204,listed,空運業,スカイマーク株式会社,Skymark Airlines Inc.,2026-03-31,2026-06-24,代表取締役社長執行役員 本橋 学,13,12.0,1.0,0.077,0.0769,13.0,0.0,36.5,9.0,5932000.0,0.237,0.482,,246000000.0,0,clean,
S100YJSZ,E03533,,unlisted,銀行業,株式会社三菱UFJ銀行,"MUFG Bank, Ltd.",2026-03-31,2026-06-24,取締役頭取執行役員 大澤 正和,0,,,,,,,,,,,,,1897000000.0,0,no_tagged_board,officers table is TextBlock only
S100YJTJ,E03213,9969,listed,小売業,株式会社ショクブン,"SHOKUBUN CO., LTD.",2026-03-31,2026-06-24,代表取締役社長 三 枝 俊 幸,7,6.0,1.0,0.143,0.1429,7.0,0.0,50.5,13.1,3671000.0,0.243,0.699,,43485000.0,0,clean,
S100YJU0,E00168,1982,listed,建設業,日比谷総合設備株式会社,"Hibiya Engineering,Ltd.",2026-03-31,2026-06-24,代表取締役社長 中 北 英 孝,13,11.0,2.0,0.154,0.1538,13.0,0.0,45.1,18.4,11827490.0,0.058,0.676,,293000000.0,0,clean,
S100YJUL,E02747,9906,listed,卸売業,藤井産業株式会社,Fujii Sangyo Corporation,2026-03-31,2026-06-24,代表取締役社長 藤 井 昌 一,9,8.0,1.0,0.1111,0.1111,9.0,0.0,40.2,13.9,6900000.0,0.018,0.546,,319000000.0,0,clean,
S100YJUW,E41488,520A,listed,医薬品,ジェイファーマ株式会社,"J-Pharma Co.,Ltd.",2026-03-31,2026-06-24,代表取締役社長 吉武 益広,6,6.0,,0.0,,,,52.5,2.2,11217000.0,,,,359360000.0,2,clean,
S100YJVB,E33616,9268,listed,卸売業,株式会社オプティマスグループ,OPTIMUS GROUP COMPANY LIMITED,2026-03-31,2026-06-24,代表取締役社長 山中 信哉,9,8.0,1.0,0.11,0.1111,9.0,0.0,50.63,4.85,10545959.0,0.278,,,290000000.0,0,clean,
S100YJVF,E37709,7794,listed,その他製品,株式会社イーディーピー,EDP Corporation,2026-03-31,2026-06-24,代表取締役社長 藤森 直治,8,7.0,1.0,0.125,0.125,8.0,0.0,48.4,5.0,4865000.0,,,,92568000.0,0,clean,
S100YJVR,E37169,4256,listed,サービス業,株式会社サインド,"CYND Co., Ltd.",2026-03-31,2026-06-24,代表取締役社長 奥脇 隆司,8,7.0,1.0,0.125,0.125,8.0,0.0,34.2,4.4,6441000.0,,,,80700000.0,0,clean,
S100YJX2,E41115,475A,listed,サービス業,株式会社ギミック,"GIMIC Co., Ltd.",2026-03-31,2026-06-24,代表取締役社長 兼 社長執行役員 CEO 横嶋 大輔,8,5.0,3.0,0.375,0.375,8.0,0.0,32.6,5.2,5041000.0,0.439,0.74,,144902000.0,0,clean,
S100YJXV,E01396,5994,listed,金属製品,株式会社ファインシンター,"FINE SINTER CO., LTD.",2026-03-31,2026-06-22,代表取締役社長 山 口 登 士 也,9,9.0,,,,,,45.2,19.3,7170000.0,0.058,0.752,,141471000.0,0,clean,
S100Y7SI,E03180,7937,listed,その他製品,株式会社ツツミ,"TSUTSUMI JEWELRY CO.,LTD.",2026-03-31,2026-06-25,代表取締役社長 互 智司,5,5.0,,,,,,39.0,9.8,4413000.0,0.22,0.644,,55000000.0,0,clean,
S100Y8BD,E00035,7021,listed,機械,株式会社ニッチツ,"NITCHITSU CO.,LTD.",2026-03-31,2026-06-25,代表取締役社長 松原 祐生,10,9.0,1.0,0.1,0.1,10.0,0.0,47.2,16.0,4657201.0,0.071,,,172714000.0,0,clean,
S100Y9NX,E02367,7974,listed,その他製品,任天堂株式会社,"Nintendo Co., Ltd.",2026-03-31,2026-06-25,代表取締役社長 古川 俊太郎,14,10.0,4.0,0.286,0.2857,14.0,0.0,40.5,14.6,9824708.0,0.058,0.727,,1174000000.0,4,clean,
S100YB7T,E00701,,unlisted,その他製品,株式会社岩手日報社,"THE IWATE NIPPO CO., LTD.",2026-03-31,2026-06-25,代表取締役社長 川村 公司,0,,,,,,,,,,,,,,0,no_tagged_board,officers table is TextBlock only
S100YC3A,E04327,9074,listed,陸運業,日本石油輸送株式会社,"Japan Oil Transportation Co., Ltd.",2026-03-31,2026-06-25,代表取締役社長 原 昌一郎,15,14.0,1.0,0.067,0.0667,15.0,0.0,40.7,14.8,7151000.0,0.161,0.863,,258000000.0,0,clean,
S100YCJX,E04707,4661,listed,サービス業,株式会社オリエンタルランド,"ORIENTAL LAND CO., LTD.",2026-03-31,2026-06-25,代表取締役社長 高橋 渉,13,11.0,2.0,0.154,0.1538,13.0,0.0,39.8,10.1,6051217.0,0.208,0.788,,648000000.0,1,clean,
S100YCLQ,E01477,6023,listed,輸送用機器,ダイハツインフィニアース株式会社,"DAIHATSU INFINEARTH MFG.CO.,LTD.",2026-03-31,2026-06-25,取締役社長 堀田 佳伸,13,12.0,1.0,0.08,0.0769,13.0,0.0,40.3,13.6,7000000.0,0.019,0.807,,374000000.0,0,clean,
S100YD97,E01933,6969,listed,電気機器,松尾電機株式会社,"MATSUO ELECTRIC CO.,LTD.",2026-03-31,2026-06-25,代表取締役社長 執行役員 陳 怡 光,3,7.0,1.0,0.125,0.3333,8.0,5.0,50.1,27.5,5215000.0,,,,93855000.0,0,clean,
S100YDF3,E01441,5973,listed,金属製品,株式会社トーアミ,TOAMI CORPORATION,2026-03-31,2026-06-25,代表取締役社長 北川 芳仁,8,7.0,1.0,0.13,0.125,8.0,0.0,46.4,16.7,5513494.0,,,,101520000.0,0,clean,
S100YDSV,E04164,,unlisted,陸運業,大分交通株式会社,"Oita Transportation Co.,Ltd.",2026-03-31,2026-06-25,代表取締役社長 安部 喜代治,0,,,,,,,,,,,,,,0,no_tagged_board,officers table is TextBlock only
S100YDV4,E00493,2915,listed,食料品,ケンコーマヨネーズ株式会社,"KENKO Mayonnaise Co.,Ltd.",2026-03-31,2026-06-25,代表取締役社長 島本 国一,14,12.0,2.0,0.143,0.1429,14.0,0.0,38.8,13.8,6479000.0,0.115,0.69,,336000000.0,0,clean,
S100YDX8,E00189,1981,listed,建設業,株式会社協和日成,"KYOWANISSEI CO., LTD.",2026-03-31,2026-06-25,代表取締役社長 川 野 茂,14,13.0,1.0,0.071,0.0714,14.0,0.0,45.2,17.0,7001465.0,0.054,0.702,,265514000.0,0,clean,
S100YE7Y,E04330,9359,listed,倉庫・運輸関連,伊勢湾海運株式会社,"ISEWAN TERMINAL SERVICE CO.,LTD.",2026-03-31,2026-06-25,代表取締役社長 髙橋 昭彦,10,8.0,2.0,0.2,0.2,10.0,0.0,41.3,17.8,8190262.0,0.008,0.619,,302000000.0,0,clean,
S100YEIE,E01020,4410,listed,化学,ハリマ化成グループ株式会社,"HARIMA CHEMICALS GROUP,INC.",2026-03-31,2026-06-25,代表取締役社長 長 谷 川 吉 弘,8,6.0,2.0,0.25,0.25,8.0,0.0,46.6,17.0,7638734.0,0.125,0.775,,297000000.0,0,clean,
S100YF0U,E01566,,unlisted,機械,旭産業株式会社,"Asahi Sangyo Co.,Ltd",2026-03-31,2026-06-25,取締役社長 牛久保 尚志,0,,,,,,,,,,,,,,0,no_tagged_board,officers table is TextBlock only
S100YF6B,E04124,,unlisted,陸運業,一畑電気鉄道株式会社,"The Ichibata Electric Railroad Co.,Ltd.",2026-03-31,2026-06-25,代表取締役社長執行役員 足達 明彦,0,,,,,,,,,,,,,,0,no_tagged_board,officers table is TextBlock only
S100YF9Q,E01546,6378,listed,機械,木村化工機株式会社,"KIMURA CHEMICAL PLANTS CO., LTD.",2026-03-31,2026-06-25,代表取締役 取締役会長兼取締役社長 小 林 康 眞,11,11.0,0.0,0.0,0.0,11.0,0.0,45.8,16.3,8563040.0,0.0455,0.729,,386000000.0,1,clean,
S100YF9Y,E00518,2928,listed,小売業,RIZAPグループ株式会社,"RIZAP GROUP, Inc.",2026-03-31,2026-06-25,代表取締役社長 瀬戸 健,9,8.0,1.0,0.11,0.1111,9.0,0.0,38.0,6.5,6252000.0,0.244,0.836,,140000000.0,0,clean,
S100YFBW,E03761,,unlisted,証券、商品先物取引業,むさし証券株式会社,"Musashi Securities Co., Ltd.",2026-03-31,2026-06-25,取締役社長 忍 田 昇 一,0,,,,,,,,,,,,,,0,no_tagged_board,officers table is TextBlock only
S100YFHW,E00066,1882,listed,建設業,東亜道路工業株式会社,TOA ROAD CORPORATION,2026-03-31,2026-06-25,代表取締役社長 森 下 協 一,9,8.0,1.0,0.11,0.1111,9.0,0.0,44.5,19.0,8697000.0,0.008,0.578,,200000000.0,0,clean,
S100YFJK,E00218,1878,listed,建設業,大東建託株式会社,"DAITO TRUST CONSTRUCTION CO.,LTD.",2026-03-31,2026-06-25,代表取締役 社長執行役員 CEO 竹内 啓,14,11.0,3.0,0.214,0.2143,14.0,0.0,44.03,11.57,9656096.0,0.075,0.66,,1002000000.0,5,clean,
S100YFT7,E02666,8144,listed,卸売業,株式会社デンキョーグループホールディングス,"DENKYO GROUP HOLDINGS CO.,LTD.",2026-03-31,2026-06-25,代表取締役社長 高瀬 一郎,9,8.0,1.0,0.111,0.1111,9.0,0.0,43.4,5.3,6523701.0,,,,170000000.0,0,clean,
S100YFXP,E02183,7254,listed,輸送用機器,株式会社ユニバンス,UNIVANCE CORPORATION,2026-03-31,2026-06-25,代表取締役社長 髙尾 紀彦,8,7.0,1.0,0.125,0.125,8.0,0.0,45.4,21.4,6921000.0,0.021,0.719,,108510000.0,0,clean,
S100YG4D,E01650,6457,listed,機械,グローリー株式会社,GLORY LTD.,2026-03-31,2026-06-25,代表取締役社長 原田 明浩,10,8.0,2.0,0.2,0.2,10.0,0.0,42.8,18.5,8394882.0,0.035,0.65,,503000000.0,2,clean,
S100YG7Z,E01932,6803,listed,電気機器,ティアック株式会社,TEAC CORPORATION,2026-03-31,2026-06-25,代表取締役社長 英 裕治,6,5.0,1.0,0.167,0.1667,6.0,0.0,48.7,19.8,6942133.0,0.041,0.812,,70000000.0,0,clean,
S100YG9D,E04345,9364,listed,倉庫・運輸関連,株式会社上組,"Kamigumi Co., Ltd.",2026-03-31,2026-06-25,代表取締役社長 田原 典人,12,8.0,4.0,0.333,0.3333,12.0,0.0,41.6,16.9,7038681.0,0.017,0.631,,423000000.0,1,clean,
S100YGB2,E01909,6407,listed,機械,CKD株式会社,CKD Corporation,2026-03-31,2026-06-25,代表取締役社長 奥岡 克仁,10,9.0,1.0,0.1,0.1,10.0,0.0,41.5,16.7,7314449.0,0.058,0.687,,238000000.0,0,clean,
S100YGD2,E02840,7483,listed,卸売業,株式会社ドウシシャ,"DOSHISHA CO.,LTD.",2026-03-31,2026-06-25,代表取締役社長 野村 正幸,11,10.0,1.0,0.09,0.0909,11.0,0.0,42.0,12.0,7061334.0,0.043,0.523,,267000000.0,0,clean,
S100YGEA,E04509,9511,listed,電気・ガス業,沖縄電力株式会社,"The Okinawa Electric Power Company, Incorporated",2026-03-31,2026-06-25,代表取締役社長 横田 哲,15,12.0,3.0,0.2,0.2,15.0,0.0,43.9,21.2,8079519.0,0.073,0.79,,321000000.0,0,clean,
S100YGGR,E00045,,unlisted,鉱業,大室温泉株式会社,-,2026-03-31,2026-06-25,代表取締役社長 松 原 昭 司,0,,,,,,,,,,,,,,0,no_tagged_board,officers table is TextBlock only
S100YGIZ,E32969,,unlisted,その他金融業,日本住宅ローン株式会社,"The Mortgage Corporation of Japan, Limited",2026-03-31,2026-06-25,代表取締役社長 安藤 直広,0,,,,,,,,,,,,,,0,no_tagged_board,officers table is TextBlock only
S100YGJ0,E01752,6644,listed,電気機器,大崎電気工業株式会社,"Osaki Electric Co., Ltd.",2026-03-31,2026-06-25,取締役会長 CEO 渡 辺 佳 英,11,8.0,3.0,0.27,0.2727,11.0,0.0,42.8,16.2,7227000.0,0.06,0.683,,381000000.0,1,clean,
S100YGML,E00902,4116,listed,化学,大日精化工業株式会社,"DAINICHISEIKA COLOR &amp; CHEMICALS MFG. CO., LTD.",2026-03-31,2026-06-25,代表取締役社長 高橋 弘二,10,9.0,1.0,0.1,0.1,10.0,0.0,41.0,16.7,7568596.0,0.032,0.747,,227000000.0,0,clean,
S100YGNI,E03296,7564,listed,小売業,株式会社ワークマン,"WORKMAN CO.,LTD.",2026-03-31,2026-06-25,代表取締役社長 大内 康二,7,6.0,1.0,0.143,0.1429,7.0,0.0,37.0,11.6,8046000.0,0.017,0.453,,240000000.0,0,clean,
S100YGPK,E01007,4998,listed,化学,フマキラー株式会社,FUMAKILLA LIMITED,2026-03-31,2026-06-25,代表取締役社長 大下 一明,21,20.0,1.0,0.048,0.0476,21.0,0.0,41.8,14.3,6461298.0,0.1,0.61,,252000000.0,0,clean,
S100YGTK,E01507,6147,listed,機械,株式会社ヤマザキ,"YAMAZAKI CO., LTD.",2026-03-31,2026-06-25,代表取締役社長執行役員 山﨑 好和,11,11.0,0.0,0.0,0.0,11.0,0.0,48.4,18.3,5055000.0,,,,62549000.0,0,clean,
S100YGVD,E01259,5444,listed,鉄鋼,大和工業株式会社,"YAMATO KOGYO CO.,LTD.",2026-03-31,2026-06-25,代表取締役社長 小 林 幹 生,13,12.0,1.0,0.08,0.0769,13.0,0.0,38.6,9.3,10129626.0,0.059,0.617,,515000000.0,2,clean,
S100YGW1,E01819,6771,listed,電気機器,池上通信機株式会社,"IKEGAMI TSUSHINKI CO., LTD.",2026-03-31,2026-06-25,代表取締役社長 清森 洋祐,12,11.0,1.0,0.083,0.0833,12.0,0.0,46.7,21.3,6661526.0,0.073,0.752,,190000000.0,0,clean,
S100YGXC,E27506,6074,listed,サービス業,株式会社ジェイエスエス,JSS CORPORATION,2026-03-31,2026-06-25,代表取締役社長 藤木 孝夫,8,7.0,1.0,0.13,0.125,8.0,0.0,40.9,15.1,4650976.0,0.211,0.708,,122877000.0,0,clean,
S100YGZ1,E02382,7990,listed,その他製品,グローブライド株式会社,"GLOBERIDE, Inc.",2026-03-31,2026-06-25,代表取締役社長執行役員 鈴 木 一 成,11,10.0,1.0,0.09,0.0909,11.0,0.0,43.2,13.9,7417000.0,0.009,0.579,,271000000.0,0,clean,
S100YH13,E01606,,unlisted,機械,旭精工株式会社,"ASAHI SEIKO CO., LTD.",2026-03-31,2026-06-25,代表取締役社長 前 田 繁 幸,0,,,,,,,,,,,,,,0,no_tagged_board,officers table is TextBlock only
S100YH36,E03738,,unlisted,その他金融業,全宅住宅ローン株式会社,"Zentaku Housing Loan Co.,Ltd.",2026-03-31,2026-06-25,代表取締役 髙橋 國明,0,,,,,,,,,,,,,,0,no_tagged_board,officers table is TextBlock only
S100YH9O,E00313,1723,listed,建設業,日本電技株式会社,"NIHON DENGI CO., LTD.",2026-03-31,2026-06-25,代表取締役社長 島田 良介,7,6.0,1.0,0.143,0.1429,7.0,0.0,42.0,16.9,9466928.0,0.013,0.614,,216000000.0,0,clean,
S100YHD3,E04329,9380,listed,倉庫・運輸関連,東 海運株式会社,"Azuma Shipping Co.,Ltd.",2026-03-31,2026-06-25,代表取締役社長 松 井 伸 介,10,10.0,,,,,,47.2,13.7,6661376.0,,0.431,,153729000.0,0,clean,
S100YHI2,E00221,1879,listed,建設業,新日本建設株式会社,SHINNIHON CORPORATION,2026-03-31,2026-06-25,代表取締役社長 髙見 克司,11,10.0,1.0,0.091,0.0909,11.0,0.0,38.1,12.5,8879186.0,0.0,0.621,,261000000.0,0,clean,
S100YHJP,E00317,1719,listed,建設業,株式会社安藤・間,HAZAMA ANDO CORPORATION,2026-03-31,2026-06-25,代表取締役社長 国 谷 一 彦,9,6.0,3.0,0.333,0.3333,9.0,0.0,46.3,17.2,10633244.0,0.045,0.528,,303000000.0,1,clean,
S100YHJS,E00369,2201,listed,食料品,森永製菓株式会社,"Morinaga&Co., Ltd.",2026-03-31,2026-06-25,代表取締役社長COO 森 信 也,13,10.0,3.0,0.231,0.2308,13.0,0.0,43.4,19.0,8352549.0,0.14,0.623,,437000000.0,0,clean,
S100YHLO,E40420,331A,listed,サービス業,株式会社メディックス,Medix Inc.,2026-03-31,2026-06-25,代表取締役社長 田中 正則,6,5.0,1.0,0.167,0.1667,6.0,0.0,34.6,8.1,5831000.0,,0.889,,85970000.0,0,clean,
S100YHLP,E01382,5975,listed,金属製品,東プレ株式会社,Topre Corporation,2026-03-31,2026-06-25,代表取締役社長執行役員 山本 豊,9,8.0,1.0,0.111,0.1111,9.0,0.0,39.4,15.0,7190000.0,0.016,0.698,,243000000.0,0,clean,
S100YHML,E04551,,unlisted,サービス業,株式会社熊本ホテルキャッスル,"KUMAMOTO HOTEL CASTLE CO.,LTD.",2026-03-31,2026-06-25,代表取締役社長 奥 地 大 祐,0,,,,,,,,,,,,,,0,no_tagged_board,officers table is TextBlock only
S100YHNJ,E00144,,unlisted,建設業,松尾建設株式会社,"MATSUO CONSTRUCTION CO.,LTD.",2026-03-31,2026-06-25,取締役社長 松 尾 哲 吾,0,,,,,,,,,,,,,,0,no_tagged_board,officers table is TextBlock only
S100YHNL,E05668,2139,listed,サービス業,株式会社 中広,"CHUCO CO.,LTD.",2026-03-31,2026-06-25,代表取締役社長 大島 斉,8,7.0,1.0,0.13,0.125,8.0,0.0,42.4,10.8,4902000.0,0.286,0.578,,92551000.0,0,clean,
S100YHPG,E03346,6836,listed,電気機器,ぷらっとホーム株式会社,"PLAT'HOME CO.,LTD.",2026-03-31,2026-06-25,代表取締役社長 鈴木 友康,10,9.0,1.0,0.1,0.1,10.0,0.0,48.6,12.0,6484650.0,,,,57979000.0,0,clean,
S100YHRI,E35470,7087,listed,サービス業,株式会社ウイルテック,"WILLTEC Co.,Ltd.",2026-03-31,2026-06-25,代表取締役社長執行役員 宮城 力,10,10.0,,,,,,39.2,5.5,3793420.0,0.152,0.849,,192000000.0,0,clean,
S100YHUD,E03207,9956,listed,小売業,株式会社バローホールディングス,"VALOR HOLDINGS CO.,LTD.",2026-03-31,2026-06-25,代表取締役会長兼CEO 田 代 正 美,13,12.0,1.0,0.077,0.0769,13.0,0.0,45.1,13.1,7357000.0,0.032,0.644,,378000000.0,1,clean,
S100YHUP,E01584,6317,listed,機械,株式会社北川鉄工所,Kitagawa Corporation,2026-03-31,2026-06-25,代表取締役社長 岡野 帝男,8,7.0,1.0,0.125,0.125,8.0,0.0,43.3,17.2,5793000.0,,0.726,,180000000.0,0,clean,
S100YHVT,E26813,7162,listed,電気・ガス業,アストマックス株式会社,"ASTMAX Co., Ltd.",2026-03-31,2026-06-25,代表取締役会長兼社長 牛嶋 英揚,8,8.0,,,,,,43.2,9.2,8238000.0,,,,124177000.0,0,clean,
S100YHW8,E04232,9027,listed,陸運業,株式会社ロジネットジャパン,"LOGINET JAPAN CO., LTD.",2026-03-31,2026-06-23,代表取締役 社長執行役員 橋本 潤美,12,10.0,2.0,0.17,0.1667,12.0,0.0,41.2,11.4,7308000.0,0.204,0.804,,406000000.0,1,clean,
S100YHX8,E02048,6837,listed,電気機器,株式会社京写,"KYOSHA CO., LTD.",2026-03-31,2026-06-25,代表取締役社長 児 嶋 一 登,9,8.0,1.0,0.111,0.1111,9.0,0.0,42.46,15.73,5084000.0,0.038,0.806,,140000000.0,0,clean,
S100YHXC,E01629,6346,listed,機械,キクカワエンタープライズ株式会社,"KIKUKAWA ENTERPRISE, INC.",2026-03-31,2026-06-25,代表取締役社長 菊川 厚,10,9.0,1.0,0.1,0.1,10.0,0.0,41.4,19.8,5577500.0,0.08,,,168124000.0,0,clean,
S100YHXJ,E01758,6517,listed,電気機器,デンヨー株式会社,"Denyo Co.,Ltd.",2026-03-31,2026-06-25,代表取締役社長 吉永 隆法,13,10.0,3.0,0.231,0.2308,13.0,0.0,38.4,12.6,6798740.0,0.046,0.737,,231000000.0,0,clean,
S100YHXU,E05410,2433,listed,サービス業,株式会社博報堂DYホールディングス,HAKUHODO DY HOLDINGS INCORPORATED,2026-03-31,2026-06-25,代表取締役社長 西 山 泰 央,16,15.0,1.0,0.06,0.0625,16.0,0.0,42.5,13.0,11683000.0,,,,576000000.0,1,clean,
S100YHYH,E05480,3774,listed,情報・通信業,株式会社インターネットイニシアティブ,Internet Initiative Japan Inc.,2026-03-31,2026-06-25,代表取締役 社長執行役員 谷脇 康彦,15,12.0,3.0,0.2,0.2,15.0,0.0,37.5,9.3,7472000.0,0.08,0.765,,427000000.0,0,clean,
S100YHYW,E00064,1810,listed,建設業,松井建設株式会社,"MATSUI CONSTRUCTION CO., LTD.",2026-03-31,2026-06-25,代表取締役社長 松 井 角 平,12,10.0,2.0,0.167,0.1667,12.0,0.0,44.0,19.4,8377425.0,0.02,0.61,,181000000.0,0,clean,
S100YHZN,E04933,9790,listed,情報・通信業,福井コンピュータホールディングス株式会社,"Fukui Computer Holdings,Inc.",2026-03-31,2026-06-25,代表取締役CEO 佐藤 浩一,9,7.0,2.0,0.222,0.2222,9.0,0.0,38.5,11.9,8179891.0,0.25,0.731,,123000000.0,0,clean,
S100YI0V,E35555,6599,listed,電気機器,エブレン株式会社,"EBRAINS,INC.",2026-03-31,2026-06-25,代表取締役社長 上村 正人,9,9.0,,,,,,44.8,13.1,4908000.0,0.048,,,66351000.0,0,clean,
S100YI10,E37198,7133,listed,小売業,HYUGA PRIMARY CARE株式会社,"HYUGA PRIMARY CARE Co.,Ltd.",2026-03-31,2026-06-25,代表取締役社長 黒木 哲史,8,7.0,1.0,0.125,0.125,8.0,0.0,38.0,2.9,4536000.0,0.149,0.705,,98000000.0,0,clean,
S100YI16,E01663,6364,listed,機械,株式会社AIRMAN,AIRMAN CORPORATION,2026-03-31,2026-06-25,代表取締役社長 佐藤豪一,8,6.0,2.0,0.25,0.25,8.0,0.0,37.8,13.8,6959480.0,0.022,0.8,,186721000.0,0,clean,
S100YI1V,E03600,,unlisted,銀行業,株式会社 但馬銀行,"The Tajima Bank, Ltd.",2026-03-31,2026-06-25,取締役頭取 坪田 奈津樹,0,,,,,,,,,,,,,,0,no_tagged_board,officers table is TextBlock only
S100YI2J,E02646,8145,listed,卸売業,中部水産株式会社,"CHŪBU SUISAN CO.,LTD.",2026-03-31,2026-06-25,代表取締役社長 脇 坂 剛,10,10.0,,,,,,46.56,23.32,6579858.0,,,,168000000.0,0,clean,
S100YI30,E02419,6417,listed,機械,株式会社 SANKYO(登記社名 株式会社 三共),"SANKYO CO., LTD.",2026-03-31,2026-06-25,代表取締役社長 小 倉 敏 男,9,7.0,2.0,0.22,0.2222,9.0,0.0,44.4,18.8,9319000.0,0.041,0.636,,1190000000.0,2,clean,
S100YI3F,E00880,4403,listed,化学,日油株式会社,NOF CORPORATION,2026-03-31,2026-06-25,代表取締役社長 沢村 孝司,10,8.0,2.0,0.2,0.2,10.0,0.0,42.9,17.5,8437958.0,0.064,0.725,,319000000.0,0,clean,
S100YI3M,E01149,5363,listed,ガラス・土石製品,東京窯業株式会社,TYK CORPORATION,2026-03-31,2026-06-25,代表取締役社長 牛込 伸隆,14,14.0,,,,,,44.4,17.0,6830000.0,0.09,0.674,,115000000.0,0,clean,
S100YI3O,E01475,6022,listed,機械,株式会社赤阪鐵工所,Akasaka Diesels Ltd.,2026-03-31,2026-06-25,代表取締役社長 阪 口 勝 彦,11,10.0,1.0,0.09,0.0909,11.0,0.0,43.21,18.0,5243709.0,,0.772,,115441000.0,0,clean,
S100YI4Q,E00487,2911,listed,食料品,旭松食品株式会社,"ASAHIMATSU FOODS CO.,LTD.",2026-03-31,2026-06-25,代表取締役社長 木下 博隆,11,11.0,,,,,,42.1,18.2,4468000.0,0.087,0.55,,122623000.0,0,clean,
S100YI4V,E01743,6507,listed,電気機器,シンフォニアテクノロジー株式会社,"SINFONIA TECHNOLOGY CO.,LTD.",2026-03-31,2026-06-25,代表取締役社長 山 国 稔,13,11.0,2.0,0.154,0.1538,13.0,0.0,39.5,16.1,7492000.0,0.028,0.717,,543000000.0,1,clean,
S100YI5G,E02673,8152,listed,卸売業,ソマール株式会社,SOMAR CORPORATION,2026-03-31,2026-06-25,代表取締役社長 曽谷 太,10,9.0,1.0,0.1,0.1,10.0,0.0,41.0,13.0,5057253.0,0.132,0.84,,89000000.0,0,clean,
S100YI5P,E36405,9327,listed,倉庫・運輸関連,株式会社イー・ロジット,"e-LogiT co.,ltd.",2026-03-31,2026-06-25,代表取締役会長 角井 亮一,8,8.0,,,,,,40.2,5.2,4882000.0,0.146,0.687,,77065000.0,0,clean,
S100YI5T,E03267,7508,listed,小売業,株式会社G‐7ホールディングス,G-7 HOLDINGS Inc.,2026-03-31,2026-06-25,代表取締役 金田 達三,11,9.0,2.0,0.18,0.1818,11.0,0.0,52.3,7.4,5906468.0,0.118,0.524,,171000000.0,0,clean,
S100YI62,E02806,7443,listed,卸売業,横浜魚類株式会社,"YOKOHAMA GYORUI CO., LTD.",2026-03-31,2026-06-25,代表取締役社長 松尾 英俊,12,11.0,1.0,0.083,0.0833,12.0,0.0,41.8,17.8,6090067.0,0.0,0.521,,53740000.0,0,clean,
S100YI72,E01544,6365,listed,機械,株式会社電業社機械製作所,DMW CORPORATION,2026-03-31,2026-06-25,代表取締役社長最高執行役員社長 彦坂 典男,9,8.0,1.0,0.111,0.1111,9.0,0.0,39.8,16.1,7802000.0,0.014,0.682,,212000000.0,0,clean,
S100YI96,E31612,7180,listed,銀行業,株式会社九州フィナンシャルグループ,"Kyushu Financial Group,Inc.",2026-03-31,2026-06-12,代表取締役社長 笠原 慶久,15,12.0,3.0,0.2,0.2,15.0,0.0,44.8,15.8,10031000.0,,,,230000000.0,2,clean,
S100YI9N,E00659,3941,listed,パルプ・紙,レンゴー株式会社,"Rengo Co., Ltd.",2026-03-31,2026-06-25,代表取締役社長兼COO 川本 洋祐,15,14.0,1.0,0.06,0.0667,15.0,0.0,42.1,16.8,8181928.0,0.071,0.684,,843000000.0,2,clean,
S100YIBJ,E37159,9254,listed,情報・通信業,株式会社ラバブルマーケティンググループ,"Lovable Marketing Group,inc.",2026-03-31,2026-06-25,代表取締役社長 林 雅之,10,9.0,1.0,0.1,0.1,10.0,0.0,40.1,3.9,8567000.0,,0.389,,32271000.0,0,clean,
S100YICX,E00744,2376,listed,サービス業,株式会社サイネックス,SCINEX CORPORATION,2026-03-31,2026-06-25,代表取締役社長 村田 吉優,10,9.0,1.0,0.1,0.1,10.0,0.0,41.0,12.0,4386192.0,,0.655,,88946000.0,0,clean,
S100YIEA,E00454,2055,listed,食料品,日和産業株式会社,"NICHIWA SANGYO CO., LTD.",2026-03-31,2026-06-25,取締役社長 中 橋 太 一 郎,8,8.0,,,,,,43.6,16.2,5000000.0,,,,99000000.0,0,clean,
S100YIET,E01354,5902,listed,金属製品,ホッカンホールディングス株式会社,HOKKAN HOLDINGS LIMITED,2026-03-31,2026-06-25,代表取締役社長 池田 孝資,13,11.0,2.0,0.154,0.1538,13.0,0.0,40.5,11.6,8530000.0,0.107,0.705,,307000000.0,0,clean,
S100YIEY,E02917,2654,listed,卸売業,株式会社アスモ,ASMO CORPORATION,2026-03-31,2026-06-25,代表取締役社長 長井 尊,9,9.0,,,,,,40.4,4.3,5252310.0,,,,127800000.0,0,clean,
S100YIFC,E00165,8836,listed,不動産業,株式会社RISE,RISE Inc.,2026-03-31,2026-06-25,代表取締役社長 芝辻 直基,6,6.0,0.0,0.0,0.0,6.0,0.0,63.0,16.9,5192000.0,,,,41000000.0,0,clean,
S100YIFE,E04856,9687,listed,情報・通信業,株式会社KSK,"KSK CO.,LTD.",2026-03-31,2026-06-25,代表取締役社長 松岡 洋一,11,10.0,1.0,0.09,0.0909,11.0,0.0,34.2,8.9,5454000.0,0.08,0.844,,218000000.0,0,clean,
S100YIFJ,E04384,,unlisted,情報・通信業,信越放送株式会社,"Sin-etsu Broadcasting Co.,Ltd.",2026-03-31,2026-06-25,代表取締役社長 渡辺 雅義,0,,,,,,,,,,,,,,0,no_tagged_board,officers table is TextBlock only
S100YIGS,E01303,5852,listed,非鉄金属,株式会社アーレスティ,AHRESTY CORPORATION,2026-03-31,2026-06-25,代表取締役社長 高 橋 新 一,10,9.0,1.0,0.1,0.1,10.0,0.0,43.0,19.0,6542118.0,0.052,0.742,,234000000.0,0,clean,
S100YIGW,E32225,3936,listed,情報・通信業,株式会社グローバルウェイ,"Globalway,Inc.",2026-03-31,2026-06-25,代表取締役会長兼社長CEO 各務 正人,8,8.0,0.0,0.0,0.0,8.0,0.0,38.9,4.4,6498000.0,0.167,0.619,,211466000.0,0,clean,
S100YIHS,E31560,7780,listed,精密機器,株式会社メニコン,"Menicon Co., Ltd.",2026-03-31,2026-06-25,代表執行役社長 CEO 川 浦 康 嗣,8,11.0,2.0,0.15,0.25,13.0,5.0,38.37,12.0,6314000.0,0.116,0.668,,439000000.0,0,clean,
S100YIJ4,E03456,3370,listed,小売業,株式会社フジタコーポレーション,"FUJITA CORPORATION Co.,Ltd.",2026-03-31,2026-06-25,代表取締役社長 遠藤 大輔,8,7.0,1.0,0.125,0.125,8.0,0.0,39.7,9.6,3742278.0,0.211,0.828,,35894000.0,0,clean,
S100YIKA,E04978,4664,listed,サービス業,株式会社アール・エス・シー,JAPAN RELIANCE SERVICE CORPORATION,2026-03-31,2026-06-25,代表取締役社長 金 井 宏 夫,9,9.0,,,,,,48.0,14.6,4298808.0,0.111,0.978,,106061000.0,0,clean,
S100YIM7,E04088,9007,listed,陸運業,小田急電鉄株式会社,"Odakyu Electric Railway Co., Ltd.",2026-03-31,2026-06-25,取締役社長 鈴 木 滋,13,10.0,3.0,0.23,0.2308,13.0,0.0,43.5,22.0,8274183.0,0.073,0.674,,408000000.0,0,clean,
S100YINV,E00396,2531,listed,食料品,宝ホールディングス株式会社,TAKARA HOLDINGS INC.,2026-03-31,2026-06-25,代表取締役社長 木村 睦,12,7.0,5.0,0.417,0.4167,12.0,0.0,49.8,24.2,7640000.0,0.182,0.749,,215000000.0,1,clean,
S100YIO2,E04088,9007,listed,陸運業,小田急電鉄株式会社,"Odakyu Electric Railway Co., Ltd.",2025-03-31,2025-06-27,取締役社長 鈴 木 滋,13,10.0,3.0,0.23,0.2308,13.0,0.0,43.4,22.0,7997380.0,0.065,0.652,,434000000.0,0,clean,
S100YIO3,E04088,9007,listed,陸運業,小田急電鉄株式会社,"Odakyu Electric Railway Co., Ltd.",2024-03-31,2024-06-27,取締役社長 鈴 木 滋,13,10.0,3.0,0.23,0.2308,13.0,0.0,42.9,21.7,7533063.0,0.054,0.633,,424000000.0,0,clean,
S100YIO5,E04088,9007,listed,陸運業,小田急電鉄株式会社,"Odakyu Electric Railway Co., Ltd.",2023-03-31,2023-06-29,取締役社長 星 野 晃 司,15,13.0,2.0,0.13,0.1333,15.0,0.0,42.0,21.1,7171612.0,,,,384000000.0,0,clean,
S100YIOX,E36398,4179,listed,情報・通信業,株式会社ジーネクスト,G-NEXT Inc.,2026-03-31,2026-06-25,代表取締役 村田 実,8,7.0,1.0,0.125,0.125,8.0,0.0,42.38,3.29,6394000.0,,,,63204000.0,0,clean,
S100YIQP,E01907,6998,listed,電気機器,日本タングステン株式会社,"Nippon Tungsten Co.,Ltd.",2026-03-31,2026-06-25,取締役社長 中 原 賢 治,10,9.0,1.0,0.1,0.1,10.0,0.0,40.0,16.4,6432167.0,0.014,0.745,,159000000.0,0,clean,
S100YISR,E02571,8039,listed,卸売業,築地魚市場株式会社,"TSUKIJI UOICHIBA COMPANY, LIMITED",2026-03-31,2026-06-25,代表取締役社長 山﨑 康司,9,9.0,,,,,,46.2,17.2,6093935.0,,,,133000000.0,0,clean,
S100YITB,E00645,3865,listed,パルプ・紙,北越コーポレーション株式会社,Hokuetsu Corporation,2026-03-31,2026-06-25,代表取締役会長 グループCEO 岸 本 晢 夫,13,12.0,1.0,0.077,0.0769,13.0,0.0,45.0,22.0,6331000.0,0.012,0.645,,280000000.0,0,clean,
S100YITM,E02435,7885,listed,その他製品,タカノ株式会社,"TAKANO CO.,Ltd.",2026-03-31,2026-06-25,代表取締役社長 鷹野 雅央,12,12.0,,,,,,44.7,16.0,6415858.0,0.033,0.648,,230185000.0,0,clean,
S100YIVR,E01849,6718,listed,電気機器,アイホン株式会社,"AIPHONE CO.,LTD.",2026-03-31,2026-06-25,代表取締役社長 鈴木 富雄,9,7.0,2.0,0.222,0.2222,9.0,0.0,40.9,15.3,7085000.0,0.013,0.694,,181000000.0,0,clean,
S100YIW6,E04519,9537,listed,電気・ガス業,北陸瓦斯株式会社,"HOKURIKU GAS CO.,LTD.",2026-03-31,2026-06-25,代表取締役社長 敦井 一友,12,12.0,,,,,,41.1,18.1,5841328.0,,0.737,,207677000.0,0,clean,
S100YIWE,E00570,8091,listed,卸売業,ニチモウ株式会社,"NICHIMO CO., LTD.",2026-03-31,2026-06-25,代表取締役社長 青木 信也,11,10.0,1.0,0.0909,0.0909,11.0,0.0,41.03,16.03,8418000.0,0.02,0.644,,237000000.0,0,clean,
S100YIWH,E04940,9782,listed,サービス業,株式会社ディーエムエス,DMS INC.,2026-03-31,2026-06-25,代表取締役社長 山本 克彦,9,8.0,1.0,0.111,0.1111,9.0,0.0,42.7,16.6,5876385.0,0.111,0.477,,134901000.0,0,clean,
S100YIWQ,E00456,8006,listed,卸売業,ユアサ・フナショク株式会社,"YUASA FUNASHOKU CO., LTD.",2026-03-31,2026-06-25,代表取締役社長 山田 共之,12,11.0,1.0,0.0833,0.0833,12.0,0.0,42.0,18.0,5349874.0,0.136,0.517,,136000000.0,0,clean,
S100YIWV,E00635,7887,listed,その他製品,南海プライウッド株式会社,"NANKAI PLYWOOD CO.,LTD.",2026-03-31,2026-06-25,代表取締役社長 丸山 徹,8,8.0,,,,,,44.8,16.8,4789489.0,0.042,0.649,,124985000.0,0,clean,
S100YIX3,E01391,5962,listed,その他製品,浅香工業株式会社,"ASAKA INDUSTRIAL CO.,LTD.",2026-03-31,2026-06-25,代表取締役社長 岡田 実,7,7.0,,,,,,47.0,20.0,5591000.0,,,,69633000.0,0,clean,
S100YIXO,E34938,2976,listed,不動産業,日本グランデ株式会社,"Nippon Grande Co.,Ltd.",2026-03-31,2026-06-25,代表取締役 平野 雅博,10,10.0,,,,,,45.9,8.4,4838000.0,0.0,0.702,,49582000.0,0,clean,
S100YIXZ,E01287,5658,listed,鉄鋼,日亜鋼業株式会社,"NICHIA STEEL WORKS, LTD.",2026-03-31,2026-06-25,代表取締役社長 大西 利典,12,9.0,3.0,0.25,0.25,12.0,0.0,43.3,18.8,6466000.0,0.016,0.721,,228000000.0,0,clean,
S100YIYE,E00528,3106,listed,繊維製品,倉敷紡績株式会社,KURABO INDUSTRIES LTD.,2026-03-31,2026-06-25,代表取締役社長 西垣 伸二,12,11.0,1.0,0.083,0.0833,12.0,0.0,43.2,17.8,6385000.0,0.045,0.669,,331000000.0,0,clean,
S100YIYR,E00868,4960,listed,化学,ケミプロ化成株式会社,"CHEMIPRO KASEI KAISHA, LTD.",2026-03-31,2026-06-25,代表取締役社長 兼俊 寿志,12,12.0,,,,,,44.2,15.8,5482000.0,0.05,0.831,,136478000.0,0,clean,
S100YIZ2,E01120,7932,listed,その他製品,株式会社ニッピ,"Nippi,Incorporated",2026-03-31,2026-06-25,代表取締役社長 伊 藤 裕 子,10,9.0,1.0,0.1,0.1,10.0,0.0,38.38,14.69,6262290.0,0.068,0.686,,271000000.0,1,clean,
S100YIZP,E31979,3465,listed,不動産業,ケイアイスター不動産株式会社,"KI-STAR REAL ESTATE CO.,LTD",2026-03-31,2026-06-25,代表取締役社長 塙 圭二,13,10.0,3.0,0.23,0.2308,13.0,0.0,32.8,4.1,5103000.0,0.112,0.708,,540000000.0,1,clean,
S100YJ03,E00649,3877,listed,パルプ・紙,中越パルプ工業株式会社,"Chuetsu Pulp &amp; Paper Co., Ltd.",2026-03-31,2026-06-25,代表取締役社長 福本 亮治,8,7.0,1.0,0.125,0.125,8.0,0.0,46.9,24.7,6489988.0,0.036,0.646,,399000000.0,0,clean,
S100YJ0L,E04195,9063,listed,陸運業,岡山県貨物運送株式会社,"Okayamaken Freight Transportation Co., Ltd.",2026-03-31,2026-06-25,代表取締役社長 馬屋原 章,17,17.0,,,,,,47.4,19.0,4682036.0,0.028,0.674,,149752000.0,0,clean,
S100YJ12,E00821,4205,listed,化学,日本ゼオン株式会社,ZEON CORPORATION,2026-03-31,2026-06-25,代表取締役社長兼CEO 豊嶋 哲也,15,11.0,4.0,0.266,0.2667,15.0,0.0,39.6,14.3,7763347.0,0.057,0.744,,594000000.0,2,clean,
S100YJ1H,E01935,6952,listed,電気機器,カシオ計算機株式会社,"CASIO COMPUTER CO.,LTD.",2026-03-31,2026-06-25,代表取締役 社長 CEO 高野 晋,8,6.0,2.0,0.25,0.25,8.0,0.0,44.6,15.7,8384000.0,0.083,0.725,,238000000.0,0,clean,
S100YJ1O,E24457,3640,listed,情報・通信業,株式会社電算,"DENSAN CO.,LTD.",2026-03-31,2026-06-25,代表取締役社長 轟 一太,13,13.0,,,,,,45.4,19.6,8054485.0,0.121,0.726,,223709000.0,0,clean,
S100YJ1S,E34499,7677,listed,卸売業,株式会社ヤシマキザイ,"Yashima &amp; Co.,Ltd.",2026-03-31,2026-06-25,代表取締役社長執行役員 関 正一郎,10,7.0,3.0,0.3,0.3,10.0,0.0,43.7,15.2,6366000.0,0.024,0.72,,112259000.0,0,clean,
S100YJ25,E05425,2413,listed,サービス業,エムスリー株式会社,"M3, Inc.",2026-03-31,2026-06-25,代表取締役社長 谷 村 格,10,6.0,4.0,0.4,0.4,10.0,0.0,34.8,4.0,9759000.0,0.146,0.737,,371000000.0,0,clean,
S100YJ2U,E00506,2922,listed,食料品,株式会社なとり,"NATORI CO., LTD.",2026-03-31,2026-06-25,代表取締役会長兼社長 名 取 三 郎,12,11.0,1.0,0.083,0.0833,12.0,0.0,40.4,17.0,6247215.0,0.127,0.624,,234000000.0,0,clean,
S100YJ2Z,E04800,9761,listed,サービス業,東海リース株式会社,"TOKAI LEASE CO.,LTD.",2026-03-31,2026-06-25,代表取締役社長 塚 本 博 亮,10,10.0,0.0,0.0,0.0,10.0,0.0,43.3,14.8,6540859.0,0.0,0.764,,144450000.0,0,clean,
S100YJ3C,E31851,4594,listed,医薬品,ブライトパス・バイオ株式会社,"BrightPath Biotherapeutics Co., Ltd.",2026-03-31,2026-06-25,代表取締役社長 永井 健一,6,6.0,,,,,,48.6,5.9,9382000.0,,,,92890000.0,0,clean,
S100YJ3G,E25386,6626,listed,電気機器,SEMITEC株式会社,SEMITEC Corporation,2026-03-31,2026-06-25,代表取締役社長 石塚 大助,12,12.0,,,,,,40.7,12.3,6937000.0,,0.432,,268071000.0,0,clean,
S100YJ3I,E03711,,unlisted,その他金融業,財形住宅金融株式会社,"ZAIKEI JUTAKU KINYU CO.,LTD",2026-03-31,2026-06-25,代表取締役社長 大久 孝一,0,,,,,,,,,,,,,,0,no_tagged_board,officers table is TextBlock only
S100YJ3W,E00130,1853,listed,建設業,株式会社森組,"Mori-Gumi Co., Ltd.",2026-03-31,2026-06-25,代表取締役社長 内山 浩二,11,10.0,1.0,0.091,0.0909,11.0,0.0,44.5,18.9,7570110.0,0.028,0.501,,195000000.0,0,clean,
S100YJ44,E03124,8219,listed,小売業,青山商事株式会社,"AOYAMA TRADING Co., Ltd.",2026-03-31,2026-06-25,代表取締役社長兼執行役員社長兼OMOリテール本部長 遠藤 泰三,10,8.0,2.0,0.2,0.2,10.0,0.0,37.7,14.2,5091000.0,0.121,0.53,,243000000.0,0,clean,
S100YJ4F,E02656,8137,listed,卸売業,サンワテクノス株式会社,SUN-WA TECHNOS CORPORATION,2026-03-31,2026-06-25,代表取締役社長 松尾 晶広,12,10.0,2.0,0.17,0.1667,12.0,0.0,40.0,13.9,7281111.0,0.127,0.656,,387000000.0,0,clean,
S100YJ4G,E00675,3945,listed,パルプ・紙,スーパーバッグ株式会社,"Superbag Company, Limited",2026-03-31,2026-06-25,代表取締役社長執行役員 樋 口 肇,8,8.0,0.0,,0.0,8.0,0.0,41.0,18.3,5395000.0,0.092,0.607,,100000000.0,0,clean,
S100YJ59,E00917,4629,listed,化学,大伸化学株式会社,"DAISHIN CHEMICAL CO.,LTD.",2026-03-31,2026-06-25,代表取締役社長 堀越 進,9,8.0,1.0,0.111,0.1111,9.0,0.0,42.1,17.3,7155000.0,0.197,0.802,,238210000.0,0,clean,
S100YJ5K,E00916,4628,listed,化学,エスケー化研株式会社,"SK KAKEN CO.,LTD.",2026-03-31,2026-06-25,代表取締役社長 藤井 実広,13,13.0,,,,,,41.3,14.5,6569000.0,0.006,0.69,,288000000.0,0,clean,
S100YJ5N,E00926,8841,listed,不動産業,株式会社テーオーシー,"TOC Co., Ltd.",2026-03-31,2026-06-25,代表取締役 大 谷 卓 男,11,10.0,1.0,0.091,0.0909,11.0,0.0,42.1,16.2,8124000.0,0.132,0.772,,153000000.0,0,clean,
S100YJ5X,E11873,3863,listed,パルプ・紙,日本製紙株式会社,"Nippon Paper Industries Co., Ltd.",2026-03-31,2026-06-25,代表取締役社長 瀬 邊 明,13,10.0,3.0,0.231,0.2308,13.0,0.0,43.0,21.0,6920699.0,0.025,0.738,,561000000.0,0,clean,
S100YJ6L,E01647,6408,listed,機械,小倉クラッチ株式会社,"OGURA CLUTCH CO.,LTD.",2026-03-31,2026-06-25,代表取締役社長 小倉 康宏,9,9.0,,,,,,43.3,18.6,5527000.0,0.0,0.767,,192000000.0,0,clean,
S100YJ6R,E01292,5445,listed,鉄鋼,東京鐵鋼株式会社,"TOKYO TEKKO CO., LTD.",2026-03-31,2026-06-25,代表取締役会長 吉 原 毎 文,11,9.0,2.0,0.182,0.1818,11.0,0.0,38.9,13.4,7577000.0,0.092,0.817,,453000000.0,2,clean,
S100YJ76,E01529,6391,listed,機械,株式会社加地テック,KAJI TECHNOLOGY CORPORATION,2026-03-31,2026-06-25,代表取締役社長 松岡 克憲,9,8.0,1.0,0.111,0.1111,9.0,0.0,42.18,15.34,7023000.0,0.024,0.76,,95000000.0,0,clean,
S100YJ7V,E03678,8542,listed,銀行業,株式会社トマト銀行,"TOMATO BANK, LTD.",2026-03-31,2026-06-25,取締役社長 髙 木 晶 悟,13,11.0,2.0,0.153,0.1538,13.0,0.0,40.0,16.3,5866000.0,0.106,0.542,,187000000.0,0,clean,
S100YJ86,E02823,7461,listed,卸売業,株式会社キムラ,"KIMURA CO.,LTD.",2026-03-31,2026-06-25,代表取締役社長 木村 勇介,9,8.0,1.0,0.111,0.1111,9.0,0.0,38.0,14.0,4849000.0,0.036,0.59,,45600000.0,0,clean,
S100YJ87,E01612,6393,listed,機械,油研工業株式会社,"YUKEN KOGYO CO., LTD.",2026-03-31,2026-06-25,代表取締役社長 宮 坂 篤,11,10.0,1.0,0.091,0.0909,11.0,0.0,42.3,18.6,7043000.0,,0.787,,168360000.0,0,clean,
S100YJ8A,E04376,9402,listed,情報・通信業,中部日本放送株式会社,"CHUBU-NIPPON BROADCASTING CO.,LTD.",2026-03-31,2026-06-25,代表取締役社長 升 家 誠 司,19,18.0,1.0,0.053,0.0526,19.0,0.0,54.0,27.1,13345000.0,,,,357000000.0,0,clean,
S100YJ8C,E02335,7722,listed,精密機器,国際計測器株式会社,"KOKUSAI CO., LTD.",2026-03-31,2026-06-25,代表取締役社長 松 本 進 一,12,12.0,0.0,,0.0,12.0,0.0,47.3,17.8,6896000.0,,,,315166000.0,0,clean,
S100YJ8D,E00660,3880,listed,パルプ・紙,大王製紙株式会社,Daio Paper Corporation,2026-03-31,2026-06-25,代表取締役 社長執行役員 若林 賴房,15,13.0,2.0,0.133,0.1333,15.0,0.0,44.2,19.6,6372617.0,0.038,0.685,,375000000.0,0,clean,
S100YJ8J,E00642,3861,listed,パルプ・紙,王子ホールディングス株式会社,Oji Holdings Corporation,2026-03-31,2026-06-25,代表取締役 社長執行役員 磯 野 裕 之,14,9.0,5.0,0.357,0.3571,14.0,0.0,44.5,15.6,8496000.0,0.147,0.734,,707000000.0,2,clean,
S100YJ8P,E03716,8747,listed,証券、商品先物取引業,豊トラスティ証券株式会社,"YUTAKA TRUSTY SECURITIES CO., LTD.",2026-03-31,2026-06-25,代表取締役社長 安成 政文,15,15.0,0.0,0.0,0.0,15.0,0.0,40.6,12.3,8866000.0,0.059,0.697,,405000000.0,0,clean,
S100YJAK,E02660,8139,listed,卸売業,株式会社ナガホリ,NAGAHORI CORPORATION,2026-03-31,2026-06-25,代表取締役社長 長堀 慶太,10,9.0,1.0,0.1,0.1,10.0,0.0,47.0,14.0,4561000.0,0.186,0.702,,113000000.0,0,clean,
S100YJB4,E03723,8742,listed,証券、商品先物取引業,株式会社小林洋行,"KOBAYASHI YOKO CO.,LTD.",2026-03-31,2026-06-25,代表取締役社長 細金 成光,7,7.0,,,,,,44.8,22.0,6312052.0,,,,77040000.0,0,clean,
S100YJB7,E01096,5142,listed,化学,アキレス株式会社,Achilles Corporation,2025-03-31,2025-06-27,代表取締役社長 日 景 一 郎,12,10.0,2.0,0.167,0.1667,12.0,0.0,42.2,20.2,5784000.0,0.04,0.83,,237000000.0,0,clean,
S100YJBQ,E04411,,unlisted,情報・通信業,株式会社テレビ西日本,Television Nishinippon Corporation,2026-03-31,2026-06-25,代表取締役社長 河 野 雄 一,0,,,,,,,,,,,,,,0,no_tagged_board,officers table is TextBlock only
S100YJBU,E01098,5192,listed,ゴム製品,三ツ星ベルト株式会社,Mitsuboshi Belting Ltd.,2026-03-31,2026-06-25,代表取締役社長 池 田 浩,11,9.0,2.0,0.182,0.1818,11.0,0.0,41.0,17.1,7256000.0,0.025,0.746,,373000000.0,0,clean,
S100YJBX,E01974,6943,listed,電気機器,NKKスイッチズ株式会社,"NKK SWITCHES CO., LTD.",2026-03-31,2026-06-25,代表取締役社長 大 橋 智 成,8,7.0,1.0,0.125,0.125,8.0,0.0,44.72,14.75,6301000.0,0.0,0.585,,120920000.0,0,clean,
S100YJC5,E01710,6482,listed,機械,YUSHIN株式会社,Yushin Company,2026-03-31,2026-06-25,代表取締役社長 小谷 高代,10,8.0,2.0,0.2,0.2,10.0,0.0,42.1,14.3,6457402.0,0.024,0.52,,146466000.0,0,clean,
S100YJC8,E00534,3123,listed,繊維製品,サイボー株式会社,"Saibo Co., Ltd.",2026-03-31,2026-06-25,代表取締役社長 飯 塚 榮 一,12,11.0,1.0,0.083,0.0833,12.0,0.0,48.6,19.7,6404000.0,,,,175369000.0,0,clean,
S100YJCG,E04960,7502,listed,サービス業,株式会社プラザホールディングス,"PLAZA HOLDINGS CO.,LTD.",2026-03-31,2026-06-25,代表取締役社長 大 島 康 広,6,6.0,,,,,,43.1,12.9,5774393.0,0.5,0.619,,77688000.0,0,clean,
S100YJCK,E00772,4047,listed,化学,関東電化工業株式会社,"KANTO DENKA KOGYO CO., LTD.",2026-03-31,2026-06-25,代表取締役社長 長谷川 淳一,13,10.0,3.0,0.231,0.2308,13.0,0.0,40.8,16.7,7375922.0,0.023,0.804,,242000000.0,0,clean,
S100YJCU,E01417,5947,listed,金属製品,リンナイ株式会社,RINNAI CORPORATION,2026-03-31,2026-06-25,代表取締役社長 内藤 弘康,13,11.0,2.0,0.153,0.1538,13.0,0.0,40.8,19.2,7410733.0,0.014,0.622,,488000000.0,2,clean,
S100YJCX,E00850,4274,listed,化学,細谷火工株式会社,"HOSOYA PYRO-ENGINEERING CO., LTD.",2026-03-31,2026-06-25,代表取締役社長 細谷 穰志,7,7.0,,,,,,46.3,9.3,6060572.0,,,,74664000.0,0,clean,
S100YJDA,E00631,7822,listed,その他製品,永大産業株式会社,"Eidai Co.,Ltd.",2026-03-31,2026-06-25,代表取締役社長 枝園 統博,14,12.0,2.0,0.143,0.1429,14.0,0.0,43.7,19.27,5876094.0,0.022,0.688,,195000000.0,0,clean,
S100YJDP,E02180,6392,listed,機械,株式会社ヤマダコーポレーション,YAMADA CORPORATION,2026-03-31,2026-06-25,代表取締役社長 山田 昌太郎,8,8.0,,,,,,43.1,18.1,7243594.0,0.065,,,158550000.0,0,clean,
S100YJDZ,E01426,5945,listed,金属製品,天龍製鋸株式会社,"Tenryu Saw Mfg. Co., Ltd.",2026-03-31,2026-06-25,代表取締役社長 大 石 高 彰,9,8.0,1.0,0.111,0.1111,9.0,0.0,42.2,18.4,6465343.0,,,,136043000.0,0,clean,
S100YJE7,E02362,7951,listed,その他製品,ヤマハ株式会社,YAMAHA CORPORATION,2026-03-31,2026-06-25,代表執行役社長 山 浦 敦,8,13.0,2.0,0.13,0.25,15.0,7.0,43.0,18.0,7947497.0,0.1,0.745,,664000000.0,1,clean,
S100YJEK,E03299,7571,listed,小売業,株式会社ヤマノホールディングス,YAMANO HOLDINGS CORPORATION,2026-03-31,2026-06-25,代表取締役社長CEО 山野 義友,9,6.0,3.0,0.333,0.3333,9.0,0.0,48.1,11.7,3805000.0,0.239,0.638,,77850000.0,0,clean,
S100YJEU,E02668,8147,listed,卸売業,株式会社トミタ,"TOMITA CO.,LTD.",2026-03-31,2026-06-25,代表取締役社長 冨田 稔,11,11.0,,,,,,44.7,14.54,8114596.0,,,,164124000.0,0,clean,
S100YJEV,E00563,3577,listed,繊維製品,東海染工株式会社,Tokai Senko K.K.,2026-03-31,2026-06-25,代表取締役社長 鷲 裕一,10,9.0,1.0,0.1,0.1,10.0,0.0,45.4,21.3,4707000.0,0.107,0.822,,135000000.0,0,clean,
S100YJF6,E01751,6513,listed,電気機器,株式会社オリジン,"Origin Company, Limited",2026-03-31,2026-06-25,代表取締役社長 CEO 稲葉 英樹,8,7.0,1.0,0.125,0.125,8.0,0.0,46.6,18.9,6866000.0,0.021,0.835,,114997000.0,0,clean,
S100YJF9,E01096,5142,listed,化学,アキレス株式会社,Achilles Corporation,2026-03-31,2026-06-25,代表取締役社長 日 景 一 郎,12,10.0,2.0,0.167,0.1667,12.0,0.0,43.0,20.8,6208000.0,0.041,0.82,,181000000.0,0,clean,
S100YJFD,E00232,1905,listed,建設業,株式会社テノックス,TENOX CORPORATION,2026-03-31,2026-06-25,代表取締役社長 若尾 直,9,8.0,1.0,0.111,0.1111,9.0,0.0,44.7,14.4,7472216.0,0.021,0.682,,142888000.0,0,clean,
S100YJFT,E26084,9206,listed,空運業,株式会社スターフライヤー,Star Flyer Inc.,2026-03-31,2026-06-25,代表取締役 社長執行役員 町田 修,15,12.0,3.0,0.2,0.2,15.0,0.0,38.7,8.6,6967000.0,0.247,0.431,,130000000.0,0,clean,
S100YJG0,E03251,7464,listed,卸売業,セフテック株式会社,"SAFTEC CO.,LTD.",2026-03-31,2026-06-25,代表取締役社長執行役員 岡﨑 太一,7,7.0,,,,,,43.3,13.9,5011148.0,0.048,0.649,,82590000.0,0,clean,
S100YJG2,E01276,5491,listed,鉄鋼,日本金属株式会社,"NIPPON KINZOKU CO., LTD.",2026-03-31,2026-06-25,取締役社長 下川 康志,9,8.0,1.0,0.111,0.1111,9.0,0.0,40.4,16.8,5693568.0,,0.715,,120000000.0,0,clean,
S100YJGK,E00898,4095,listed,化学,日本パーカライジング株式会社,"NIHON PARKERIZING CO., LTD.",2026-03-31,2026-06-25,代表取締役 社長執行役員 青 山 雅 之,11,10.0,1.0,0.09,0.0909,11.0,0.0,44.0,17.6,8050517.0,0.025,0.642,,317000000.0,1,clean,
S100YJGQ,E01169,5273,listed,ガラス・土石製品,三谷セキサン株式会社,"MITANI SEKISAN Co., Ltd.",2026-03-31,2026-06-25,代表取締役社長 三 谷 進 治,10,10.0,,,,,,40.06,11.0,6997000.0,0.0,0.619,,238000000.0,0,clean,
S100YJH1,E01912,6647,listed,電気機器,森尾電機株式会社,"MORIO DENKI CO., LTD.",2026-03-31,2026-06-25,代表取締役社長 菊 地 裕 之,9,9.0,0.0,0.0,0.0,9.0,0.0,41.6,18.9,5553000.0,,,,126000000.0,0,clean,
S100YJHA,E00527,3103,listed,繊維製品,ユニチカ株式会社,UNITIKA LTD.,2026-03-31,2026-06-25,代表取締役社長 藤井 実,11,9.0,2.0,0.182,0.1818,11.0,0.0,44.1,22.0,5857875.0,0.045,0.755,,123000000.0,0,clean,
S100YJHF,E02286,6850,listed,電気機器,株式会社チノー,Chino Corporation,2026-03-31,2026-06-25,代表取締役社長執行役員 豊田 三喜男,9,7.0,2.0,0.222,0.2222,9.0,0.0,43.01,18.32,6599855.0,0.057,0.705,,191000000.0,0,clean,
S100YJHG,E01694,6292,listed,機械,株式会社カワタ,"KAWATA MFG.CO.,LTD.",2026-03-31,2026-06-25,代表取締役社長 白 石 亙,6,6.0,0.0,,0.0,6.0,0.0,42.66,12.08,6910000.0,,,,73256000.0,0,clean,
S100YJHN,E01857,6904,listed,電気機器,原田工業株式会社,"HARADA INDUSTRY CO.,LTD.",2026-03-31,2026-06-25,代表取締役社長 三宅 康晴,10,9.0,1.0,0.1,0.1,10.0,0.0,48.7,18.0,6282205.0,0.042,0.769,,217320000.0,0,clean,
S100YJI4,E00443,2286,listed,食料品,林兼産業株式会社,"Hayashikane Sangyo Co.,Ltd.",2026-03-31,2026-06-25,代表取締役社長 中部 哲二,11,10.0,1.0,0.091,0.0909,11.0,0.0,43.8,19.3,6378418.0,0.035,0.535,,154000000.0,0,clean,
S100YJIN,E04791,,unlisted,サービス業,三井住友ファイナンス&リース株式会社,"Sumitomo Mitsui Finance and Leasing Company, Limited",2026-03-31,2026-06-25,代表取締役社長 今枝 哲郎,11,10.0,1.0,0.09,0.0909,11.0,0.0,42.0,13.0,9901000.0,0.164,0.569,,,0,clean,
S100YJIQ,E02610,8104,listed,卸売業,クワザワホールディングス株式会社,KUWAZAWA Holdings Corporation,2026-03-31,2026-06-25,代表取締役社長 桑澤 嘉英,10,9.0,1.0,0.1,0.1,10.0,0.0,42.6,12.7,6559000.0,0.074,0.658,,115000000.0,0,clean,
S100YJJI,E01452,3422,listed,金属製品,株式会社J-MAX,"J-MAX Co.,Ltd.",2026-03-31,2026-06-25,代表取締役社長執行役員 山 﨑 英 次,7,7.0,0.0,0.0,0.0,7.0,0.0,42.2,18.4,5413045.0,,0.831,,83000000.0,0,clean,
S100YJJP,E34454,5071,listed,サービス業,株式会社ヴィス,"VIS Co., Ltd.",2026-03-31,2026-06-25,代表取締役社長 金谷 智浩,8,7.0,1.0,0.125,0.125,8.0,0.0,34.2,5.9,7301000.0,0.191,0.782,,182097000.0,0,clean,
S100YJJS,E05478,2435,listed,サービス業,株式会社シダー,"CEDAR.Co., Ltd",2026-03-31,2026-06-25,代表取締役社長 座小田 孝安,9,7.0,2.0,0.222,0.2222,9.0,0.0,46.5,9.0,4567000.0,0.571,0.8,,44000000.0,0,clean,
S100YJK1,E01992,6919,listed,電気機器,ケル株式会社,KEL CORPORATION,2026-03-31,2026-06-25,代表取締役社長 春日 明,7,6.0,1.0,0.143,0.1429,7.0,0.0,40.5,16.3,5931566.0,0.059,0.781,,116052000.0,0,clean,
S100YJKO,E00766,4041,listed,化学,日本曹達株式会社,"Nippon Soda Co., Ltd.",2026-03-31,2026-06-25,代表取締役社長 阿賀 英司,10,8.0,2.0,0.2,0.2,10.0,0.0,44.6,20.2,9491473.0,0.075,0.824,,271000000.0,0,clean,
S100YJKR,E02878,7567,listed,卸売業,株式会社栄電子,SAKAE ELECTRONICS CORPORATION,2026-03-31,2026-06-25,代表取締役社長 津 田 百 子,8,5.0,3.0,0.375,0.375,8.0,0.0,41.0,11.0,5066831.0,,,,43000000.0,0,clean,
S100YJL5,E01643,6247,listed,機械,株式会社日阪製作所,"HISAKA WORKS, LTD.",2026-03-31,2026-06-25,代表取締役社長社長執行役員 宇佐美 俊哉,9,7.0,2.0,0.222,0.2222,9.0,0.0,40.8,15.2,7240601.0,0.0,0.672,,196000000.0,0,clean,
S100YJLB,E00644,3864,listed,パルプ・紙,三菱製紙株式会社,Mitsubishi Paper Mills Limited,2026-03-31,2026-06-25,代表取締役社長 木 坂 隆 一,12,9.0,3.0,0.25,0.25,12.0,0.0,47.52,24.18,6799154.0,0.059,0.595,,236000000.0,0,clean,
S100YJLD,E00777,4064,listed,化学,日本カーバイド工業株式会社,"NIPPON CARBIDE INDUSTRIES CO.,INC.",2026-03-31,2026-06-25,取締役社長 杉山 孝久,10,7.0,3.0,0.3,0.3,10.0,0.0,44.2,17.1,6389000.0,0.058,0.668,,201000000.0,0,clean,
S100YJLK,E02688,8086,listed,精密機器,ニプロ株式会社,NIPRO CORPORATION,2026-03-31,2026-06-25,代表取締役社長 山 崎 剛 司,22,19.0,3.0,0.136,0.1364,22.0,0.0,40.8,13.3,6814000.0,0.087,0.692,,377000000.0,0,clean,
S100YJLT,E01284,5607,listed,鉄鋼,中央可鍛工業株式会社,"CHUO MALLEABLE IRON CO., LTD.",2026-03-31,2026-06-25,代表取締役社長 武 山 豊,10,10.0,,,,,,39.44,14.67,6754000.0,,0.76,,196864000.0,0,clean,
S100YJLW,E00187,9767,listed,サービス業,日建工学株式会社,"NIKKEN KOGAKU CO., LTD.",2026-03-31,2026-06-25,代表取締役社長 皆川 曜児,10,10.0,,,,,,54.2,16.8,5363000.0,,,,77550000.0,0,clean,
S100YJMA,E03367,2681,listed,小売業,株式会社ゲオホールディングス,GEO HOLDINGS CORPORATION,2026-03-31,2026-06-25,代表取締役社長執行役員 遠藤 結蔵,13,11.0,2.0,0.154,0.1538,13.0,0.0,42.72,13.51,5766973.0,0.117,0.601,,198000000.0,0,clean,
S100YJMF,E01269,5603,listed,鉄鋼,虹技株式会社,KOGI CORPORATION,2026-03-31,2026-06-25,代表取締役社長 山本 幹雄,9,9.0,,,,,,41.7,18.0,6532000.0,0.0,0.731,,133000000.0,0,clean,
S100YJMI,E01940,6846,listed,電気機器,株式会社中央製作所,"Chuo Seisakusho, Ltd.",2026-03-31,2026-06-25,代表取締役社長 後 藤 邦 之,9,9.0,0.0,,0.0,9.0,0.0,44.5,19.0,6063000.0,,,,91160000.0,0,clean,
S100YJMM,E01499,6140,listed,機械,旭ダイヤモンド工業株式会社,"Asahi Diamond Industrial Co., Ltd.",2026-03-31,2026-06-25,代表取締役社長 片 岡 和 喜,12,10.0,2.0,0.167,0.1667,12.0,0.0,44.9,20.97,7019000.0,0.023,0.734,,201000000.0,0,clean,
S100YJMY,E02131,7018,listed,輸送用機器,内海造船株式会社,Naikai Zosen Corporation,2026-03-31,2026-06-25,代表取締役社長 寺尾 弘志,11,11.0,,,,,,41.6,15.6,6856000.0,0.016,0.653,,130000000.0,0,clean,
S100YJNG,E00959,,unlisted,医薬品,株式会社 廣貫堂,"KOKANDO Co.,Ltd.",2026-03-31,2026-06-25,代表取締役社長 山﨑 誠治,0,,,,,,,,,,,,,,0,no_tagged_board,officers table is TextBlock only
S100YJNT,E01747,6643,listed,電気機器,株式会社戸上電機製作所,"Togami Electric Mfg. Co., Ltd.",2026-03-31,2026-06-25,代表取締役社長 戸上 信一,9,8.0,1.0,0.111,0.1111,9.0,0.0,39.0,15.2,6737009.0,0.032,0.75,,97671000.0,0,clean,
S100YJNX,E00514,2819,listed,食料品,エバラ食品工業株式会社,"EBARA Foods Industry,Inc.",2026-03-31,2026-06-25,代表取締役社長 森村 剛士,12,11.0,1.0,0.083,0.0833,12.0,0.0,40.0,16.0,6703302.0,0.099,0.738,,234000000.0,0,clean,
S100YJP6,E04932,9791,listed,サービス業,株式会社ビケンテクノ,BIKEN TECHNO CORPORATION,2026-03-31,2026-06-25,代表取締役社長 梶山 龍誠,18,18.0,,,,,,52.1,9.6,3980637.0,0.095,0.713,,216000000.0,0,clean,
S100YJPG,E03003,3055,listed,卸売業,株式会社ほくやく・竹山ホールディングス,"HOKUYAKU TAKEYAMA Holdings,Inc.",2026-03-31,2026-06-25,代表取締役社長 眞鍋 雅信,15,15.0,,,,,,45.9,16.6,5460658.0,0.391,0.724,,144000000.0,0,clean,
S100YJPR,E32109,7185,listed,その他金融業,ヒロセ通商株式会社,Hirose Tusyo Inc.,2026-03-31,2026-06-25,代表取締役社長 野 市 裕 作,9,8.0,1.0,0.111,0.1111,9.0,0.0,37.7,7.8,6998000.0,,,,765072000.0,4,clean,
S100YJQ2,E02946,2737,listed,卸売業,株式会社トーメンデバイス,TOMEN DEVICES CORPORATION,2026-03-31,2026-06-25,代表取締役社長 中尾 清隆,12,11.0,1.0,0.083,0.0833,12.0,0.0,46.9,12.5,9671082.0,0.074,0.645,,125000000.0,0,clean,
S100YJQ7,E00361,2112,listed,食料品,塩水港精糖株式会社,"Ensuiko Sugar Refining Co., Ltd.",2026-03-31,2026-06-25,代表取締役社長 木 村 成 克,17,15.0,2.0,0.12,0.1176,17.0,0.0,45.1,17.0,7097000.0,,,,272000000.0,0,clean,
S100YJQM,E35504,4492,listed,情報・通信業,株式会社ゼネテック,GENETEC CORPORATION,2026-03-31,2026-06-25,代表取締役社長 社長執行役員 上野 憲二,8,7.0,1.0,0.125,0.125,8.0,0.0,39.6,6.9,6070000.0,0.054,0.822,,177719000.0,0,clean,
S100YJQR,E02994,3392,listed,卸売業,デリカフーズホールディングス株式会社,"DELICA FOODS HOLDINGS CO., LTD.",2026-03-31,2026-06-25,代表取締役社長 大 﨑 善 保,11,8.0,3.0,0.273,0.2727,11.0,0.0,48.0,8.3,8608000.0,,,,171946000.0,0,clean,
S100YJQT,E05143,4800,listed,情報・通信業,オリコン株式会社,Oricon Inc.,2026-03-31,2026-06-25,代表取締役社長 佐藤 直也,8,7.0,1.0,0.125,0.125,8.0,0.0,42.5,9.7,7421476.0,,,,97386000.0,0,clean,
S100YJQU,E05456,2440,listed,サービス業,株式会社ぐるなび,"Gurunavi, Inc.",2026-03-31,2026-06-25,代表取締役社長 杉原 章郎,10,9.0,1.0,0.1,0.1,10.0,0.0,40.5,10.0,6355000.0,0.199,0.678,,145110000.0,0,clean,
S100YJRS,E04324,9065,listed,陸運業,山九株式会社,SANKYU INC.,2026-03-31,2026-06-25,代表取締役社長 CEO 中 村 公 大,14,12.0,2.0,0.143,0.1429,14.0,0.0,41.3,15.2,7308000.0,0.024,0.673,,833000000.0,2,clean,
S100YJSM,E00508,2831,listed,食料品,はごろもフーズ株式会社,HAGOROMO FOODS CORPORATION,2026-03-31,2026-06-25,代表取締役社長 後藤 佐恵子,20,16.0,4.0,0.2,0.2,20.0,0.0,39.96,14.98,5068307.0,0.091,0.585,,479272000.0,1,clean,
S100YJSY,E37814,7795,listed,その他製品,株式会社KYORITSU,"KYORITSU CO., LTD.",2026-03-31,2026-06-25,代表取締役社長 景 山 豊,7,7.0,0.0,0.0,0.0,7.0,0.0,52.1,1.8,5854000.0,,,,122749000.0,0,clean,
S100YJT1,E01445,5941,listed,金属製品,株式会社中西製作所,"NAKANISHI MFG.CO.,LTD.",2026-03-31,2026-06-25,代表取締役社長 中西 一真,14,10.0,4.0,0.286,0.2857,14.0,0.0,41.6,11.7,6271000.0,0.017,0.6522,,136972000.0,0,clean,
S100YJT6,E03129,8281,listed,小売業,ゼビオホールディングス株式会社,"XEBIO HOLDINGS CO., LTD.",2026-03-31,2026-06-25,代表取締役 諸 橋 友 良,9,8.0,1.0,0.111,0.1111,9.0,0.0,57.2,7.3,8682000.0,,,,140000000.0,0,clean,
S100YJTF,E01136,5334,listed,ガラス・土石製品,日本特殊陶業株式会社,"Niterra Co., Ltd.",2026-03-31,2026-06-25,代表取締役社長 鈴木 啓司,11,7.0,4.0,0.364,0.3636,11.0,0.0,43.5,19.4,9929045.0,0.0553,0.684,,686000000.0,2,clean,
S100YJTL,E01282,5660,listed,鉄鋼,神鋼鋼線工業株式会社,"KOBELCO WIRE COMPANY, LTD.",2026-03-31,2026-06-25,代表取締役社長 北 山 修 二,11,10.0,1.0,0.09,0.0909,11.0,0.0,42.4,17.3,7000000.0,0.012,0.762,,204000000.0,0,clean,
S100YJU2,E05291,2307,listed,情報・通信業,株式会社クロスキャット,"CROSS CAT CO.,LTD.",2026-03-31,2026-06-25,代表取締役社長 山根 光則,9,8.0,1.0,0.111,0.1111,9.0,0.0,36.0,11.0,5732098.0,0.175,0.833,,194527000.0,0,clean,
S100YJU6,E02647,8119,listed,卸売業,株式会社三栄コーポレーション,SANYEI CORPORATION,2026-03-31,2026-06-25,代表取締役社長 水越 雅己,7,6.0,1.0,0.143,0.1429,7.0,0.0,44.0,10.0,7509242.0,0.158,,,131000000.0,0,clean,
S100YJUA,E37488,6525,listed,電気機器,株式会社KOKUSAI ELECTRIC,KOKUSAI ELECTRIC CORPORATION,2026-03-31,2026-06-25,代表取締役社長執行役員 塚田 和徳,10,7.0,3.0,0.3,0.3,10.0,0.0,44.1,18.0,9607105.0,0.07,0.783,,691000000.0,2,clean,
S100YJUB,E04596,9643,listed,サービス業,中日本興業株式会社,"Nakanihon KOGYO CO.,Ltd.",2026-03-31,2026-06-25,代表取締役社長 貴 田 吉 晴,10,10.0,0.0,0.0,0.0,10.0,0.0,46.3,13.4,5301000.0,0.1818,0.605,,100615000.0,0,clean,
S100YJUC,E00784,4092,listed,化学,日本化学工業株式会社,"Nippon Chemical Industrial Co.,Ltd.",2026-03-31,2026-06-25,代表取締役社長 棚橋 洋太,6,5.0,1.0,0.166,0.1667,6.0,0.0,41.9,19.1,7200000.0,0.042,0.778,,132000000.0,0,clean,
S100YJUD,E03148,9854,listed,小売業,愛眼株式会社,"AIGAN CO.,LTD.",2026-03-31,2026-06-25,代表取締役社長 佐々 昌俊,9,6.0,3.0,0.333,0.3333,9.0,0.0,46.0,21.0,4191128.0,0.02,0.744,,53000000.0,0,clean,
S100YJUI,E01954,6964,listed,電気機器,株式会社サンコー,"SANKO CO., LTD.",2026-03-31,2026-06-25,代表取締役社長 竹村 潔,6,6.0,,,,,,44.5,21.2,5620601.0,0.0,0.715,,88948000.0,0,clean,
S100YJV2,E04346,9365,listed,倉庫・運輸関連,トレーディア株式会社,TRADIA CORPORATION,2026-03-31,2026-06-25,代表取締役 社長執行役員 吉田 大介,7,6.0,1.0,0.143,0.1429,7.0,0.0,43.4,19.1,5830560.0,0.159,0.795,,80683000.0,0,clean,
S100YJV7,E33882,9272,listed,小売業,ブティックス株式会社,"Boutiques,Inc.",2026-03-31,2026-06-25,代表取締役社長 新村 祐三,6,5.0,1.0,0.167,0.1667,6.0,0.0,32.6,2.6,6437000.0,0.348,0.682,,94547000.0,0,clean,
S100YJVG,E02024,6890,listed,電気機器,株式会社フェローテック(旧会社名 株式会社フェローテックホールディングス),Ferrotec Corporation(旧英訳名 Ferrotec Holdings Corporation),2026-03-31,2026-06-25,代表取締役社長 賀 賢漢,12,10.0,2.0,0.167,0.1667,12.0,0.0,42.4,10.4,6705000.0,0.051,0.909,,1097000000.0,2,clean,
S100YJVJ,E02441,7877,listed,化学,永大化工株式会社,"EIDAI KAKO CO.,LTD.",2026-03-31,2026-06-25,代表取締役社長 浦 義則,5,5.0,0.0,0.0,0.0,5.0,0.0,43.8,16.0,5898000.0,0.159,0.697,,81482000.0,0,clean,
S100YJVO,E05690,3849,listed,情報・通信業,日本テクノ・ラボ株式会社,NIPPON TECHNO LAB INC.,2026-03-31,2026-06-25,代表取締役社長 松村 泳成,11,11.0,0.0,0.0,0.0,11.0,0.0,49.5,17.2,7212797.0,,,,33480000.0,0,clean,
S100YJVP,E01471,6018,listed,輸送用機器,阪神内燃機工業株式会社,"The Hanshin Diesel Works,Ltd.",2026-03-31,2026-06-25,代表取締役社長 木下 和彦,9,7.0,2.0,0.222,0.2222,9.0,0.0,42.0,19.0,6637704.0,0.043,0.833,,142895000.0,0,clean,
S100YJVQ,E00090,1808,listed,建設業,株式会社長谷工コーポレーション,HASEKO Corporation,2026-03-31,2026-06-25,代表取締役社長 熊 野 聡,16,14.0,2.0,0.125,0.125,16.0,0.0,39.4,14.7,10399403.0,0.052,0.67,,1141000000.0,6,clean,
S100YJVV,E00113,1968,listed,建設業,太平電業株式会社,"TAIHEI DENGYO KAISHA,LTD.",2026-03-31,2026-06-25,代表取締役社長執行役員 伊 藤 浩 明,14,11.0,3.0,0.21,0.2143,14.0,0.0,43.0,16.7,7877000.0,0.018,0.623,,382000000.0,0,clean,
S100YJWD,E03139,9831,listed,小売業,株式会社ヤマダホールディングス,"YAMADA HOLDINGS CO., LTD.",2026-03-31,2026-06-25,代表取締役会長兼CEO 山田 昇,12,10.0,2.0,0.167,0.1667,12.0,0.0,46.9,14.1,5602183.0,0.125,0.637,,771000000.0,1,clean,
S100YJWK,E04991,4678,listed,サービス業,株式会社秀英予備校,"SHUEI YOBIKO Co., Ltd.",2026-03-31,2026-06-25,代表取締役社長 渡 辺 武,10,9.0,1.0,0.1,0.1,10.0,0.0,37.8,12.5,4950.0,0.051,0.821,,187073000.0,0,clean,
S100YJXF,E04791,,unlisted,サービス業,三井住友ファイナンス&リース株式会社,"Sumitomo Mitsui Finance and Leasing Company, Limited",2025-03-31,2025-06-26,代表取締役社長 今枝 哲郎,14,13.0,1.0,0.07,0.0714,14.0,0.0,42.0,13.0,9402000.0,0.141,0.573,,,0,clean,
S100YJYC,E01364,5918,listed,金属製品,瀧上工業株式会社,"The Takigami Steel Construction Co.,Ltd.",2026-03-31,2026-06-25,代表取締役社長 瀧 上 晶 義,10,10.0,,,,,,46.2,15.2,6541204.0,0.017,0.64,,119000000.0,0,clean,
S100YJYE,E01130,5233,listed,ガラス・土石製品,太平洋セメント株式会社,TAIHEIYO CEMENT CORPORATION,2026-03-31,2026-06-25,代表取締役社長 田浦 良文,13,11.0,2.0,0.154,0.1538,13.0,0.0,39.6,16.8,8456736.0,0.037,0.716,,716000000.0,2,clean,
S100YJYT,E01365,5922,listed,金属製品,那須電機鉄工株式会社,"NASU DENKI-TEKKO CO.,LTD.",2026-03-31,2026-06-25,代表取締役社長 鈴 木 智 晴,6,5.0,1.0,0.166,0.1667,6.0,0.0,45.4,17.9,5382000.0,,0.782,,145451000.0,0,clean,
S100YJYU,E35345,4488,listed,情報・通信業,AI inside 株式会社,AI inside Inc.,2026-03-31,2026-06-25,代表取締役社長CEO 渡久地 択,6,6.0,0.0,,0.0,6.0,0.0,39.4,3.04,9321000.0,0.297,,,152813000.0,0,clean,
S100YJYW,E03476,3034,listed,小売業,クオールホールディングス株式会社,"Qol Holdings Co.,Ltd.",2026-03-31,2026-06-25,代表取締役社長 中村 敬,12,10.0,2.0,0.167,0.1667,12.0,0.0,45.8,4.2,7241000.0,,,,270000000.0,0,clean,
S100YJZ0,E33834,3447,listed,金属製品,信和株式会社,"Shinwa Co., Ltd.",2026-03-31,2026-06-25,代表取締役社長 則武 栗夫,7,6.0,1.0,0.142,0.1429,7.0,0.0,42.2,10.2,5598000.0,0.073,,,151993000.0,0,clean,
S100YJZ1,E34720,7060,listed,サービス業,ギークス株式会社,geechs inc.,2026-03-31,2026-06-25,代表取締役CEO 曽根原 稔人,9,7.0,2.0,0.222,0.2222,9.0,0.0,31.95,3.86,5182000.0,0.214,,,104335000.0,0,clean,
S100YJZ3,E03450,3360,listed,卸売業,シップヘルスケアホールディングス株式会社,"SHIP HEALTHCARE HOLDINGS,INC.",2026-03-31,2026-06-25,代表取締役社長 大 橋 太,15,13.0,2.0,0.13,0.1333,15.0,0.0,46.4,10.3,8538000.0,,,,324000000.0,0,clean,
S100YJZD,E01817,6989,listed,電気機器,北陸電気工業株式会社,"HOKURIKU ELECTRIC INDUSTRY CO.,LTD.",2026-03-31,2026-06-25,代表取締役社長 下坂 立正,10,9.0,1.0,0.1,0.1,10.0,0.0,44.0,20.5,5739384.0,0.06,0.777,,109000000.0,0,clean,
S100YJZJ,E03664,8416,listed,銀行業,株式会社高知銀行,"THE BANK OF KOCHI,LTD.",2026-03-31,2026-06-25,取締役頭取 河合 祐子,11,9.0,2.0,0.1818,0.1818,11.0,0.0,40.0,16.4,5769000.0,0.296,0.704,,153000000.0,0,clean,
S100YJZT,E25665,6620,listed,電気機器,宮越ホールディングス株式会社,"Miyakoshi Holdings, Inc.",2026-03-31,2026-06-25,代表取締役会長兼社長 宮 越 邦 正,5,5.0,0.0,0.0,0.0,5.0,0.0,53.4,4.8,8955000.0,,,,36000000.0,0,clean,
S100YK07,E01571,6368,listed,機械,オルガノ株式会社,ORGANO CORPORATION,2026-03-31,2026-06-25,代表取締役社長 山 田 正 幸,12,10.0,2.0,0.167,0.1667,12.0,0.0,43.7,15.5,10366000.0,0.05,0.772,,325000000.0,0,clean,
S100YK09,E02879,7570,listed,卸売業,橋本総業ホールディングス株式会社,"HASHIMOTO SOGYO HOLDINGS CO.,LTD.",2026-03-31,2026-06-25,代表取締役社長 橋本 政昭,16,14.0,2.0,0.125,0.125,16.0,0.0,,,,,,,331000000.0,0,clean,
S100YK0D,E01841,6986,listed,電気機器,双葉電子工業株式会社,FUTABA CORPORATION,2026-03-31,2026-06-25,代表取締役 社長執行役員 有馬 資明,8,7.0,1.0,0.125,0.125,8.0,0.0,43.9,20.5,6059457.0,0.008,0.768,,141000000.0,0,clean,
S100YK0F,E30692,4247,listed,化学,ポバール興業株式会社,"POVAL KOGYO CO.,LTD.",2026-03-31,2026-06-25,代表取締役社長 松井 孝敏,7,6.0,1.0,0.14,0.1429,7.0,0.0,42.9,15.8,5289000.0,,,,56577000.0,0,clean,
S100YK0N,E05322,2349,listed,情報・通信業,株式会社エヌアイデイ,"Nippon Information Development Co.,Ltd.",2026-03-31,2026-06-25,代表取締役社長 小森 俊太郎,13,13.0,,,,,,38.8,14.2,5931000.0,0.035,0.791,,321888000.0,0,clean,
S100YK0W,E00007,1375,listed,水産・農林業,ユキグニファクトリー株式会社,"YUKIGUNI FACTORY CO.,LTD.",2026-03-31,2026-06-25,代表取締役社長 湯澤 尚史,7,4.0,3.0,0.429,0.4286,7.0,0.0,42.3,12.9,4691647.0,0.074,0.673,,101000000.0,0,clean,
S100YK0Y,E00686,3954,listed,パルプ・紙,昭和パックス株式会社,SHOWA PAXXS CORPORATION,2026-03-31,2026-06-25,代表取締役社長 小野寺 香一,10,10.0,,,,,,36.0,13.0,5875176.0,,0.586,,88000000.0,0,clean,
S100YK10,E02134,7102,listed,輸送用機器,日本車輌製造株式会社,"NIPPON SHARYO,LTD.",2026-03-31,2026-06-25,代表取締役社長 田中 守,11,10.0,1.0,0.091,0.0909,11.0,0.0,40.3,16.1,7026000.0,0.003,0.739,,172000000.0,0,clean,
S100YK13,E03850,,unlisted,保険業,共栄火災海上保険株式会社,"The Kyoei Fire and Marine Insurance Company, Limited",2026-03-31,2026-06-25,取締役社長 久保田 哲史,0,,,,,,,,,,,,,,0,no_tagged_board,officers table is TextBlock only
S100YK16,E41130,543A,listed,輸送用機器,ARCHION株式会社,ARCHION Corporation,2026-03-31,2026-06-25,代表取締役社長 CEO カール・デッペン,9,7.0,2.0,0.222,0.2222,9.0,0.0,,,,,,,,0,clean,
S100YK1M,E37523,9220,listed,サービス業,エフビー介護サービス株式会社,"FB CARE SERVICE CO.,LTD.",2026-03-31,2026-06-25,代表取締役社長 栁澤 美穂,9,7.0,2.0,0.222,0.2222,9.0,0.0,45.4,6.6,4107000.0,0.464,0.705,,66000000.0,0,clean,
S100YK1N,E00491,2594,listed,食料品,キーコーヒー株式会社,KEY COFFEE INC,2026-03-31,2026-06-25,代表取締役社長 柴 田 裕,9,7.0,2.0,0.222,0.2222,9.0,0.0,41.5,16.6,5432882.0,0.065,0.509,,184000000.0,0,clean,
S100YK1Z,E00030,3315,listed,石油・石炭製品,日本コークス工業株式会社,"NIPPON COKE &amp; ENGINEERING COMPANY,LIMITED",2026-03-31,2026-06-25,代表取締役社長 松岡 弘明,9,9.0,,,,,,40.4,18.2,6066971.0,,0.737,,115000000.0,0,clean,
S100YK21,E00093,1814,listed,建設業,大末建設株式会社,"DAISUE CONSTRUCTION CO., LTD.",2026-03-31,2026-06-25,代表取締役社長 村 尾 和 則,10,8.0,2.0,0.2,0.2,10.0,0.0,41.7,16.8,9261812.0,0.089,0.801,,348000000.0,1,clean,
S100YK22,E00584,3583,listed,繊維製品,オーベクス株式会社,AuBEX CORPORATION,2026-03-31,2026-06-25,代表取締役社長 栗 原 則 義,10,10.0,,,,,,45.2,17.1,5942000.0,0.077,,,121043000.0,0,clean,
S100YK25,E02066,6750,listed,電気機器,エレコム株式会社,"ELECOM CO., LTD.",2026-03-31,2026-06-25,代表取締役社長執行役員 石見 浩一,11,10.0,1.0,0.091,0.0909,11.0,0.0,37.1,8.51,6742670.0,0.037,0.661,,276000000.0,0,clean,
S100YK2G,E04221,9036,listed,陸運業,東部ネットワーク株式会社,"TOHBU NETWORK CO.,LTD.",2026-03-31,2026-06-25,代表取締役社長兼社長執行役員 若山 良孝,9,7.0,2.0,0.222,0.2222,9.0,0.0,53.9,12.9,5130000.0,0.03,0.722,,104049000.0,0,clean,
S100YK2J,E01408,5905,listed,金属製品,日本製罐株式会社,NIHON SEIKAN K.K.,2026-03-31,2026-06-25,代表取締役社長 西尾 文隆,8,7.0,1.0,0.125,0.125,8.0,0.0,44.7,14.5,5923526.0,0.036,0.587,,64412000.0,0,clean,
S100YK2Q,E00935,4521,listed,医薬品,科研製薬株式会社,"KAKEN PHARMACEUTICAL CO., LTD.",2026-03-31,2026-06-25,代表取締役社長 堀 内 裕 之,12,10.0,2.0,0.167,0.1667,12.0,0.0,41.9,17.3,8748060.0,0.072,0.753,,363000000.0,1,clean,
S100YK2R,E00201,1869,listed,建設業,名工建設株式会社,"MEIKO CONSTRUCTION CO.,LTD.",2026-03-31,2026-06-25,代表取締役社長 松野 篤二,13,13.0,,,,,,41.2,18.1,8995000.0,0.006,0.555,,231000000.0,0,clean,
S100YK2X,E04223,9034,listed,陸運業,南総通運株式会社,"NANSO Transport Co.,Ltd.",2026-03-31,2026-06-25,代表取締役社長 今 井 利 彦,13,11.0,2.0,0.153,0.1538,13.0,0.0,48.5,13.4,5031873.0,0.12,0.671,,187302000.0,0,clean,
S100YK39,E02824,7458,listed,卸売業,株式会社第一興商,"DAIICHIKOSHO CO., LTD.",2026-03-31,2026-06-25,代表取締役社長 保志 忠郊,10,9.0,1.0,0.1,0.1,10.0,0.0,40.5,11.8,6162590.0,0.019,0.515,,504000000.0,1,clean,
S100YK3E,E36714,7129,listed,小売業,ミアヘルサホールディングス株式会社,Miahelsa Holdings Corporation,2026-03-31,2026-06-25,代表取締役社長 青木 文恵,7,5.0,2.0,0.286,0.2857,7.0,0.0,,,,,,,122598000.0,0,clean,
S100YK3Q,E00360,2114,listed,食料品,フジ日本株式会社,Fuji Nihon Corporation,2026-03-31,2026-06-22,代表取締役社長 曾 我 英 俊,8,7.0,1.0,0.125,0.125,8.0,0.0,40.7,12.4,8759000000.0,0.0714,0.745,,94000000.0,0,clean,
S100YK3R,E05159,8473,listed,証券、商品先物取引業,SBIホールディングス株式会社,"SBI Holdings, Inc.",2026-03-31,2026-06-25,代表取締役 会長 兼 社長 北尾 吉孝,19,16.0,3.0,0.158,0.1579,19.0,0.0,41.3,5.7,10065718.0,0.269,0.633,,954000000.0,3,clean,
S100YK3T,E02699,8226,listed,卸売業,株式会社 理経,RIKEI CORPORATION,2026-03-31,2026-06-25,代表取締役社長 猪 坂 哲,13,11.0,2.0,0.154,0.1538,13.0,0.0,47.7,16.2,6525196.0,0.089,,,97680000.0,0,clean,
S100YK3U,E04251,9130,listed,海運業,共栄タンカー株式会社,"KYOEI TANKER CO., LTD.",2026-03-31,2026-06-25,代表取締役社長 近藤 耕司,11,10.0,1.0,0.091,0.0909,11.0,0.0,37.4,11.0,9562721.0,,,,130084000.0,0,clean,
S100YK3W,E00400,2540,listed,食料品,養命酒製造株式会社,"YOMEISHU SEIZO CO., LTD.",2026-03-31,2026-06-25,代表取締役社長 田 中 英 雄,9,7.0,2.0,0.22,0.2222,9.0,0.0,46.1,20.0,5923371.0,0.12,0.56,,152000000.0,0,clean,
S100YK3Y,E01536,6331,listed,機械,三菱化工機株式会社,"Mitsubishi Kakoki Kaisha, Ltd.",2026-03-31,2026-06-25,代表取締役社長執行役員 田中 利一,11,8.0,3.0,0.273,0.2727,11.0,0.0,46.5,16.2,8593782.0,0.044,0.853,,370000000.0,0,clean,
S100YK40,E01324,7414,listed,卸売業,小野建株式会社,"ONOKEN CO.,LTD.",2026-03-31,2026-06-25,代表取締役社長 小野 剛,11,9.0,2.0,0.182,0.1818,11.0,0.0,39.0,8.0,5140348.0,0.015,0.61,,695000000.0,1,clean,
S100YK48,E03508,3069,listed,小売業,株式会社JFLAホールディングス,JFLA Holdings Inc.,2026-03-31,2026-06-25,代表取締役社長 檜垣 周作,12,9.0,3.0,0.25,0.25,12.0,0.0,48.6,7.8,5985999.0,0.09,0.81,,77610000.0,0,clean,
S100YK4A,E05269,4347,listed,サービス業,ブロードメディア株式会社,Broadmedia Corporation,2026-03-31,2026-06-25,代表取締役社長 橋 本 太 郎,11,9.0,2.0,0.182,0.1818,11.0,0.0,40.3,9.7,5093672.0,0.22,0.725,,129327000.0,0,clean,
S100YK4B,E00268,1780,listed,建設業,株式会社ヤマウラ,YAMAURA CORPORATION,2026-03-31,2026-06-25,代表取締役社長 山 浦 正 貴,10,9.0,1.0,0.1,0.1,10.0,0.0,43.1,12.4,8243000.0,0.016,0.6394,,224247000.0,0,clean,
S100YK4J,E04119,,unlisted,陸運業,広島観光開発株式会社,"Hiroshima Tourism promotion Co., Ltd.",2026-03-31,2026-06-25,代表取締役社長 田村 智康,0,,,,,,,,,,,,,,0,no_tagged_board,officers table is TextBlock only
S100YK4M,E01024,4231,listed,化学,タイガースポリマー株式会社,TIGERS POLYMER CORPORATION,2026-03-31,2026-06-25,代表取締役社長 澤 田 宏 治,12,10.0,2.0,0.16,0.1667,12.0,0.0,44.2,18.5,6152000.0,0.024,0.725,,183249000.0,0,clean,
S100YK4R,E02807,7444,listed,卸売業,ハリマ共和物産株式会社,"Harima-Kyowa Co., LTD.",2026-03-31,2026-06-25,代表取締役社長 土屋 匡輝,9,9.0,,,,,,40.0,14.0,5485152.0,,,,218048000.0,0,clean,
S100YK4U,E00344,1380,listed,水産・農林業,株式会社秋川牧園,"AKIKAWA FOODS &amp; FARMS CO., LTD.",2026-03-31,2026-06-25,代表取締役社長 秋川 正,9,7.0,2.0,0.222,0.2222,9.0,0.0,43.3,13.5,5002000.0,0.154,0.61,,38121000.0,0,clean,
S100YK4Z,E01166,5237,listed,ガラス・土石製品,株式会社ノザワ,NOZAWA CORPORATION,2026-03-31,2026-06-25,代表取締役社長 野 澤 俊 也,14,14.0,,,,,,46.9,22.3,6679000.0,0.04,0.663,,207875000.0,0,clean,
S100YK5J,E04089,9006,listed,陸運業,京浜急行電鉄株式会社,Keikyu Corporation,2026-03-31,2026-06-25,取締役社長 川 俣 幸 宏,13,11.0,2.0,0.15,0.1538,13.0,0.0,40.0,17.0,7227495.0,0.07,0.787,,546000000.0,0,clean,
S100YK5N,E05361,2378,listed,サービス業,株式会社ルネサンス,"RENAISSANCE,INCORPORATED",2026-03-31,2026-06-25,代表取締役社長執行役員 望 月 美 佐 緒,12,7.0,5.0,0.417,0.4167,12.0,0.0,38.7,11.8,5691000.0,0.22,0.754,,237831000.0,0,clean,
S100YK5W,E32203,6193,listed,サービス業,バーチャレクス・ホールディングス株式会社,"Virtualex Holdings, Inc.",2026-03-31,2026-06-25,代表取締役社長 丸山 栄樹,8,8.0,,,,,,45.0,2.3,10800000.0,,,,90300000.0,0,clean,
S100YK5Y,E04247,9363,listed,倉庫・運輸関連,株式会社大運,"DAIUN CO., LTD.",2026-03-31,2026-06-25,代表取締役社長 岩 崎 雅 信,8,8.0,0.0,0.0,0.0,8.0,0.0,50.0,22.6,6113000.0,,,,58440000.0,0,clean,
S100YK61,E01052,4234,listed,化学,株式会社サンエー化研,"Sun A.Kaken Company,Limited",2026-03-31,2026-06-25,代表取締役社長 櫻田 武志,9,9.0,,,,,,44.0,18.0,6290000.0,,0.677,,105908000.0,0,clean,
S100YK63,E02005,6867,listed,電気機器,リーダー電子株式会社,LEADER ELECTRONICS CORPORATION,2026-03-31,2026-06-25,代表取締役社長 長尾 行造,8,8.0,,,,,,45.0,17.0,6830933.0,,,,66669000.0,0,clean,
S100YK6C,E38382,7118,listed,小売業,株式会社伸和ホールディングス,"Shinwa-holdings Co., Ltd.",2026-03-31,2026-06-25,代表取締役社長 佐々木 稔之,11,10.0,1.0,0.091,0.0909,11.0,0.0,40.9,5.8,4452000.0,,0.75,,182250000.0,0,clean,
S100YK6H,E02269,7726,listed,機械,黒田精工株式会社,KURODA PRECISION INDUSTRIES LTD.,2026-03-31,2026-06-25,取締役社長 黒田 浩史,11,10.0,1.0,0.091,0.0909,11.0,0.0,42.2,15.8,5902000.0,0.03,0.64,,128480000.0,0,clean,
S100YK73,E05385,2395,listed,サービス業,株式会社新日本科学,"SHIN NIPPON BIOMEDICAL LABORATORIES, LTD.",2026-03-31,2026-06-25,代表取締役会長兼社長 永田 良一,15,11.0,4.0,0.267,0.2667,15.0,0.0,38.5,10.2,6702701.0,0.247,0.695,,426500000.0,0,clean,
S100YK7M,E01156,5261,listed,サービス業,リソルホールディングス株式会社,"RESOL HOLDINGS Co.,Ltd.",2026-03-31,2026-06-25,代表取締役社長 大澤 勝,9,9.0,,,,,,38.8,9.2,7326953.0,0.375,0.735,,191000000.0,0,clean,
S100YK7Q,E03984,8881,listed,不動産業,株式会社日神グループホールディングス,"NISSHIN GROUP HOLDINGS Company, Limited",2026-03-31,2026-06-25,代表取締役社長 神山 隆志,13,11.0,2.0,0.154,0.1538,13.0,0.0,42.2,14.9,4989884.0,,,,74990000.0,0,clean,
S100YK7V,E05029,4719,listed,情報・通信業,株式会社アルファシステムズ,ALPHA SYSTEMS INC.,2026-03-31,2026-06-25,代表取締役社長 竹原 政義,9,8.0,1.0,0.111,0.1111,9.0,0.0,38.9,15.7,6799927.0,0.051,0.82,,346000000.0,1,clean,
S100YK86,E36261,4193,listed,情報・通信業,株式会社ファブリカホールディングス,"Fabrica Holdings Co., Ltd.",2026-03-31,2026-06-25,代表取締役社長CEO 谷口 政人,10,10.0,,,,,,36.1,4.5,7800000.0,,,,173826000.0,0,clean,
S100YK8I,E04824,9733,listed,サービス業,株式会社ナガセ,Nagase Brothers Inc.,2026-03-31,2026-06-25,代表取締役社長 永瀬 昭幸,9,9.0,,,,,,38.3,12.0,8917862.0,0.12,0.659,,332000000.0,1,clean,
S100YK8S,E02488,6257,listed,機械,株式会社藤商事,"FUJISHOJI CO.,LTD.",2026-03-31,2026-06-25,代表取締役社長 松下 智人,9,9.0,,,,,,43.1,14.5,6525000.0,0.0182,0.6699,,579000000.0,2,clean,
S100YK97,E05381,2393,listed,サービス業,株式会社日本ケアサプライ,"Nippon Care Supply Co.,Ltd.",2026-03-31,2026-06-25,代表取締役社長 平松 雅之,9,6.0,3.0,0.333,0.3333,9.0,0.0,41.6,9.5,4907242.0,0.138,0.788,,120145000.0,0,clean,
S100YK99,E00347,2003,listed,食料品,日東富士製粉株式会社,"NITTO FUJI FLOUR MILLING CO.,LTD.",2026-03-31,2026-06-25,代表取締役社長 宮 原 朋 宏,9,6.0,3.0,0.33,0.3333,9.0,0.0,41.1,16.0,6561419.0,0.106,0.734,,160000000.0,0,clean,
S100YK9A,E32169,6615,listed,電気機器,ユー・エム・シー・エレクトロニクス株式会社,"UMC Electronics Co.,Ltd.",2026-03-31,2026-06-25,代表取締役社長 大年 浩太,6,6.0,0.0,0.0,0.0,6.0,0.0,45.0,13.3,6234524.0,0.098,0.527,,61000000.0,0,clean,
S100YK9E,E01163,5391,listed,ガラス・土石製品,株式会社エーアンドエーマテリアル,A&amp;A Material Corporation,2026-03-31,2026-06-25,代表取締役社長 巻 野 徹,9,7.0,2.0,0.222,0.2222,9.0,0.0,42.3,17.0,6998038.0,0.025,0.631,,180000000.0,0,clean,
S100YK9N,E02288,7735,listed,電気機器,株式会社SCREENホールディングス,"SCREEN Holdings Co., Ltd.",2026-03-31,2026-06-25,取締役社長 後 藤 正 人,12,11.0,1.0,0.083,0.0833,12.0,0.0,42.0,13.9,10802000.0,,0.787,,664000000.0,2,clean,
S100YK9Q,E00056,1861,listed,建設業,株式会社熊谷組,"Kumagai Gumi Co.,Ltd.",2026-03-31,2026-06-25,取締役社長 上 田 真,12,10.0,2.0,0.167,0.1667,12.0,0.0,44.0,18.6,9179351.0,0.065,0.66,,284000000.0,0,clean,
S100YK9U,E05228,4316,listed,情報・通信業,株式会社ビーマップ,"BeMap, Inc.",2026-03-31,2026-06-25,代表取締役社長 杉 野 文 則,7,7.0,,,,,,42.0,11.1,6242000.0,,,,73440000.0,0,clean,
S100YK9X,E01795,6775,listed,電気機器,株式会社TBグループ,TB GROUP INC.,2026-03-31,2026-06-25,代表取締役会長兼社長 村田 三郎,8,8.0,,,,,,47.6,15.8,4947857.0,0.074,0.703,,44151000.0,0,clean,
S100YKA9,E03291,7550,listed,小売業,株式会社ゼンショーホールディングス,"ZENSHO HOLDINGS CO.,LTD.",2026-03-31,2026-06-25,代表取締役社長兼CEO 小川 洋平,12,11.0,1.0,0.083,0.0833,12.0,0.0,39.4,8.5,8302000.0,0.138,0.697,,972000000.0,2,clean,
S100YKAO,E00679,7987,listed,その他製品,ナカバヤシ株式会社,"NAKABAYASHI CO.,LTD.",2026-03-31,2026-06-25,代表取締役 社長執行役員 中林 一良,11,10.0,1.0,0.09,0.0909,11.0,0.0,42.7,14.8,5537405.0,0.045,0.541,,109000000.0,0,clean,
S100YKAR,E04964,4651,listed,サービス業,株式会社サニックスホールディングス,SANIX HOLDINGS INCORPORATED,2026-03-31,2026-06-25,代表取締役社長 宗 政 寛,6,6.0,0.0,0.0,0.0,6.0,0.0,44.5,9.7,4801000.0,0.069,0.635,,105000000.0,0,clean,
S100YKAV,E01754,6648,listed,電気機器,株式会社かわでん,KAWADEN CORPORATION,2026-03-31,2026-06-25,代表取締役社長 社長執行役員 小川 善之,12,11.0,1.0,0.083,0.0833,12.0,0.0,40.5,16.6,6913007.0,0.031,0.739,,329706000.0,0,clean,
S100YKAW,E01495,6134,listed,機械,株式会社FUJI,FUJI CORPORATION,2026-03-31,2026-06-25,代表取締役社長 五十棲 丈二,9,6.0,3.0,0.333,0.3333,9.0,0.0,44.2,19.8,8326000.0,0.034,0.608,,375000000.0,0,clean,
S100YKAZ,E00008,1379,listed,水産・農林業,ホクト株式会社,HOKUTO CORPORATION,2026-03-31,2026-06-25,代表取締役社長 水野 雅義,11,10.0,1.0,0.091,0.0909,11.0,0.0,40.6,14.5,6029004.0,0.0,0.499,,200000000.0,0,clean,
S100YKBD,E01624,6495,listed,機械,株式会社宮入バルブ製作所,"MIYAIRI VALVE MFG. CO., LTD.",2026-03-31,2026-06-25,代表取締役社長 西田 憲司,8,7.0,1.0,0.125,0.125,8.0,0.0,45.2,15.9,6280674.0,0.114,,,124831000.0,0,clean,
S100YKBP,E02271,7731,listed,精密機器,株式会社ニコン,NIKON CORPORATION,2026-03-31,2026-06-25,代表取締役 兼 社長執行役員 CEO 大 村 泰 弘,11,9.0,2.0,0.182,0.1818,11.0,0.0,41.9,13.7,7989362.0,0.08,0.816,,477000000.0,2,clean,
S100YKC2,E00948,4559,listed,医薬品,ゼリア新薬工業株式会社,"ZERIA PHARMACEUTICAL CO., LTD.",2026-03-31,2026-06-25,代表取締役社長 伊 部 充 弘,10,9.0,1.0,0.1,0.1,10.0,0.0,42.7,17.96,7991507.0,0.111,0.687,,301050000.0,0,clean,
S100YKCI,E04178,9068,listed,陸運業,丸全昭和運輸株式会社,"Maruzen Showa Unyu Co.,Ltd.",2026-03-31,2026-06-25,代表取締役社長 岡田 廣次,8,7.0,1.0,0.125,0.125,8.0,0.0,40.5,16.2,7018578.0,0.049,0.747,,277000000.0,0,clean,
S100YKCP,E01486,6113,listed,機械,株式会社アマダ,"AMADA CO., LTD.",2026-03-31,2026-06-25,代表取締役社長執行役員 山 梨 貴 昭,13,11.0,2.0,0.154,0.1538,13.0,0.0,44.6,18.5,7415000.0,,0.683,,481000000.0,2,clean,
S100YKCQ,E02895,7602,listed,卸売業,株式会社レダックス,"Ledax Co.,Ltd.",2026-03-31,2026-06-25,取締役兼代表執行役社長 長倉 統己,7,7.0,,,,,,47.1,9.7,4180000.0,0.4,0.888,,56496000.0,0,clean,
S100YKCS,E05159,8473,listed,証券、商品先物取引業,SBIホールディングス株式会社,"SBI Holdings, Inc.",2022-03-31,2022-07-27,代表取締役 会長 兼 社長 北尾 吉孝,18,15.0,3.0,0.167,0.1667,18.0,0.0,39.7,6.7,8685189.0,,,,1292000000.0,3,clean,
S100YKCT,E00771,4046,listed,化学,株式会社大阪ソーダ,"OSAKA SODA CO., LTD.",2026-03-31,2026-06-25,代表取締役社長執行役員 寺 田 健 志,9,8.0,1.0,0.111,0.1111,9.0,0.0,42.1,17.3,7272000.0,0.041,0.852,,168000000.0,0,clean,
S100YKCU,E03460,3375,listed,小売業,株式会社ZOA,ZOA CORPORATION,2026-03-31,2026-06-25,代表取締役社長執行役員 伊井 一史,6,5.0,1.0,0.167,0.1667,6.0,0.0,44.0,14.0,5115759.0,0.026,0.576,,98241000.0,0,clean,
S100YKCW,E01493,6125,listed,機械,株式会社岡本工作機械製作所,"OKAMOTO MACHINE TOOL WORKS,LTD.",2026-03-31,2026-06-25,代表取締役社長 石井 常路,12,11.0,1.0,0.083,0.0833,12.0,0.0,42.6,15.8,6200000.0,0.017,0.671,,144000000.0,0,clean,
S100YKD1,E21342,1514,listed,鉱業,住石ホールディングス株式会社,"Sumiseki Holdings,Inc.",2026-03-31,2026-06-25,代表取締役社長 森 省輔,9,9.0,,,,,,48.1,20.1,6101176.0,,,,94000000.0,0,clean,
S100YKD9,E04254,9171,listed,海運業,栗林商船株式会社,"Kuribayashi Steamship Co., Ltd.",2026-03-31,2026-06-25,代表取締役社長 栗 林 宏 吉,12,12.0,0.0,0.0,0.0,12.0,0.0,42.9,11.5,8468000.0,0.05,,,208522000.0,1,clean,
S100YKDC,E01362,5915,listed,金属製品,株式会社駒井ハルテック,KOMAIHALTEC Inc.,2026-03-31,2026-06-25,代表取締役社長 駒 井 恵 美,11,10.0,1.0,0.091,0.0909,11.0,0.0,44.2,15.2,5989446.0,0.043,0.763,,131000000.0,0,clean,
S100YKDH,E01398,9930,listed,卸売業,北沢産業株式会社,"KITAZAWA SANGYO CO.,LTD.",2026-03-31,2026-06-25,代表取締役社長 北 川 正 樹,12,11.0,1.0,0.083,0.0833,12.0,0.0,45.0,15.0,4966157.0,,,,92790000.0,0,clean,
S100YKDZ,E04877,9928,listed,情報・通信業,株式会社ミロク情報サービス,"MIROKU JYOHO SERVICE CO.,LTD.",2026-03-31,2026-06-25,代表取締役社長 是 枝 周 樹,14,13.0,1.0,0.071,0.0714,14.0,0.0,38.3,11.3,6924864.0,0.142,0.817,,458000000.0,0,clean,
S100YKE1,E01610,6358,listed,機械,酒井重工業株式会社,"SAKAI HEAVY INDUSTRIES, LTD.",2026-03-31,2026-06-25,代表取締役社長 酒井 一郎,5,4.0,1.0,0.2,0.2,5.0,0.0,39.0,13.0,6188516.0,0.026,0.703,,155070000.0,0,clean,
S100YKE4,E05159,8473,listed,証券、商品先物取引業,SBIホールディングス株式会社,"SBI Holdings, Inc.",2023-03-31,2023-06-30,代表取締役 会長 兼 社長 北尾 吉孝,19,16.0,3.0,0.158,0.1579,19.0,0.0,40.2,6.0,8844032.0,,,,937000000.0,1,clean,
S100YKE5,E01662,6351,listed,機械,株式会社鶴見製作所,"TSURUMI MANUFACTURING CO.,LTD.",2026-03-31,2026-06-25,代表取締役社長 辻 本 治,10,9.0,1.0,0.1,0.1,10.0,0.0,40.5,14.2,6679000.0,,0.62,,213000000.0,0,clean,
S100YKE7,E36086,4167,listed,情報・通信業,株式会社ココペリ,Kokopelli Inc.,2026-03-31,2026-06-25,代表取締役CEO 近藤 繁,8,7.0,1.0,0.12,0.125,8.0,0.0,36.7,3.1,6146000.0,,,,63584000.0,0,clean,
S100YKEL,E01057,4464,listed,化学,株式会社ソフト99コーポレーション,SOFT99corporation,2026-03-31,2026-06-25,代表取締役社長 小西 紀行,11,9.0,2.0,0.182,0.1818,11.0,0.0,44.0,17.0,7370604.0,0.092,0.518,,243650000.0,0,clean,
S100YKEP,E01899,6994,listed,電気機器,株式会社指月電機製作所,SHIZUKI ELECTRIC COMPANY INC.,2026-03-31,2026-06-25,取締役・代表執行役社長 稲垣 裕一,7,12.0,,,,,,39.4,12.2,6407907.0,0.047,0.759,,183479000.0,0,clean,
S100YKEV,E05159,8473,listed,証券、商品先物取引業,SBIホールディングス株式会社,"SBI Holdings, Inc.",2024-03-31,2024-06-27,代表取締役 会長 兼 社長 北尾 吉孝,19,16.0,3.0,0.158,0.1579,19.0,0.0,39.8,5.5,8979260.0,0.261,0.628,,911000000.0,4,clean,
S100YKF2,E02431,6907,listed,電気機器,ジオマテック株式会社,"GEOMATEC CO., LTD.",2026-03-31,2026-06-25,代表取締役社長兼CEO 松﨑 建太郎,6,6.0,,,,,,45.5,24.3,5150700.0,0.033,0.558,,40425000.0,0,clean,
S100YKF7,E04145,,unlisted,陸運業,東京臨海高速鉄道株式会社,"Tokyo Waterfront Area Rapid Transit,Inc.",2026-03-31,2026-06-25,代表取締役社長 上野 雄一,0,,,,,,,,,,,,,,0,no_tagged_board,officers table is TextBlock only
S100YKFH,E00494,2916,listed,食料品,仙波糖化工業株式会社,"Semba Tohka Industries Co.,Ltd.",2026-03-31,2026-06-25,代表取締役社長 小林 光夫,11,9.0,2.0,0.182,0.1818,11.0,0.0,41.0,16.0,6398131.0,0.11,0.705,,157804000.0,0,clean,
S100YKFU,E05159,8473,listed,証券、商品先物取引業,SBIホールディングス株式会社,"SBI Holdings, Inc.",2025-03-31,2025-06-26,代表取締役 会長 兼 社長 北尾 吉孝,18,15.0,3.0,0.167,0.1667,18.0,0.0,40.4,5.7,9769403.0,0.26,0.602,,888000000.0,4,clean,
S100YKG2,E04425,9433,listed,情報・通信業,KDDI株式会社,KDDI CORPORATION,2026-03-31,2026-06-25,代表取締役社長 CEO 松田 浩路,17,14.0,3.0,0.176,0.1765,17.0,0.0,42.3,16.4,10510939.0,0.108,0.833,,1142000000.0,5,clean,
S100YKG9,E00837,4367,listed,化学,広栄化学株式会社,"KOEI CHEMICAL COMPANY, LIMITED",2026-03-31,2026-06-25,代表取締役社長 佐 々 木 康 彰,8,6.0,2.0,0.25,0.25,8.0,0.0,41.8,15.3,7167000.0,0.08,0.811,,122840000.0,0,clean,
S100YKGG,E02070,6736,listed,電気機器,サン電子株式会社,SUNCORPORATION,2026-03-31,2026-06-25,代表取締役社長 内海 龍輔,9,8.0,1.0,0.111,0.1111,9.0,0.0,44.3,14.3,5605362.0,0.091,0.746,,204251000.0,0,clean,
S100YKGJ,E01719,6384,listed,機械,株式会社昭和真空,"SHOWA SHINKU CO., LTD.",2026-03-31,2026-06-25,代表取締役執行役員社長 田中 彰一,12,11.0,1.0,0.08,0.0833,12.0,0.0,45.4,19.9,6648000.0,,,,200920000.0,0,clean,
S100YKGK,E00794,6137,listed,機械,小池酸素工業株式会社,"KOIKE SANSO KOGYO CO.,LTD.",2026-03-31,2026-06-25,代表取締役社長 小池 英夫,9,9.0,,,,,,40.3,13.8,6408431.0,0.041,0.716,,239000000.0,0,clean,
S100YKGU,E05674,3840,listed,情報・通信業,パス株式会社,PATH corporation,2026-03-31,2026-06-25,代表取締役CEO 松尾 孝之,7,6.0,1.0,0.143,0.1429,7.0,0.0,47.1,2.2,4882000.0,,,,53400000.0,0,clean,
S100YKGW,E04215,9051,listed,陸運業,センコン物流株式会社,"SENKON LOGISTICS CO., LTD.",2026-03-31,2026-06-25,代表取締役社長 社長執行役員 久保田 賢 二,10,10.0,,,,,,45.0,13.8,4495000.0,0.075,0.757,,214257000.0,0,clean,
S100YKH4,E01977,6862,listed,電気機器,ミナトホールディングス株式会社,MINATO HOLDINGS INC.,2026-03-31,2026-06-25,代表取締役会長兼グループCEO 若 山 健 彦,9,6.0,3.0,0.33,0.3333,9.0,0.0,46.2,4.7,6118000.0,0.125,0.427,,250921000.0,0,clean,
S100YKH9,E03496,3068,listed,小売業,株式会社WDI,WDI Corporation,2026-03-31,2026-06-25,代表取締役 清水 謙,9,7.0,2.0,0.222,0.2222,9.0,0.0,41.5,10.7,6512416.0,,,,164304000.0,0,clean,
S100YKHN,E30066,3293,listed,不動産業,アズマハウス株式会社,"AZUMA HOUSE Co., Ltd.",2021-03-31,2021-06-29,代表取締役社長 東 行男,8,7.0,1.0,0.125,0.125,8.0,0.0,46.2,6.0,5665000.0,,,,148200000.0,0,clean,
S100YKHR,E01415,5936,listed,金属製品,東洋シヤッター株式会社,"TOYO SHUTTER CO., LTD.",2026-03-31,2026-06-25,代表取締役社長 岡 田 敏 夫,12,10.0,2.0,0.17,0.1667,12.0,0.0,42.4,16.2,6604000.0,0.027,0.633,,152960000.0,0,clean,
S100YKHZ,E32803,7192,listed,その他金融業,日本モーゲージサービス株式会社,Mortgage Service Japan Limited,2026-03-31,2026-06-25,代表取締役社長 鵜澤 泰功,8,7.0,1.0,0.125,0.125,8.0,0.0,47.3,7.9,7496640.0,0.23,,,120120000.0,0,clean,
S100YKI6,E04591,9635,listed,サービス業,武蔵野興業株式会社,"Musashino Kogyo Co., Ltd.",2026-03-31,2026-06-25,代表取締役社長 河野 義勝,7,6.0,1.0,0.142,0.1429,7.0,0.0,54.3,15.9,4554846.0,,,,88395000.0,0,clean,
S100YKIG,E38685,5579,listed,情報・通信業,株式会社GSI,"GSI Co., Ltd.",2026-03-31,2026-06-25,代表取締役社長 小沢 隆徳,9,8.0,1.0,0.111,0.1111,9.0,0.0,32.0,5.22,4307495.0,0.0,0.882,,68000000.0,0,clean,
S100YKIK,E31936,3926,listed,情報・通信業,株式会社オープンドア,Open Door Inc.,2026-03-31,2026-06-25,代表取締役社長 関根 大介,9,8.0,1.0,0.111,0.1111,9.0,0.0,37.4,6.6,4886000.0,0.095,,,106610000.0,0,clean,
S100YKIO,E02123,7003,listed,機械,株式会社三井E&amp;S,"MITSUI E&amp;S Co., Ltd.",2026-03-31,2026-06-25,代表取締役社長 高橋 岳之,7,5.0,2.0,0.286,0.2857,7.0,0.0,40.2,16.3,8021833.0,0.04,0.827,,222000000.0,0,clean,
S100YKK9,E25686,6625,listed,電気機器,JALCOホールディングス株式会社,JALCO Holdings Inc.,2026-03-31,2026-06-25,代表取締役社長 田辺 順一,6,6.0,,,,,,45.5,4.9,10860000.0,,,,135120000.0,1,clean,
S100YKKI,E04032,8935,listed,不動産業,株式会社FJネクストホールディングス,"FJ NEXT HOLDINGS CO., LTD.",2026-03-31,2026-06-25,代表取締役社長 肥田 恵輔,6,6.0,,,,,,36.2,11.0,7565000.0,,,,604000000.0,1,clean,
S100YKKS,E05303,2326,listed,情報・通信業,デジタルアーツ株式会社,Digital Arts Inc.,2026-03-31,2026-06-25,代表取締役社長 道具 登志夫,5,4.0,1.0,0.2,0.2,5.0,0.0,34.9,7.1,6990000.0,0.086,,,108000000.0,0,clean,
S100YKL0,E01283,5612,listed,鉄鋼,日本鋳鉄管株式会社,NIPPON CHUTETSUKAN K.K.,2026-03-31,2026-06-25,代表取締役社長 石 毛 俊 朗,9,8.0,1.0,0.111,0.1111,9.0,0.0,46.1,20.0,5923000.0,,0.761,,69000000.0,0,clean,
S100YKL4,E04273,9202,listed,空運業,ANAホールディングス株式会社,ANA HOLDINGS INC.,2026-03-31,2026-06-25,代表取締役社長 芝田 浩二,15,11.0,4.0,0.267,0.2667,15.0,0.0,46.2,2.9,7709000.0,,,,734000000.0,3,clean,
S100YKLQ,E30066,3293,listed,不動産業,アズマハウス株式会社,"AZUMA HOUSE Co., Ltd.",2022-03-31,2022-06-29,代表取締役社長 東 行男,8,7.0,1.0,0.125,0.125,8.0,0.0,47.0,7.0,5880000.0,,,,140300000.0,0,clean,
S100YKM2,E40400,332A,listed,情報・通信業,ミーク株式会社,MEEQ Inc.,2026-03-31,2026-06-25,代表取締役 執行役員社長 峯村 竜太,8,5.0,3.0,0.375,0.375,8.0,0.0,37.3,2.7,8012000.0,,,,90703000.0,0,clean,
S100YKM3,E34094,4387,listed,サービス業,株式会社ZUU,"ZUU Co., Ltd.",2026-03-31,2026-06-25,代表取締役 冨田 和成,7,6.0,1.0,0.143,0.1429,7.0,0.0,35.8,3.9,7225000.0,0.138,0.429,,91500000.0,0,clean,
S100YKMH,E05030,4720,listed,サービス業,株式会社城南進学研究社,"JOHNAN ACADEMIC PREPARATORY INSTITUTE,INC.",2026-03-31,2026-06-25,代表取締役社長CEO 千 島 克 哉,6,6.0,0.0,0.0,0.0,6.0,0.0,39.6,10.3,4426641.0,0.147,1.004,,66074000.0,0,clean,
S100YKN2,E30066,3293,listed,不動産業,アズマハウス株式会社,"AZUMA HOUSE Co., Ltd.",2023-03-31,2023-06-29,代表取締役社長 東 行男,8,7.0,1.0,0.125,0.125,8.0,0.0,47.3,7.0,5474000.0,,,,138900000.0,0,clean,
S100YKN6,E02223,7297,listed,輸送用機器,株式会社カーメイト,"CAR MATE MFG. CO., LTD.",2026-03-31,2026-06-25,代表取締役社長執行役員 徳 田 勝,12,12.0,0.0,0.0,0.0,12.0,0.0,46.0,18.7,6510000.0,0.04,0.598,,217798000.0,0,clean,
S100YKNC,E30066,3293,listed,不動産業,アズマハウス株式会社,"AZUMA HOUSE Co., Ltd.",2024-03-31,2024-06-28,代表取締役社長 東 行男,8,7.0,1.0,0.125,0.125,8.0,0.0,48.9,7.1,5538000.0,,,,145314000.0,0,clean,
S100YKNE,E30066,3293,listed,不動産業,アズマハウス株式会社,"AZUMA HOUSE Co., Ltd.",2025-03-31,2025-06-27,代表取締役社長 東 行男,8,7.0,1.0,0.125,0.125,8.0,0.0,48.8,8.1,5537000.0,,,,140838000.0,0,clean,
S100YKNJ,E03524,3096,listed,小売業,株式会社オーシャンシステム,OCEAN SYSTEM CORPORATION,2026-03-31,2026-06-25,代表取締役社長 樋口 勝人,12,12.0,,,,,,42.4,9.6,4282301.0,0.031,0.712,,202070000.0,0,clean,
S100YKNO,E05091,4762,listed,情報・通信業,株式会社エックスネット,XNET Corporation,2026-03-31,2026-06-25,代表取締役社長 茂谷 武彦,8,7.0,1.0,0.125,0.125,8.0,0.0,38.9,9.0,7862498.0,0.104,,,201000000.0,0,clean,
S100YKO7,E37214,9158,listed,サービス業,株式会社シーユーシー,CUC Inc.,2026-03-31,2026-06-25,代表取締役 濵口 慶太,7,5.0,2.0,0.286,0.2857,7.0,0.0,39.7,3.5,6661000.0,0.167,0.718,,199000000.0,0,clean,
S100YKO9,E05307,2329,listed,情報・通信業,株式会社東北新社,TOHOKUSHINSHA FILM CORPORATION,2026-03-31,2026-06-25,代表取締役社長 小坂 恵一,18,15.0,3.0,0.167,0.1667,18.0,0.0,39.5,12.5,6000000.0,0.239,0.744,,501000000.0,0,clean,
S100YKOI,E05665,8771,listed,その他金融業,イー・ギャランティ株式会社,"eGuarantee,Inc.",2026-03-31,2026-06-25,代表取締役社長 江 藤 公 則,12,11.0,1.0,0.08,0.0833,12.0,0.0,31.0,5.8,6314000.0,0.089,,,82268000.0,0,clean,
S100YKON,E37743,366A,listed,サービス業,ウェルネス・コミュニケーションズ株式会社,Wellness Communications Corporation,2026-03-31,2026-06-25,代表取締役社長 松田 泰秀,8,6.0,2.0,0.25,0.25,8.0,0.0,40.0,5.0,6105000.0,0.264,0.699,,92200000.0,0,clean,
S100YKOS,E02057,6786,listed,電気機器,株式会社RVH,RVH Inc.,2026-03-31,2026-06-25,代表取締役社長 荻野 善之,7,7.0,,,,,,54.0,5.0,8580000.0,,,,18600000.0,0,clean,
S100YKP8,E02645,8118,listed,繊維製品,株式会社 キング,"KING Co., Ltd.",2026-03-31,2026-06-25,代表取締役社長 木原 伸一,8,8.0,,,,,,43.7,18.4,7392000.0,,,,196000000.0,0,clean,
S100YKPM,E05648,8769,listed,保険業,株式会社アドバンテッジリスクマネジメント,"Advantage Risk Management Co., Ltd.",2026-03-31,2026-06-25,代表取締役社長 鳥越 慎二,7,5.0,2.0,0.286,0.2857,7.0,0.0,40.4,6.5,6439000.0,0.421,0.78,,100000000.0,0,clean,
S100YKPS,E35508,7091,listed,サービス業,株式会社リビングプラットフォーム,"Living Platform,Ltd.",2026-03-31,2026-06-25,代表取締役 金子 洋文,8,7.0,1.0,0.125,0.125,8.0,0.0,48.3,4.45,4999000.0,0.328,0.72,,50184000.0,0,clean,
S100YKPV,E04796,9769,listed,サービス業,株式会社 学究社,"GAKKYUSHA CO.,LTD.",2026-03-31,2026-06-25,取締役兼代表執行役社長COO 栗 﨑 篤 史,7,10.0,1.0,0.091,0.1429,11.0,4.0,36.4,8.0,4866780.0,0.243,0.546,,203676000.0,1,clean,
S100YKQ4,E02453,7860,listed,情報・通信業,エイベックス株式会社,Avex Inc.,2026-03-31,2026-06-25,代表取締役社長CEO 黒 岩 克 巳,8,6.0,2.0,0.25,0.25,8.0,0.0,42.5,12.8,7100000.0,0.15,0.564,,725000000.0,3,clean,
S100YKQB,E01115,5162,listed,ゴム製品,株式会社朝日ラバー,ASAHI RUBBER INC.,2026-03-31,2026-06-25,代表取締役社長 渡邉 陽一郎,7,7.0,,,,,,42.7,16.5,5736000.0,0.091,0.738,,135060000.0,0,clean,
S100YKQI,E34379,7042,listed,サービス業,株式会社アクセスグループ・ホールディングス,"ACCESS GROUP HOLDINGS CO.,LTD.",2026-03-31,2026-06-25,代表取締役社長 木村 勇也,12,11.0,1.0,0.083,0.0833,12.0,0.0,45.3,19.3,6135000.0,,,,111701000.0,0,clean,
S100YKQM,E02718,9867,listed,卸売業,ソレキア株式会社,Solekia Limited,2026-03-31,2026-06-25,代表取締役社長 小林 義和,16,16.0,,,,,,44.2,20.4,6660914.0,0.011,,,141384000.0,0,clean,
S100YKQN,E02028,6655,listed,電気機器,東洋電機株式会社,TOYO ELECTRIC CORPORATION,2026-03-31,2026-06-25,代表取締役 社長執行役員 松尾 昇光,6,6.0,0.0,0.0,0.0,6.0,0.0,44.3,16.7,5897000.0,0.059,0.611,,134000000.0,0,clean,
S100YKQX,E01981,6145,listed,機械,NITTOKU株式会社,"NITTOKU CO., LTD.",2026-03-31,2026-06-25,代表取締役 社長執行役員 CEO 笹 澤 純 人,9,6.0,3.0,0.333,0.3333,9.0,0.0,38.6,11.9,6576375.0,,0.605,,158000000.0,0,clean,
S100YKQY,E00027,1491,listed,非鉄金属,中外鉱業株式会社,"Chugai Mining Co.,Ltd.",2026-03-31,2026-06-25,代表取締役社長 西元 丈夫,12,12.0,,,,,,36.0,8.0,6053518.0,0.261,0.79,,98200000.0,0,clean,
S100YKRB,E05302,2323,listed,情報・通信業,株式会社fonfun,fonfun corporation,2026-03-31,2026-06-25,代表取締役社長 水口 翼,9,8.0,1.0,0.111,0.1111,9.0,0.0,37.8,7.5,5146000.0,0.0,0.78,,82627000.0,0,clean,
S100YKRG,E31035,2586,listed,食料品,株式会社フルッタフルッタ,FRUTA FRUTA INC.,2026-03-31,2026-06-25,代表取締役社長執行役員CEO 長澤 誠,7,7.0,,,,,,42.9,4.8,5766000.0,,,,59000000.0,0,clean,
S100YKRJ,E01425,5939,listed,金属製品,株式会社大谷工業,"OTANI KOGYO CO., LTD.",2026-03-31,2026-06-25,代表取締役社長 鈴 木 和 也,9,9.0,,,,,,42.2,18.5,6213500.0,,,,73000000.0,0,clean,
S100YKRT,E01929,6925,listed,電気機器,ウシオ電機株式会社,USHIO INC.,2026-03-31,2026-06-25,代表取締役社長 朝日 崇文,11,7.0,4.0,0.363,0.3636,11.0,0.0,44.5,20.4,7993595.0,0.069,0.717,,344000000.0,1,clean,
S100YKSL,E04934,9788,listed,サービス業,株式会社ナック,"NAC CO.,LTD.",2026-03-31,2026-06-25,代表取締役社長 吉村 寛,11,9.0,2.0,0.18,0.1818,11.0,0.0,39.68,10.45,5419000.0,0.073,0.528,,186000000.0,0,clean,
S100YKSU,E01352,5821,listed,非鉄金属,平河ヒューテック株式会社,HIRAKAWA HEWTECH CORP.,2026-03-31,2026-06-25,代表取締役 執行役員社長 篠 祐一,9,8.0,1.0,0.11,0.1111,9.0,0.0,43.0,20.7,5850700.0,0.022,0.606,,128000000.0,0,clean,
S100YKSV,E32153,6190,listed,サービス業,株式会社フェニックスバイオ,"PhoenixBio Co.,Ltd.",2026-03-31,2026-06-25,代表取締役 島田 卓,9,8.0,1.0,0.111,0.1111,9.0,0.0,48.8,14.6,5695000.0,,,,83995000.0,0,clean,
S100YKTS,E03945,8850,listed,不動産業,スターツコーポレーション株式会社,STARTS CORPORATION INC.,2026-03-31,2026-06-25,代表取締役社長 村石 豊隆,15,14.0,1.0,0.067,0.0667,15.0,0.0,37.47,14.64,6581708.0,0.216,0.669,,482000000.0,0,clean,
S100YKU0,E02682,8037,listed,卸売業,カメイ株式会社,KAMEI CORPORATION,2026-03-31,2026-06-25,代表取締役社長 亀井 昭男,11,10.0,1.0,0.091,0.0909,11.0,0.0,40.4,13.8,6828000.0,0.005,0.624,,231000000.0,0,clean,
S100YKUO,E30445,6092,listed,サービス業,株式会社エンバイオ・ホールディングス,"EnBio Holdings, Inc",2026-03-31,2026-06-25,代表取締役社長 中村 賀一,9,8.0,1.0,0.111,0.1111,9.0,0.0,41.43,4.95,6699000.0,,,,117000000.0,0,clean,
S100YKV1,E31065,9517,listed,電気・ガス業,イーレックス株式会社,"erex Co.,Ltd.",2026-03-31,2026-06-25,代表取締役社長 本名 均,11,10.0,1.0,0.091,0.0909,11.0,0.0,38.9,4.9,8857104.0,0.07,0.63,,468000000.0,1,clean,
S100YKV6,E36464,7368,listed,サービス業,表示灯株式会社,"HYOJITO Co., Ltd.",2026-03-31,2026-06-25,代表取締役社長 德毛 孝裕,10,10.0,,,,,,46.6,10.9,5378000.0,0.025,0.583,,158930000.0,0,clean,
S100YKVG,E27298,,unlisted,サービス業,株式会社桑名カントリー倶楽部,"The Kuwana Country Club Co.,Ltd.",2026-03-31,2026-06-25,代表取締役社長 吉田 克己,0,,,,,,,,,,,,,,0,no_tagged_board,officers table is TextBlock only
S100YKVK,E01578,6371,listed,機械,株式会社椿本チエイン,TSUBAKIMOTO CHAIN CO.,2026-03-31,2026-06-25,代表取締役社長 木 村 隆 利,10,9.0,1.0,0.1,0.1,10.0,0.0,43.5,16.5,6988832.0,0.028,0.615,,297000000.0,0,clean,
S100YKVO,E01952,6962,listed,電気機器,株式会社大真空,DAISHINKU CORP.,2026-03-31,2026-06-25,代表取締役社長 長谷川 晋平,9,8.0,1.0,0.111,0.1111,9.0,0.0,43.6,17.6,5620262.0,0.061,0.759,,157240000.0,0,clean,
S100YKVS,E04373,,unlisted,倉庫・運輸関連,首都高速道路株式会社,Metropolitan Expressway Company Limited,2026-03-31,2026-06-25,代表取締役社長 青木 由行,0,,,,,,,,,,,,,,0,no_tagged_board,officers table is TextBlock only
S100YKWG,E30877,3692,listed,情報・通信業,株式会社FFRIセキュリティ,"FFRI Security, Inc.",2026-03-31,2026-06-25,代表取締役社長 鵜飼 裕司,8,8.0,,,,,,38.1,4.9,7656000.0,,,,109038000.0,0,clean,
S100YKWY,E00304,1736,listed,建設業,株式会社オーテック,OTEC CORPORATION,2026-03-31,2026-06-25,代表取締役社長 市原 伸一,8,7.0,1.0,0.125,0.125,8.0,0.0,40.9,15.3,9119836.0,0.018,0.652,,319230000.0,0,clean,
S100YKYA,E02992,3388,listed,卸売業,明治電機工業株式会社,"MEIJI ELECTRIC INDUSTRIES CO.,LTD.",2026-03-31,2026-06-25,代表取締役社長 杉脇 弘基,7,5.0,2.0,0.286,0.2857,7.0,0.0,41.2,16.8,6655993.0,0.057,0.582,,225613000.0,0,clean,
S100YL02,E04589,9633,listed,サービス業,東京テアトル株式会社,"TOKYO THEATRES COMPANY, INCORPORATED",2026-03-31,2026-06-25,代表取締役社長 太田 和宏,11,11.0,,,,,,43.1,14.7,7583919.0,0.236,,,140000000.0,0,clean,
S100YL06,E01121,5202,listed,ガラス・土石製品,日本板硝子株式会社,"Nippon Sheet Glass Company, Limited",2026-03-31,2026-06-25,取締役代表執行役社長兼CEO 細沼 宗浩,8,18.0,1.0,0.053,0.125,19.0,11.0,46.5,20.9,7768766.0,0.056,0.749,,354000000.0,0,clean,
S100YL1G,E00696,7916,listed,その他製品,光村印刷株式会社,"MITSUMURA PRINTING CO., LTD.",2026-03-31,2026-06-25,代表取締役社長 嶋 山 芳 夫,10,9.0,1.0,0.1,0.1,10.0,0.0,47.2,25.2,4902324.0,0.077,0.779,,97932000.0,0,clean,
S100YL1X,E05621,2138,listed,情報・通信業,クルーズ株式会社,"CROOZ,Inc.",2026-03-31,2026-06-25,代表取締役社長 小渕 宏二,6,6.0,,0.0,,,,40.8,8.6,8437000.0,,,,113450000.0,0,clean,
S100YL24,E26713,6617,listed,電気機器,株式会社東光高岳,"TAKAOKA TOKO CO., LTD.",2026-03-31,2026-06-25,代表取締役社長 一ノ瀬 貴士,10,9.0,1.0,0.1,0.1,10.0,0.0,43.7,19.1,6737000.0,0.028,0.742,,149000000.0,0,clean,
S100YL2D,E01891,6993,listed,電気機器,大黒屋ホールディングス株式会社,"Daikokuya Holdings Co.,Ltd.",2026-03-31,2026-06-25,代表取締役社長 岩岡 迪弘,8,8.0,,,,,,59.9,23.7,4764000.0,,,,35718000.0,0,clean,
S100YL2H,E02566,8030,listed,卸売業,中央魚類株式会社,"Chuo Gyorui Co., Ltd.",2026-03-31,2026-06-25,代表取締役社長執行役員 今村 忠如,13,12.0,1.0,0.076,0.0769,13.0,0.0,44.2,14.8,6685089.0,0.032,0.646,,219720000.0,0,clean,
S100YL3J,E41028,438A,listed,情報・通信業,株式会社インフキュリオン,"Infcurion, Inc.",2026-03-31,2026-06-25,代表取締役社長CEO 丸山 弘毅,10,10.0,,,,,,37.2,2.9,7092837.0,0.16,0.735,,109165000.0,0,clean,
S100YL3N,E00787,4093,listed,化学,東邦アセチレン株式会社,"Toho Acetylene Co., Ltd.",2026-03-31,2026-06-25,代表取締役社長 堀 内 秀 敏,11,10.0,1.0,0.091,0.0909,11.0,0.0,40.4,16.1,6195000.0,0.02,0.606,,145094000.0,0,clean,
S100YL3Z,E01926,6997,listed,電気機器,日本ケミコン株式会社,NIPPON CHEMI-CON CORPORATION,2026-03-31,2026-06-25,代表取締役社長 今 野 健 一,11,9.0,2.0,0.18,0.1818,11.0,0.0,41.2,17.4,6186000.0,0.037,0.759,,215000000.0,0,clean,
S100YL49,E04328,9357,listed,倉庫・運輸関連,名港海運株式会社,"MEIKO TRANS CO.,LTD.",2026-03-31,2026-06-25,代表取締役社長 社長執行役員 髙橋 広,9,9.0,,,,,,42.6,19.0,7979138.0,0.022,0.665,,240000000.0,0,clean,
S100YL4L,E04371,,unlisted,倉庫・運輸関連,中日本高速道路株式会社,Central Nippon Expressway Company Limited,2026-03-31,2026-06-25,代表取締役社長 縄田 正,0,,,,,,,,,,,,,,0,no_tagged_board,officers table is TextBlock only
S100YL53,E01753,6584,listed,輸送用機器,三櫻工業株式会社,"Sanoh Industrial Co.,Ltd.",2026-03-31,2026-06-25,代表取締役社長 竹田 玄哉,12,9.0,3.0,0.25,0.25,12.0,0.0,43.0,16.0,6622792.0,0.068,0.59,,239000000.0,0,clean,
S100YL59,E26914,3896,listed,パルプ・紙,阿波製紙株式会社,"AWA PAPER &amp; TECHNOLOGICAL COMPANY, Inc.",2026-03-31,2026-06-25,代表取締役会長兼社長 三木 康弘,0,,,,,,,40.3,16.5,5226285.0,0.074,0.84,,163240000.0,0,no_tagged_board,officers table is TextBlock only
S100YL5B,E39194,5621,listed,情報・通信業,株式会社ヒューマンテクノロジーズ,"Human Technologies, Inc.",2026-03-31,2026-06-25,代表取締役社長 家﨑 晃一,8,6.0,2.0,0.25,0.25,8.0,0.0,38.0,4.4,6506000.0,0.25,0.75,,122850000.0,0,clean,
S100YL5P,E03333,7638,listed,小売業,株式会社NEW ART HOLDINGS,"NEW ART HOLDINGS Co., Ltd.",2026-03-31,2026-06-25,代表取締役会長 白石 幸生,17,13.0,4.0,0.23,0.2353,17.0,0.0,38.5,5.0,5225000.0,0.333,,,107950000.0,0,clean,
S100YL5Q,E30993,3910,listed,情報・通信業,株式会社エムケイシステム,MKSystem Corporation,2026-03-31,2026-06-25,代表取締役社長 三宅 登,8,8.0,,,,,,39.1,6.7,5446000.0,0.222,0.814,,96480000.0,0,clean,
S100YL5T,E35610,7367,listed,サービス業,株式会社セルム,"CELM,Inc.",2026-03-31,2026-06-25,代表取締役社長 加 島 禎 二,6,5.0,1.0,0.167,0.1667,6.0,0.0,38.1,7.0,6975000.0,0.217,0.59,,135014000.0,0,clean,
S100YL5W,E37584,9348,listed,輸送用機器,株式会社ispace,"ispace, inc.",2026-03-31,2026-06-25,代表取締役CEO 袴田 武史,10,8.0,2.0,0.2,0.2,10.0,0.0,40.2,2.8,10758484.0,,,,88785000.0,0,clean,
S100YL64,E05678,3844,listed,情報・通信業,コムチュア株式会社,COMTURE CORPORATION,2026-03-31,2026-06-25,代表取締役 社長執行役員 澤田 千尋,6,3.0,3.0,0.5,0.5,6.0,0.0,35.5,8.7,7000000.0,0.098,0.852,,162000000.0,0,clean,
S100YL65,E31878,3923,listed,情報・通信業,株式会社ラクス,"RAKUS Co., Ltd.",2026-03-31,2026-06-25,代表取締役社長 中村 崇則,9,8.0,1.0,0.111,0.1111,9.0,0.0,32.7,3.2,6647000.0,0.058,0.776,,100000000.0,0,clean,
S100YL71,E03324,7621,listed,小売業,株式会社うかい,"UKAI CO.,LTD.",2026-03-31,2026-06-25,代表取締役社長 紺野 俊也,10,10.0,0.0,0.0,0.0,10.0,0.0,38.8,8.6,4984188.0,0.133,0.654,,187858000.0,0,clean,
S100YL7C,E36844,5858,listed,非鉄金属,株式会社STG,"STG CO.,LTD.",2026-03-31,2026-06-25,代表取締役社長 佐藤 輝明,9,9.0,,,,,,46.7,12.4,4879000.0,,,,101875000.0,0,clean,
S100YL7U,E37719,9229,listed,サービス業,株式会社サンウェルズ,"SUNWELS Co.,Ltd.",2026-03-31,2026-06-25,代表取締役社長 苗代 亮達,7,6.0,1.0,0.143,0.1429,7.0,0.0,39.6,2.4,4842157.0,0.291,0.881,,54000000.0,0,clean,
S100YL8F,E01157,5262,listed,ガラス・土石製品,日本ヒューム株式会社,Nippon Hume Corporation,2026-03-31,2026-06-25,代表取締役社長 増渕 智之,11,10.0,1.0,0.091,0.0909,11.0,0.0,44.07,16.08,6895031.0,0.033,0.724,,206853000.0,0,clean,
S100YL8T,E05463,3762,listed,情報・通信業,テクマトリックス株式会社,TECHMATRIX CORPORATION,2026-03-31,2026-06-25,代表取締役社長 矢 井 隆 晴,11,7.0,4.0,0.36,0.3636,11.0,0.0,38.0,8.5,8464000.0,0.053,0.801,,161837000.0,0,clean,
S100YL91,E03005,3079,listed,卸売業,ディーブイエックス株式会社,DVx Inc.,2026-03-31,2026-06-25,代表取締役社長 柴﨑 浩,9,8.0,1.0,0.111,0.1111,9.0,0.0,39.5,8.1,6809000.0,0.0316,0.464,,148912000.0,0,clean,
S100YLAC,E02624,,unlisted,卸売業,山崎金属産業株式会社,"YAMAKIN(JAPAN)CO., LTD.",2026-03-31,2026-06-25,代表取締役社長 山崎 洋一郎,0,,,,,,,,,,,,,,0,no_tagged_board,officers table is TextBlock only
S100YLAF,E02201,7277,listed,輸送用機器,株式会社TBK,"TBK Co., Ltd.",2026-03-31,2026-06-25,代表取締役社長 尾方 馨,8,7.0,1.0,0.125,0.125,8.0,0.0,42.3,15.7,5845205.0,0.063,0.751,,138000000.0,0,clean,
S100YLAN,E02329,7715,listed,精密機器,長野計器株式会社,"NAGANO KEIKI CO.,LTD.",2026-03-31,2026-06-25,代表取締役社長 佐藤 正継,13,12.0,1.0,0.077,0.0769,13.0,0.0,42.3,18.4,5318000.0,0.044,0.761,,200000000.0,0,clean,
S100YLB1,E35344,7075,listed,サービス業,株式会社QLSホールディングス,"QLS Holdings Co., Ltd",2026-03-31,2026-06-23,代表取締役社長 雨田 武史,8,7.0,1.0,0.125,0.125,8.0,0.0,32.7,4.4,3563000.0,0.25,0.462,,94935000.0,0,clean,
S100YLBS,E01930,6144,listed,機械,西部電機株式会社,"Seibu Electric &amp; Machinery Co.,Ltd.",2026-03-31,2026-06-25,代表取締役社長 税所 幸一,9,9.0,,,,,,39.4,14.7,7702000.0,0.042,0.85,,282000000.0,0,clean,
S100XUDH,E04362,,unlisted,倉庫・運輸関連,中部国際空港株式会社,"CENTRAL JAPAN INTERNATIONAL AIRPORT COMPANY, LTD.",2026-03-31,2026-06-26,代表取締役社長 籠橋 寛典,0,,,,,,,,,,,,,,0,no_tagged_board,officers table is TextBlock only
S100Y7SQ,E40934,485A,listed,電気機器,株式会社パワーエックス,"PowerX, Inc.",2025-12-31,2026-03-25,取締役 代表執行役社長CEO 伊藤 正裕,7,12.0,,,,,,39.7,1.8,11851000.0,,,,232000000.0,0,clean,
S100Y9CI,E00511,2924,listed,食料品,イフジ産業株式会社,"Ifuji Sangyo Co., Ltd.",2026-03-31,2026-06-26,代表取締役社長 藤 井 宗 徳,9,8.0,1.0,0.111,0.1111,9.0,0.0,38.5,12.3,5747000.0,0.087,0.493,,185000000.0,0,clean,
S100Y9O5,E04222,9035,listed,陸運業,第一交通産業株式会社,"DAIICHI KOUTSU SANGYO Co.,Ltd.",2026-03-31,2026-06-26,代表取締役社長 田中 亮一郎,15,15.0,,,,,,42.3,12.3,5121604.0,0.074,0.555,,552000000.0,1,clean,
S100Y9QZ,E00182,1992,listed,建設業,神田通信機株式会社,"KANDA TSUSHINKI CO.,LTD.",2026-03-31,2026-06-26,代表取締役社長 神 部 雅 人,10,8.0,2.0,0.2,0.2,10.0,0.0,44.6,20.6,7316000.0,0.039,,,152638000.0,0,clean,
S100YCZD,E30909,,unlisted,化学,OPI株式会社,OPI Corporation,2026-03-31,2026-06-26,代表取締役社長 加藤 康伸,0,,,,,,,,,,,,,,0,no_tagged_board,officers table is TextBlock only
S100YD0U,E02551,,unlisted,卸売業,東工コーセン株式会社,TOKOKOSEN CORP.,2026-03-31,2026-06-26,代表取締役社長 杉 浦 賴 彦,0,,,,,,,,,,,,,,0,no_tagged_board,officers table is TextBlock only
S100YETX,E27530,6248,listed,機械,株式会社横田製作所,"Yokota Manufacturing Co., Ltd.",2026-03-31,2026-06-26,代表取締役社長 横 田 義 之,9,9.0,0.0,0.0,0.0,9.0,0.0,42.5,12.5,6986000.0,,,,126438000.0,0,clean,
S100YEYH,E05145,4801,listed,サービス業,セントラルスポーツ株式会社,"CENTRAL SPORTS CO.,LTD.",2026-03-31,2026-06-26,代表取締役社長 執行役員 後藤 聖治,7,7.0,,,,,,41.0,17.0,5771297.0,0.077,0.701,,176000000.0,0,clean,
S100YF1P,E04158,9081,listed,陸運業,神奈川中央交通株式会社,"Kanagawa Chuo Kotsu Co., Ltd.",2026-03-31,2026-06-26,取締役社長 今 井 雅 之,9,7.0,2.0,0.222,0.2222,9.0,0.0,52.3,17.3,5926186.0,0.032,0.701,,183000000.0,0,clean,
S100YF8Q,E05676,2162,listed,サービス業,nms ホールディングス株式会社,nms Holdings Corporation,2026-03-31,2026-06-26,代表取締役社長CEO 樋口 晋平,9,8.0,1.0,0.111,0.1111,9.0,0.0,51.0,8.5,7768000.0,0.286,,,115937000.0,0,clean,
S100YFCY,E40299,,unlisted,その他金融業,いすゞリーシングサービス株式会社,ISUZU LEASING SERVICES LIMITED,2026-03-31,2026-06-26,代表取締役社長 中村 智一,0,,,,,,,,,,,,,,0,no_tagged_board,officers table is TextBlock only
S100YFFY,E01099,,unlisted,ゴム製品,株式会社東洋クオリティワン,Toyo Quality One Corporation,2026-03-31,2026-06-26,代表取締役社長 関 俊 明,0,,,,,,,,,,,,,,0,no_tagged_board,officers table is TextBlock only
S100YFIK,E01978,6942,listed,情報・通信業,株式会社ソフィアホールディングス,"SOPHIA HOLDINGS CO.,LTD.",2026-03-31,2026-06-26,代表取締役社長 飯塚 秀毅,7,7.0,0.0,0.0,0.0,7.0,0.0,40.0,3.0,4309255.0,0.0,0.642,,58600000.0,0,clean,
S100YFP2,E04976,4662,listed,情報・通信業,株式会社フォーカスシステムズ,Focus Systems Corporation,2026-03-31,2026-06-26,代表取締役社長 森 啓 一,12,8.0,4.0,0.333,0.3333,12.0,0.0,36.39,10.75,6272000.0,0.033,0.754,,297621000.0,0,clean,
S100YFTZ,E04387,,unlisted,情報・通信業,KBCグループホールディングス株式会社,"KBC GROUP HOLDINGS CO.,LTD.",2026-03-31,2026-06-26,代表取締役社長 経営戦略室担当 宍 道 学,0,,,,,,,,,,,,,,0,no_tagged_board,officers table is TextBlock only
S100YG4G,E01180,5356,listed,ガラス・土石製品,美濃窯業株式会社,"MINO CERAMIC CO.,LTD.",2026-03-31,2026-06-26,代表取締役社長 太田 滋俊,9,9.0,,,,,,42.5,16.7,6824000.0,,,,182630000.0,0,clean,
S100YG9K,E02172,7247,listed,輸送用機器,株式会社ミクニ,MIKUNI CORPORATION,2021-03-31,2021-06-29,代表取締役社長 生田 久貴,13,12.0,1.0,0.077,0.0769,13.0,0.0,41.31,18.19,5462640.0,,,,282000000.0,0,clean,
S100YGDM,E00899,4119,listed,化学,株式会社日本ピグメントホールディングス,Nippon Pigment Holdings Company Limited,2026-03-31,2026-06-26,代表取締役社長 田 代 喜 一,9,8.0,1.0,0.111,0.1111,9.0,0.0,48.2,21.7,7118000.0,0.18,,,201000000.0,0,clean,
S100YGDN,E40399,330A,listed,情報・通信業,株式会社TalentX,TalentX Inc.,2026-03-31,2026-06-26,代表取締役社長CEO 鈴木 貴史,6,6.0,,,,,,32.6,2.0,5781000.0,,0.736,,50370000.0,0,clean,
S100YGOW,E36769,4360,listed,化学,株式会社マナック・ケミカル・パートナーズ,"MANAC Chemical Partners Co.,Ltd.",2026-03-31,2026-06-26,代表取締役会長兼社長 杉之原 祥二,9,8.0,1.0,0.111,0.1111,9.0,0.0,43.2,9.2,5088892.0,,,,127000000.0,0,clean,
S100YGR6,E02086,6676,listed,電気機器,株式会社バッファロー,BUFFALO INC.,2026-03-31,2026-06-26,代表取締役 社長執行役員CEO 牧 寛之,7,5.0,2.0,0.29,0.2857,7.0,0.0,38.5,12.9,6265000.0,0.05,0.647,,126000000.0,0,clean,
S100YHG9,E02169,,unlisted,輸送用機器,トーハツ株式会社,TOHATSU CORPORATION,2026-03-31,2026-06-26,代表取締役社長 日 向 勇 美,0,,,,,,,,,,,,,,0,no_tagged_board,officers table is TextBlock only
S100YHI9,E26839,6070,listed,サービス業,キャリアリンク株式会社,"CAREERLINK CO., LTD.",2026-03-31,2026-06-26,代表取締役社長 社長執行役員 成澤 素明,9,7.0,2.0,0.222,0.2222,9.0,0.0,38.3,4.4,5297000.0,0.141,0.831,,176137000.0,0,clean,
S100YHIB,E04122,,unlisted,陸運業,株式会社伊予鉄グループ,"IYOTETSU Group Co., Ltd.",2026-03-31,2026-06-26,代表取締役社長 清 水 一 郎,0,,,,,,,,,,,,,,0,no_tagged_board,officers table is TextBlock only
S100YHNC,E01488,6138,listed,機械,ダイジェット工業株式会社,"DIJET INDUSTRIAL CO., LTD.",2026-03-31,2026-06-26,代表取締役社長 生悦住 歩,7,6.0,1.0,0.143,0.1429,7.0,0.0,42.6,21.3,5513000.0,0.035,0.654,,113523000.0,0,clean,
S100YI1Y,E01644,7255,listed,輸送用機器,株式会社桜井製作所,SAKURAI LTD.,2026-03-31,2026-06-26,代表取締役社長 櫻井 成二,7,6.0,1.0,0.143,0.1429,7.0,0.0,42.6,18.4,5435000.0,,,,97110000.0,0,clean,
S100YI2P,E01308,5707,listed,非鉄金属,東邦亜鉛株式会社,"Toho Zinc Co.,Ltd.",2026-03-31,2026-06-26,代表取締役社長 佐藤 義和,9,8.0,1.0,0.111,0.1111,9.0,0.0,47.5,21.9,6195000.0,0.08,0.715,,90000000.0,0,clean,
S100YI6P,E35560,7317,listed,機械,株式会社松屋アールアンドディ,"Matsuya R&D Co.,Ltd.",2026-03-31,2026-06-26,代表取締役社長CEO 後藤 秀隆,6,6.0,,,,,,45.6,9.4,5482000.0,,,,137162000.0,0,clean,
S100YIC1,E04550,9723,listed,サービス業,株式会社京都ホテル,"THE KYOTO HOTEL, LTD.",2026-03-31,2026-06-26,代表取締役社長 清水 博,14,12.0,2.0,0.143,0.1429,14.0,0.0,39.9,13.6,4852434.0,0.147,0.702,,91299000.0,0,clean,
S100YIE8,E02056,6787,listed,電気機器,株式会社メイコー,"Meiko Electronics Co., Ltd.",2026-03-31,2026-06-26,代表取締役社長執行役員 名 屋 佑一郎,12,10.0,2.0,0.167,0.1667,12.0,0.0,45.58,15.37,7131677.0,0.008,0.638,,253000000.0,0,clean,
S100YIFX,E00753,,unlisted,化学,チッソ株式会社,CHISSO CORPORATION,2026-03-31,2026-06-26,代表取締役社長 山 田 敬 三,0,,,,,,,,,,,,,,0,no_tagged_board,officers table is TextBlock only
S100YII3,E04129,,unlisted,陸運業,遠州鉄道株式会社,"Enshu Railway Co.,Ltd.",2026-03-31,2026-06-26,取締役社長 丸 山 晃 司,0,,,,,,,,,,,,,,0,no_tagged_board,officers table is TextBlock only
S100YIKS,E34507,4425,listed,情報・通信業,Kudan株式会社,Kudan Inc.,2026-03-31,2026-06-26,代表取締役CEO 項 大雨,7,6.0,1.0,0.14,0.1429,7.0,0.0,37.6,2.2,9347000.0,,,,62025000.0,0,clean,
S100YIME,E01277,6439,listed,機械,中日本鋳工株式会社,"NAKANIPPON CASTING CO., LTD.",2026-03-31,2026-06-26,代表取締役社長 鳥 居 良 彦,6,6.0,0.0,0.0,0.0,6.0,0.0,43.3,9.0,5370000.0,0.182,0.549,,59000.0,0,clean,
S100YITA,E38031,,unlisted,陸運業,ロジスティード株式会社,"LOGISTEED, Ltd.",2026-03-31,2026-06-26,代表取締役 会長兼社長執行役員(CEO) 中谷 康夫,5,5.0,0.0,0.0,0.0,5.0,0.0,42.7,19.3,8816000.0,0.079,0.759,,,0,clean,
S100YJ3Q,E04952,9739,listed,情報・通信業,NSW株式会社,NSW Inc.,2026-03-31,2026-06-26,代表取締役執行役員社長 竹 村 大 助,9,6.0,3.0,0.333,0.3333,9.0,0.0,41.3,14.0,6487000.0,0.0477,0.8236,,196000000.0,0,clean,
S100YJ45,E04370,,unlisted,倉庫・運輸関連,東日本高速道路株式会社,East Nippon Expressway Company Limited,2026-03-31,2026-06-26,代表取締役社長 吉 岡 幹 夫,0,,,,,,,,,,,,,,0,no_tagged_board,officers table is TextBlock only
S100YJ7Y,E24453,3641,listed,情報・通信業,株式会社パピレス,"PAPYLESS CO.,LTD.",2026-03-31,2026-06-26,代表取締役社長 松 井 康 子,10,9.0,1.0,0.1,0.1,10.0,0.0,34.5,6.3,5179000.0,0.231,0.896,,164000000.0,0,clean,
S100YJBP,E02027,6824,listed,電気機器,新コスモス電機株式会社,"NEW COSMOS ELECTRIC CO.,LTD.",2026-03-31,2026-06-26,代表取締役社長 髙橋 良典,19,18.0,1.0,0.053,0.0526,19.0,0.0,41.8,15.4,7487000.0,0.048,0.634,,298675000.0,0,clean,
S100YJCQ,E02787,8225,listed,卸売業,株式会社 タカチホ,"Takachiho Co.,Ltd.",2026-03-31,2026-06-26,代表取締役社長 久保田 一臣,8,7.0,1.0,0.125,0.125,8.0,0.0,45.8,14.9,5026612.0,0.032,0.59,,89886000.0,0,clean,
S100YJFB,E04687,,unlisted,サービス業,株式会社東松山カントリークラブ,"HIGASHI MATSUYAMA COUNTRY CLUB CO.,LTD.",2026-03-31,2026-06-26,代表取締役社長 山 田 幸 良,0,,,,,,,,,,,,,,0,no_tagged_board,officers table is TextBlock only
S100YJIB,E38167,7114,listed,情報・通信業,株式会社フーディソン,"Foodison, Inc.",2026-03-31,2026-06-26,代表取締役CEO 山本 徹,8,7.0,1.0,0.125,0.125,8.0,0.0,37.7,4.7,5033000.0,0.143,,,42316000.0,0,clean,
S100YJKU,E04710,4680,listed,サービス業,株式会社ラウンドワン,ROUND ONE Corporation,2026-03-31,2026-06-26,代表取締役社長 杉野 公彦,10,7.0,3.0,0.3,0.3,10.0,0.0,36.0,10.0,7636000.0,0.125,0.728,,177000000.0,0,clean,
S100YJO9,E01202,5280,listed,不動産業,ヨシコン株式会社,"Yoshicon Co.,Ltd.",2026-03-31,2026-06-26,代表取締役社長 吉田尚洋,10,10.0,0.0,0.0,0.0,10.0,0.0,34.9,9.1,6636000.0,0.0,,,637208000.0,2,clean,
S100YJPU,E03076,8135,listed,卸売業,ゼット株式会社,ZETT CORPORATION,2026-03-31,2026-06-26,代表取締役社長 渡辺 裕之,11,11.0,,,,,,42.9,14.9,6192000.0,0.115,0.815,,211000000.0,0,clean,
S100YJTH,E34487,7046,listed,サービス業,TDSE株式会社,TDSE Inc.,2026-03-31,2026-06-26,代表取締役社長 東垣 直樹,7,6.0,1.0,0.14,0.1429,7.0,0.0,36.4,4.5,6771000.0,0.032,0.853,,89552000.0,0,clean,
S100YJXK,E04298,,unlisted,証券、商品先物取引業,アジア開発キャピタル株式会社,Asia Development Capital Co. Ltd.,2026-03-31,2026-06-26,代表取締役社長 于 飛,0,,,,,,,,,,,,,,0,no_tagged_board,officers table is TextBlock only
S100YJXS,E36860,6522,listed,電気機器,株式会社アスタリスク,Asterisk Inc.,2025-08-31,2025-11-28,代表取締役執行役員社長 鈴木 規之,8,8.0,,,,,,43.4,6.0,5679000.0,,,,27507000.0,0,clean,
S100YJYN,E01216,5287,listed,ガラス・土石製品,株式会社イトーヨーギョー,"ITO YOGYO CO., LTD.",2026-03-31,2026-06-26,代表取締役社長 畑 中 雄 介,11,11.0,,,,,,42.9,12.5,5395000.0,,,,95137000.0,0,clean,
S100YJZ2,E31104,3199,listed,小売業,綿半ホールディングス株式会社,"Watahan &amp; Co.,Ltd.",2026-03-31,2026-06-26,代表取締役社長 野原 勇,9,6.0,3.0,0.333,0.3333,9.0,0.0,50.3,19.23,8311000.0,,,,376000000.0,2,clean,
S100YK0J,E26332,3661,listed,サービス業,株式会社エムアップホールディングス,"m-up holdings, Inc.",2026-03-31,2026-06-26,代表取締役 美藤 宏一郎,6,5.0,1.0,0.17,0.1667,6.0,0.0,,,,,,,299000000.0,0,clean,
S100YK1Y,E31220,1384,listed,食料品,株式会社ホクリヨウ,"Hokuryo Co., Ltd.",2026-03-31,2026-06-26,代表取締役社長 勝部 慎一,9,8.0,1.0,0.111,0.1111,9.0,0.0,45.7,11.5,5006000.0,0.064,0.614,,180000000.0,0,clean,
S100YK28,E02552,8012,listed,卸売業,長瀬産業株式会社,"NAGASE &amp; CO., LTD.",2026-03-31,2026-06-16,代表取締役社長 上 島 宏 之,13,12.0,1.0,0.077,0.0769,13.0,0.0,41.2,14.7,11901000.0,0.076,0.579,,581000000.0,1,clean,
S100YK44,E00682,3953,listed,パルプ・紙,大村紙業株式会社,"OHMURA SHIGYO CO.,LTD.",2026-03-31,2026-06-26,代表取締役社長 牧山 光人,9,8.0,1.0,0.111,0.1111,9.0,0.0,47.5,14.9,5043936.0,,,,68536000.0,0,clean,
S100YK7L,E34587,4437,listed,情報・通信業,gooddaysホールディングス株式会社,"gooddays holdings, Inc.",2026-03-31,2026-06-26,代表取締役社長 小倉 博,8,7.0,1.0,0.125,0.125,8.0,0.0,42.06,9.56,5119000.0,0.5,,,144810000.0,0,clean,
S100YKB8,E04752,,unlisted,サービス業,小野観光開発株式会社,"Ono Kankokaihatsu Co.,Ltd",2026-03-31,2026-06-26,代表取締役 乾 康之,0,,,,,,,,,,,,,,0,no_tagged_board,officers table is TextBlock only
S100YKBK,E03802,,unlisted,証券、商品先物取引業,みらい證券株式会社,"Mirai Securities Co.,Ltd.",2026-03-31,2026-06-26,代表取締役社長 上島 健史,0,,,,,,,,,,,,,,0,no_tagged_board,officers table is TextBlock only
S100YKBV,E02625,,unlisted,卸売業,東京貿易ホールディングス株式会社,TOKYO BOEKI HOLDINGS CORPORATION,2026-03-31,2026-06-26,代表取締役社長執行役員 坪内 秀介,0,,,,,,,43.8,6.6,9922000.0,,,,,0,no_tagged_board,officers table is TextBlock only
S100YKCN,E02597,,unlisted,卸売業,東京青果株式会社,"TOKYO SEIKA CO.,LTD.",2026-03-31,2026-06-26,代表取締役社長COO 川田 光太,0,,,,,,,,,,,,,,0,no_tagged_board,officers table is TextBlock only
S100YKFC,E32793,3477,listed,不動産業,フォーライフ株式会社,"FORLIFE Co., Ltd.",2026-03-31,2026-06-26,代表取締役社長 奥本 健二,9,7.0,2.0,0.222,0.2222,9.0,0.0,38.9,4.9,8576000.0,0.039,0.646,,119200000.0,0,clean,
S100YKGC,E01097,,unlisted,ゴム製品,住友理工株式会社,Sumitomo Riko Company Limited,2026-03-31,2026-06-26,執行役員社長 清水 和志,8,7.0,1.0,0.13,0.125,8.0,0.0,40.6,14.9,7555000.0,0.022,0.663,,,0,clean,
S100YKGF,E04554,,unlisted,サービス業,朝日観光株式会社,"ASAHIKANKO CO., LTD.",2026-03-31,2026-06-26,取締役社長 手塚 勇貴,0,,,,,,,,,,,,,,0,no_tagged_board,officers table is TextBlock only
S100YKJC,E00590,3591,listed,繊維製品,株式会社ワコールホールディングス,WACOAL HOLDINGS CORP.,2026-03-31,2026-06-26,代表取締役 社長執行役員 矢島 昌明,13,10.0,3.0,0.231,0.2308,13.0,0.0,45.7,18.0,6204157.0,0.32,0.594,,301000000.0,0,clean,
S100YKJL,E02171,6042,listed,輸送用機器,株式会社ニッキ,"NIKKI CO.,LTD.",2026-03-31,2026-06-26,取締役社長 和田 孝,12,10.0,2.0,0.17,0.1667,12.0,0.0,44.9,18.1,5529324.0,0.0294,,,124201000.0,0,clean,
S100YKK8,E01521,6218,listed,機械,エンシュウ株式会社,ENSHU Limited,2026-03-31,2026-06-26,代表取締役社長 社長執行役員 鈴 木 敦 士,7,6.0,1.0,0.14,0.1429,7.0,0.0,44.06,19.69,5332000.0,0.013,0.69,,77000000.0,0,clean,
S100YKKE,E41485,548A,listed,情報・通信業,株式会社システムエグゼ,"SystemEXE, Inc.",2026-03-31,2026-06-26,代表取締役 社長執行役員 大場 康次,10,10.0,,,,,,36.9,7.7,5085990.0,0.105,0.712,,168000000.0,0,clean,
S100YKKP,E02791,7413,listed,卸売業,株式会社創健社,"Sokensha Co.,Ltd.",2026-03-31,2026-06-26,代表取締役社長 中 村 靖,7,6.0,1.0,0.143,0.1429,7.0,0.0,42.8,16.0,6175051.0,,,,71900000.0,0,clean,
S100YKLJ,E01764,6637,listed,電気機器,寺崎電気産業株式会社,"TERASAKI ELECTRIC CO.,LTD.",2026-03-31,2026-06-26,代表取締役 社長執行役員 寺崎 泰造,9,9.0,,,,,,39.6,16.7,5918522.0,0.086,0.788,,212110000.0,0,clean,
S100YKLX,E00697,,unlisted,その他製品,株式会社西日本新聞社,"THE NISHINIPPON SHIMBUN CO.,LTD.",2026-03-31,2026-06-26,代表取締役社長 田川 大介,0,,,,,,,,,,,,,,0,no_tagged_board,officers table is TextBlock only
S100YKN0,E04526,,unlisted,電気・ガス業,宮崎瓦斯株式会社,"MIYAZAKI GAS CO.,LTD.",2026-03-31,2026-06-26,代表取締役社長 須﨑 孝一,0,,,,,,,,,,,,,,0,no_tagged_board,officers table is TextBlock only
S100YKNS,E00755,4008,listed,化学,住友精化株式会社,"Sumitomo Seika Chemicals Company, Limited.",2026-03-31,2026-06-26,代表取締役社長 織田 佳明,9,6.0,3.0,0.33,0.3333,9.0,0.0,38.5,15.64,6848798.0,0.0667,0.7452,,209000000.0,0,clean,
S100YKOJ,E01402,5985,listed,金属製品,サンコール株式会社,SUNCALL CORPORATION,2026-03-31,2026-06-26,代表取締役 社長執行役員 奈良 正,9,6.0,3.0,0.333,0.3333,9.0,0.0,42.5,18.3,6447456.0,0.033,0.766,,168000000.0,0,clean,
S100YKOR,E36406,7343,listed,その他金融業,ブロードマインド株式会社,"Broad-Minded Co.,Ltd.",2026-03-31,2026-06-26,代表取締役社長 伊藤 清,9,9.0,,,,,,35.7,6.9,6241116.0,0.058,0.547,,156900000.0,0,clean,
S100YKQ9,E36367,7374,listed,サービス業,株式会社コンフィデンス・インターワークス,Interworks Confidence Inc.,2026-03-31,2026-06-26,代表取締役社長 澤岻 宣之,11,10.0,1.0,0.091,0.0909,11.0,0.0,35.2,3.8,3851000.0,0.279,0.91,,205001000.0,0,clean,
S100YKSP,E02325,7771,listed,精密機器,日本精密株式会社,"Nihon Seimitsu Co., Ltd.",2026-03-31,2026-06-26,代表取締役社長 井 藤 秀 雄,10,10.0,0.0,0.0,0.0,10.0,0.0,49.0,12.0,6270000.0,,,,118040000.0,0,clean,
S100YKT7,E34975,7067,listed,サービス業,ブランディングテクノロジー株式会社,Branding Technology Inc.,2026-03-31,2026-06-26,代表取締役社長 木村 裕紀,8,8.0,,,,,,36.4,6.8,5087000.0,0.231,,,52791000.0,0,clean,
S100YKTA,E01950,6857,listed,電気機器,株式会社アドバンテスト,ADVANTEST CORPORATION,2026-03-31,2026-06-26,代表取締役兼経営執行役員社長 Group COO 津久井 幸一,9,7.0,2.0,0.22,0.2222,9.0,0.0,45.68,20.16,10977033.0,0.045,0.722,,1714000000.0,2,clean,
S100YKTN,E38965,5592,listed,情報・通信業,株式会社 くすりの窓口,"Kusurinomadoguchi, Inc.",2026-03-31,2026-06-26,代表取締役社長 堤 幸治,7,6.0,1.0,0.143,0.1429,7.0,0.0,34.0,3.5,4688000.0,0.06,0.699,,103292000.0,0,clean,
S100YKUS,E04355,,unlisted,倉庫・運輸関連,株式会社農協観光,NOKYO TOURIST CORPORATION,2026-03-31,2026-06-26,代表取締役社長 清水 清男,0,,,,,,,,,,,,,,0,no_tagged_board,officers table is TextBlock only
S100YKV3,E00567,3529,listed,繊維製品,アツギ株式会社,"ATSUGI CO., LTD.",2026-03-31,2026-06-26,代表取締役社長 日光 信二,9,7.0,2.0,0.22,0.2222,9.0,0.0,44.8,13.8,5741095.0,0.217,0.53,,93000000.0,0,clean,
S100YKW2,E00079,1892,listed,建設業,徳倉建設株式会社,TOKURA CORPORATION,2026-03-31,2026-06-26,代表取締役社長 徳倉 克己,15,14.0,1.0,0.067,0.0667,15.0,0.0,46.4,17.6,8315000.0,0.044,0.771,,213000000.0,0,clean,
S100YKW4,E00912,7953,listed,その他製品,菊水化学工業株式会社,"KIKUSUI CHEMICAL INDUSTRIES CO.,LTD.",2026-03-31,2026-06-26,代表取締役社長 遠山 眞樹,11,9.0,2.0,0.182,0.1818,11.0,0.0,42.8,14.4,5298000.0,0.03,0.691,,155274000.0,0,clean,
S100YKX5,E01956,9766,listed,情報・通信業,コナミグループ株式会社,KONAMI GROUP CORPORATION,2026-03-31,2026-06-26,代表取締役社長 グループCEO 東尾 公彦,9,7.0,2.0,0.222,0.2222,9.0,0.0,35.5,10.8,8502600.0,0.136,0.768,,886000000.0,3,clean,
S100YKXF,E26705,,unlisted,陸運業,ディー・ティー・ホールディングス株式会社,"DT Holdings, Inc.",2026-03-31,2026-06-26,代表取締役社長 米田 総一郎,0,,,,,,,,,,,,,,0,no_tagged_board,officers table is TextBlock only
S100YKY3,E38148,9336,listed,サービス業,大栄環境株式会社,"Daiei Kankyo Co., Ltd.",2026-03-31,2026-06-26,代表取締役社長 下田 守彦,7,5.0,2.0,0.286,0.2857,7.0,0.0,42.4,9.0,6009000.0,0.045,0.738,,158000000.0,0,clean,
S100YL03,E33658,,unlisted,その他金融業,マネックスファイナンス株式会社,Monex Finance Corporation,2026-03-31,2026-06-26,代表取締役 早川 佳希,0,,,,,,,,,,,,,,0,no_tagged_board,officers table is TextBlock only
S100YL08,E00253,,unlisted,建設業,株式会社 藤木工務店,"Fujiki Komuten Co.,Ltd.",2026-03-31,2026-06-26,代表取締役社長 藤 木 玄 三,0,,,,,,,,,,,,,,0,no_tagged_board,officers table is TextBlock only
S100YL16,E01078,,unlisted,小売業,株式会社りゅうせき,Ryuseki Corporation,2026-03-31,2026-06-26,代表取締役社長 根路銘 剛宏,0,,,,,,,,,,,,,,0,no_tagged_board,officers table is TextBlock only
S100YL2M,E01333,5802,listed,非鉄金属,住友電気工業株式会社,"Sumitomo Electric Industries, Ltd.",2026-03-31,2026-06-26,社長 井上 治,19,16.0,3.0,0.158,0.1579,19.0,0.0,43.2,18.0,8960000.0,0.044,0.751,,1569550000.0,5,clean,
S100YL3M,E04168,,unlisted,陸運業,日ノ丸自動車株式会社,"HINOMARU BUS CO.,LTD.",2026-03-31,2026-06-26,代表取締役社長 中島 文明,0,,,,,,,,,,,,,,0,no_tagged_board,officers table is TextBlock only
S100YL46,E35489,7084,listed,サービス業,株式会社Smile Holdings,Smile Holdings Inc.,2026-03-31,2026-06-26,代表取締役社長 中西 正文,6,3.0,3.0,0.5,0.5,6.0,0.0,50.5,1.5,,,,,135000000.0,0,clean,
S100YL4M,E01221,7746,listed,精密機器,岡本硝子株式会社,"OKAMOTO GLASS CO., LTD.",2026-03-31,2026-06-26,代表取締役会長 岡本 毅,9,9.0,0.0,0.0,0.0,9.0,0.0,48.6,19.0,5789000.0,0.096,0.817,,85350000.0,0,clean,
S100YL5S,E03406,2764,listed,小売業,株式会社ひらまつ,Hiramatsu Inc.,2026-03-31,2026-06-26,代表取締役社長CEO 三須 和泰,8,6.0,2.0,0.25,0.25,8.0,0.0,34.5,7.2,5472000.0,0.347,0.902,,96769000.0,0,clean,
S100YL5Y,E04091,9009,listed,陸運業,京成電鉄株式会社,"Keisei Electric Railway Co.,Ltd.",2026-03-31,2026-06-26,代表取締役社長 天 野 貴 夫,19,15.0,4.0,0.211,0.2105,19.0,0.0,40.9,17.4,7987187.0,0.04,0.739,,490000000.0,0,clean,
S100YL5Z,E01761,6333,listed,機械,株式会社TEIKOKU(旧会社名 株式会社帝国電機製作所),"TEIKOKU CORPORATION(旧英訳名 TEIKOKU ELECTRIC MFG.CO.,LTD.)(注)2025年6月26日開催の第121回定時株主総会の決議により、2026年4月1日から会社名を上記のとおり変更いたしました。",2026-03-31,2026-06-26,代表取締役社長執行役員 村田 潔,8,7.0,1.0,0.125,0.125,8.0,0.0,40.7,17.2,7436185.0,0.053,0.78,,156343000.0,0,clean,
S100YL67,E04372,,unlisted,倉庫・運輸関連,阪神高速道路株式会社,Hanshin Expressway Company Limited,2026-03-31,2026-06-26,代表取締役社長 上松 英司,0,,,,,,,,,,,,,,0,no_tagged_board,officers table is TextBlock only
S100YL6P,E02819,,unlisted,卸売業,興和株式会社,"Kowa Company, Ltd.",2026-03-31,2026-06-26,代表取締役会長兼社長 三輪 芳弘,0,,,,,,,,,,,,,,0,no_tagged_board,officers table is TextBlock only
S100YL7Q,E03226,9989,listed,小売業,株式会社サンドラッグ,"SUNDRUG CO.,LTD.",2026-03-31,2026-06-26,代表取締役社長 CEO 貞方 宏司,10,6.0,4.0,0.4,0.4,10.0,0.0,34.0,8.0,5895373.0,0.217,0.428,,326000000.0,1,clean,
S100YL7T,E00034,8835,listed,卸売業,太平洋興発株式会社,TAIHEIYO KOUHATSU INCORPORATED,2026-03-31,2026-06-26,代表取締役社長 板垣 好紀,9,8.0,1.0,0.111,0.1111,9.0,0.0,60.6,9.5,3964000.0,0.194,0.846,,110000000.0,0,clean,
S100YL8G,E01095,5194,listed,ゴム製品,相模ゴム工業株式会社,"SAGAMI RUBBER INDUSTRIES CO., LTD.",2026-03-31,2026-06-26,代表取締役社長 大跡 賢介,8,7.0,1.0,0.13,0.125,8.0,0.0,41.2,16.0,4693427.0,,,,115120000.0,0,clean,
S100YL8X,E01648,6494,listed,機械,株式会社NFKホールディングス,"NFK HOLDINGS CO.,LTD.",2026-03-31,2026-06-26,代表取締役社長 豊田 悦章,7,6.0,1.0,0.143,0.1429,7.0,0.0,55.0,21.0,6575000.0,,,,32400000.0,0,clean,
S100YL9S,E00705,7918,listed,小売業,株式会社ヴィア・ホールディングス,"VIA Holdings,Inc.",2026-03-31,2026-06-26,代表取締役社長 楠元 健一郎,7,7.0,,,,,,48.6,14.3,5824000.0,,,,74000000.0,0,clean,
S100YLAH,E04630,,unlisted,サービス業,株式会社 飯能ゴルフ倶楽部,"HANNO GOLF CLUB Co., LTD.",2026-03-31,2026-06-26,代表取締役社長 椎 名 弘 美,0,,,,,,,,,,,,,,0,no_tagged_board,officers table is TextBlock only
S100YLAV,E11701,,unlisted,その他金融業,株式会社日本政策投資銀行,Development Bank of Japan Inc.,2026-03-31,2026-06-26,代表取締役社長 牧 裕文,0,,,,,,,,,,,,,,0,no_tagged_board,officers table is TextBlock only
S100YLB7,E04666,,unlisted,サービス業,福山観光開発株式会社,"FUKUYAMA KANKOKAIHATSU CO.,LTD.",2026-03-31,2026-06-26,代表取締役社長 小丸 成洋,0,,,,,,,,,,,,,,0,no_tagged_board,officers table is TextBlock only
S100YLBX,E01642,6282,listed,機械,オイレス工業株式会社,OILES CORPORATION,2026-03-31,2026-06-26,代表取締役社長 坂入 良和,9,8.0,1.0,0.11,0.1111,9.0,0.0,44.4,17.5,8056691.0,0.02,0.687,,321000000.0,0,clean,
S100YLBY,E01394,1921,listed,建設業,株式会社巴コーポレーション,TOMOE CORPORATION,2026-03-31,2026-06-26,代表取締役社長 深沢 隆,7,7.0,,,,,,40.8,13.6,7032404.0,0.058,0.67,,170837000.0,0,clean,
S100YLC6,E01673,6273,listed,機械,SMC株式会社,SMC CORPORATION,2026-03-31,2026-06-26,代表取締役社長 髙田 芳樹,14,11.0,3.0,0.214,0.2143,14.0,0.0,41.1,19.7,7804768.0,0.015,0.558,,663000000.0,2,clean,
S100YLCH,E34018,6580,listed,情報・通信業,株式会社ライトアップ,"Writeup Co.,Ltd.",2026-03-31,2026-06-26,代表取締役社長 白石 崇,8,7.0,1.0,0.125,0.125,8.0,0.0,35.0,5.9,4756000.0,0.3,,,55000000.0,0,clean,
S100YLCK,E00986,4570,listed,医薬品,株式会社免疫生物研究所,"Immuno-Biological Laboratories Co., Ltd.",2026-03-31,2026-06-26,代表取締役社長 清藤 勉,7,6.0,1.0,0.143,0.1429,7.0,0.0,46.3,17.7,4948000.0,0.25,0.672,,55710000.0,0,clean,
S100YLDD,E34974,4444,listed,情報・通信業,株式会社インフォネット,INFONET inc.,2026-03-31,2026-06-26,代表取締役社長 古宿 智,9,7.0,2.0,0.222,0.2222,9.0,0.0,38.5,4.6,5024000.0,0.25,0.78,,69300000.0,0,clean,
S100YLDV,E05460,2432,listed,サービス業,株式会社ディー・エヌ・エー,"DeNA Co., Ltd.",2026-03-31,2026-06-26,代表取締役社長兼CEO 岡 村 信 悟,10,7.0,3.0,0.3,0.3,10.0,0.0,38.6,7.0,11179000.0,0.123,0.706,,298000000.0,0,clean,
S100YLDW,E05443,3750,listed,情報・通信業,株式会社ADR120S(旧会社名 株式会社サイトリ細胞研究所),"ADR120S, Inc.(旧英訳名 Cytori Cell Research Institute,Inc.)",2026-03-31,2026-06-26,代表取締役会長 橋本 征道,8,8.0,,,,,,51.67,7.8,5906000.0,,,,46526000.0,0,clean,
S100YLF7,E02304,6960,listed,電気機器,フクダ電子株式会社,"FUKUDA DENSHI CO., LTD.",2026-03-31,2026-06-26,代表取締役社長 白井 大治郎,13,12.0,1.0,0.08,0.0769,13.0,0.0,44.4,15.1,9290565.0,0.07,0.666,,990000000.0,2,clean,
S100YLFA,E01832,,unlisted,電気機器,株式会社リゾート&メディカル,"Resort &amp; Medical Co., Ltd.",2026-03-31,2026-06-26,代表取締役 山 田 恭 太,4,3.0,1.0,0.25,0.25,4.0,0.0,66.0,3.9,6000000.0,,,,,0,clean,
S100YLFJ,E04151,,unlisted,陸運業,首都圏新都市鉄道株式会社,Metropolitan Intercity Railway Company,2026-03-31,2026-06-26,代表取締役社長 渡 邊 良,0,,,,,,,,,,,,,,0,no_tagged_board,officers table is TextBlock only
S100YLFL,E04631,,unlisted,サービス業,株式会社 水戸カンツリー倶楽部,"Mito Country Club Co.,Ltd",2026-03-31,2026-06-26,取締役社長 中 村 豊 明,0,,,,,,,,,,,,,,0,no_tagged_board,officers table is TextBlock only
S100YLFM,E05728,4571,listed,医薬品,NANOホールディングス株式会社(旧会社名 NANO MRNA株式会社),"Nano Holdings, Inc.(旧英訳名 NANO MRNA Co., Ltd.)(注)2025年12月11日開催の臨時株主総会の決議により、2025年12月11日から会社名及び英訳名を上記のとおり変更いたしました。",2026-03-31,2026-06-26,代表取締役会長兼社長CEO 松村 淳,11,11.0,,,,,,52.3,5.5,8810000.0,,,,180808000.0,0,clean,
S100YLFP,E02536,,unlisted,卸売業,日販グループホールディングス株式会社,"NIPPAN GROUP HOLDINGS, INC.",2026-03-31,2026-06-26,代表取締役社長 富 樫 建,0,,,,,,,,,,,,,,0,no_tagged_board,officers table is TextBlock only
S100YLFQ,E00135,,unlisted,建設業,新生テクノス株式会社,"SHINSEI TECHNOS CO., LTD.",2026-03-31,2026-06-26,代表取締役社長 森 厚 人,0,,,,,,,,,,,,,,0,no_tagged_board,officers table is TextBlock only
S100YLFU,E02368,,unlisted,その他製品,YKK株式会社,YKK Corporation,2026-03-31,2026-06-26,代表取締役社長 松嶋 耕一,0,,,,,,,,,,,,,,0,no_tagged_board,officers table is TextBlock only
S100YLG9,E01195,5388,listed,ガラス・土石製品,クニミネ工業株式会社,"KUNIMINE INDUSTRIES CO.,LTD.",2026-03-31,2026-06-26,代表取締役社長 友山 貴之,11,10.0,1.0,0.091,0.0909,11.0,0.0,43.0,12.2,5610000.0,,,,156027000.0,0,clean,
S100YLGY,E02210,7239,listed,輸送用機器,株式会社タチエス,"TACHI-S CO.,LTD.",2026-03-31,2026-06-26,代表取締役社長 山 本 雄 一 郎,13,11.0,2.0,0.153,0.1538,13.0,0.0,38.9,14.6,6217000.0,0.055,0.716,,282000000.0,0,clean,
S100YLGZ,E33005,6545,listed,サービス業,株式会社インターネットインフィニティー,internet infinity INC.,2026-03-31,2026-06-26,代表取締役社長 別宮 圭一,8,8.0,,,,,,41.3,6.6,6240823.0,,,,86546000.0,0,clean,
S100YLH5,E04352,,unlisted,倉庫・運輸関連,東京湾横断道路株式会社,TRANS-TOKYO BAY HIGHWAY CORPORATION,2026-03-31,2026-06-26,代表取締役社長 梅 木 秀 郎,0,,,,,,,,,,,,,,0,no_tagged_board,officers table is TextBlock only
S100YLHM,E00724,7868,listed,その他製品,株式会社広済堂ホールディングス,"KOSAIDO Holdings Co., Ltd.",2026-03-31,2026-06-26,代表取締役社長 常盤 誠,10,9.0,1.0,0.1,0.1,10.0,0.0,45.3,11.8,6548000.0,0.154,0.727,,76000000.0,0,clean,
S100YLHU,E02390,6961,listed,電気機器,株式会社エンプラス,ENPLAS CORPORATION,2026-03-31,2026-06-26,代表取締役社長 横田 大輔,8,7.0,1.0,0.125,0.125,8.0,0.0,40.8,14.6,6804000.0,0.106,0.787,,306000000.0,1,clean,
S100YLHV,E00640,7820,listed,その他製品,ニホンフラッシュ株式会社,"NIHON FLUSH CO.,LTD.",2026-03-31,2026-06-26,代表取締役社長 髙橋 栄二,10,9.0,1.0,0.1,0.1,10.0,0.0,39.1,12.3,4795000.0,0.0,0.757,,142944000.0,0,clean,
S100YLI5,E04191,9072,listed,陸運業,ニッコンホールディングス株式会社,"NIKKON Holdings Co.,Ltd.",2026-03-31,2026-06-26,代表取締役社長 黒 岩 正 勝,11,9.0,2.0,0.18,0.1818,11.0,0.0,42.2,14.2,6164000.0,,,,237000000.0,0,clean,
S100YLIH,E02650,8123,listed,卸売業,川辺株式会社,"T.KAWABE&amp;CO.,LTD.",2026-03-31,2026-06-26,代表取締役社長 岡野 将之,9,8.0,1.0,0.1111,0.1111,9.0,0.0,48.0,16.0,4966131.0,0.125,0.441,,63885000.0,0,clean,
S100YLIO,E04118,,unlisted,陸運業,豊橋鉄道株式会社,"Toyohashi Railroad Co.,Ltd.",2026-03-31,2026-06-26,取締役社長 松下 明,0,,,,,,,,,,,,,,0,no_tagged_board,officers table is TextBlock only
S100YLIQ,E38427,7119,listed,小売業,株式会社ハルメクホールディングス,"halmek holdings Co.,Ltd.",2026-03-31,2026-06-23,代表取締役社長 宮澤 孝夫,9,7.0,2.0,0.222,0.2222,9.0,0.0,46.2,6.9,8388000.0,,,,158000000.0,0,clean,
S100YLJD,E03233,7416,listed,小売業,株式会社はるやまホールディングス,Haruyama Holdings Inc.,2026-03-31,2026-06-26,代表取締役会長兼社長 治山 正史,7,7.0,,,,,,43.0,6.3,5515000.0,0.429,0.731,,91396000.0,0,clean,
S100YLJH,E04679,,unlisted,サービス業,株式会社 出水ゴルフクラブ,"IZUMI GOLF CLUB CO,.LTD",2026-03-31,2026-06-26,代表取締役社長 中村 周一,0,,,,,,,,,,,,,,0,no_tagged_board,officers table is TextBlock only
S100YLJZ,E04127,,unlisted,陸運業,福井鉄道株式会社,"FUKUI RAILWAY CO.,LTD.",2026-03-31,2026-06-26,代表取締役社長 吉川 幸文,0,,,,,,,,,,,,,,0,no_tagged_board,officers table is TextBlock only
S100YLK4,E02871,7555,listed,卸売業,株式会社大田花き,"Ota Floriculture Auction Co.,Ltd.",2026-03-31,2026-06-26,代表執行役社長 萩原 正臣,9,14.0,2.0,0.13,0.2222,16.0,7.0,43.2,17.5,6511000.0,0.1,,,115000000.0,0,clean,
S100YLK6,E33011,3561,listed,小売業,株式会社力の源ホールディングス,"CHIKARANOMOTO HOLDINGS Co.,Ltd.",2026-03-31,2026-06-26,代表取締役社長兼CEO 山根 智之,6,5.0,1.0,0.167,0.1667,6.0,0.0,38.7,4.85,5259000.0,0.25,0.448,,106427000.0,0,clean,
S100YLKM,E03568,8361,listed,銀行業,株式会社大垣共立銀行,"The Ogaki Kyoritsu Bank, Ltd.",2025-03-31,2025-06-20,取締役頭取 林 敬治,13,12.0,1.0,0.076,0.0769,13.0,0.0,39.2,16.6,6572000.0,0.051,0.517,,342000000.0,0,clean,
S100YLLM,E02185,5644,listed,鉄鋼,株式会社メタルアート,METALART CORPORATION,2026-03-31,2026-06-26,代表取締役社長 友 岡 正 明,8,6.0,2.0,0.25,0.25,8.0,0.0,43.7,17.1,6147000.0,0.058,0.757,,139000000.0,0,clean,
S100YLLZ,E02172,7247,listed,輸送用機器,株式会社ミクニ,MIKUNI CORPORATION,2026-03-31,2026-06-26,代表取締役社長 生田 久貴,13,11.0,2.0,0.153,0.1538,13.0,0.0,43.1,19.8,6112643.0,0.026,0.726,,245000000.0,0,clean,
S100YLMG,E01904,6996,listed,電気機器,ニチコン株式会社,NICHICON CORPORATION,2026-03-31,2026-06-26,代表取締役社長 森 克彦,12,10.0,2.0,0.17,0.1667,12.0,0.0,45.5,8.9,6913636.0,0.053,0.597,,262000000.0,0,clean,
S100YLN8,E00839,4222,listed,化学,児玉化学工業株式会社,"KODAMA CHEMICAL INDUSTRY CO., LTD.",2026-03-31,2026-06-26,代表取締役社長 北村 以知雄,8,7.0,1.0,0.125,0.125,8.0,0.0,46.7,16.1,5200000.0,0.045,0.744,,84357000.0,0,clean,
S100YLOF,E22464,,unlisted,不動産業,株式会社岐阜中濃土地建物,"GIFU CHUNO TOCHITATEMONO CO.,LTD.",2026-03-31,2026-06-26,代表取締役 久世 忠雄,0,,,,,,,,,,,,,,0,no_tagged_board,officers table is TextBlock only
S100YLOZ,E08587,,unlisted,陸運業,日本貨物鉄道株式会社,Japan Freight Railway Company,2026-03-31,2026-06-26,代表取締役社長兼社長執行役員 犬飼 新,0,,,,,,,,,,,,,,0,no_tagged_board,officers table is TextBlock only
S100YLPB,E32204,3504,listed,繊維製品,株式会社丸八ホールディングス,"MARUHACHI HOLDINGS CO., LTD.",2026-03-31,2026-06-26,代表取締役社長 樋口 宗夫,8,8.0,,,,,,41.2,7.9,5204000.0,,,,139860000.0,0,clean,
S100YLPJ,E31694,,unlisted,サービス業,株式会社アクアライン,Aqualine Ltd.,2026-02-28,2026-06-01,代表取締役社長 楯 広長,0,6.0,1.0,0.14,,7.0,,42.9,6.2,4273000.0,,,,57986000.0,0,no_tagged_board,officers table is TextBlock only
S100YLQS,E04636,,unlisted,サービス業,株式会社 筑波ゴルフコース,"TSUKUBA GOLF COURSE CO., LTD.",2026-03-31,2026-06-26,代表取締役社長 山 下 恒 司,0,,,,,,,,,,,,,,0,no_tagged_board,officers table is TextBlock only
S100YLRB,E32200,3932,listed,情報・通信業,株式会社アカツキ,Akatsuki Inc.,2026-03-31,2026-06-26,代表取締役社長 香田 哲朗,9,7.0,2.0,0.222,0.2222,9.0,0.0,37.8,6.7,9263000.0,,,,140000000.0,0,clean,
S100YLRR,E02051,6832,listed,電気機器,アオイ電子株式会社,"AOI ELECTRONICS CO.,LTD.",2026-03-31,2026-06-26,取締役社長 木下 和洋,9,8.0,1.0,0.111,0.1111,9.0,0.0,42.4,17.2,4809061.0,0.015,0.657,,122729000.0,0,clean,
S100YLS8,E03847,8766,listed,保険業,東京海上ホールディングス株式会社,"Tokio Marine Holdings, Inc.",2026-03-31,2026-06-26,取締役社長 小池 昌洋,18,13.0,5.0,0.278,0.2778,18.0,0.0,42.4,14.8,14871103.0,,,,2240000000.0,5,clean,
S100YLSB,E30918,3694,listed,情報・通信業,株式会社オプティム,OPTiM CORPORATION,2026-03-31,2026-06-26,代表取締役社長 菅谷 俊二,9,8.0,1.0,0.111,0.1111,9.0,0.0,33.4,5.7,6229000.0,0.063,0.689,,72540000.0,0,clean,
S100YLT6,E05573,3803,listed,情報・通信業,イメージ情報開発株式会社,Image Information Inc.,2026-03-31,2026-06-26,代表取締役社長 半田 基実,8,6.0,2.0,0.25,0.25,8.0,0.0,58.0,3.0,4984000.0,,,,22565000.0,0,clean,
S100YLT7,E01718,6428,listed,機械,株式会社オーイズミ,OIZUMI Corporation,2026-03-31,2026-06-26,代表取締役社長 大 泉 秀 治,8,7.0,1.0,0.125,0.125,8.0,0.0,44.9,17.3,5374000.0,,,,194297000.0,0,clean,
S100YLTB,E01514,,unlisted,輸送用機器,株式会社豊田自動織機,TOYOTA INDUSTRIES CORPORATION,2026-03-31,2026-06-26,取締役社長 伊 藤 浩 一,7,6.0,1.0,0.14,0.1429,7.0,0.0,40.8,17.9,8933945.0,0.023,0.68,,546000000.0,0,clean,
S100YLTM,E03823,,unlisted,保険業,東京海上日動火災保険株式会社,"Tokio Marine &amp; Nichido Fire Insurance Co., Ltd.",2026-03-31,2026-06-26,取締役社長 城田 宏明,0,,,,,,,,,,,,,,0,no_tagged_board,officers table is TextBlock only
S100YLTN,E02226,7273,listed,輸送用機器,株式会社イクヨ,"IKUYO CO.,LTD.",2026-03-31,2026-06-26,代表取締役社長 孫 峰,11,6.0,5.0,0.45,0.4545,11.0,0.0,41.2,16.8,6839000.0,,,,117180000.0,0,clean,
S100YLU7,E02489,3851,listed,情報・通信業,株式会社日本一ソフトウェア,"Nippon Ichi Software, Inc.",2026-03-31,2026-06-26,代表取締役社長 猿橋 健蔵,8,8.0,,,,,,35.7,8.3,3971810.0,,,,82771000.0,0,clean,
S100YLUK,E38191,5247,listed,情報・通信業,株式会社BTM,"BTM, Inc.",2026-03-31,2026-06-26,代表取締役社長兼CEO 田口 雅教,7,7.0,,,,,,35.9,3.8,4951000.0,0.125,,,70352000.0,0,clean,
S100YLUW,E01987,6819,listed,サービス業,伊豆シャボテンリゾート株式会社,"Izu Shaboten Resort Co.,Ltd",2026-03-31,2026-06-26,代表取締役社長 吉村 浩太郎,10,8.0,2.0,0.2,0.2,10.0,0.0,33.4,6.8,4725817.0,,,,36948000.0,0,clean,
S100YLV8,E03355,2666,listed,小売業,株式会社オートウェーブ,"AUTOWAVE CO.,LTD.",2026-03-31,2026-06-26,代表取締役社長 廣岡 大介,7,6.0,1.0,0.143,0.1429,7.0,0.0,44.0,11.8,5231603.0,0.043,0.312,,65586000.0,0,clean,
S100YLV9,E23871,6629,listed,電気機器,テクノホライゾン株式会社,"TECHNO HORIZON CO.,LTD.",2026-03-31,2026-06-26,代表取締役社長 野 村 拡 伸,9,9.0,0.0,0.0,0.0,9.0,0.0,45.8,4.4,5246000.0,0.122,0.618,,79950000.0,0,clean,
S100YLVB,E02172,7247,listed,輸送用機器,株式会社ミクニ,MIKUNI CORPORATION,2022-03-31,2022-06-28,代表取締役社長 生田 久貴,14,12.0,2.0,0.143,0.1429,14.0,0.0,41.7,18.67,5666451.0,,,,257000000.0,0,clean,
S100YLVF,E27585,4978,listed,化学,株式会社リプロセル,ReproCELL Incorporated,2026-03-31,2026-06-26,代表取締役社長 横山 周史,6,6.0,0.0,,0.0,6.0,0.0,34.2,5.0,6147669.0,,,,81043000.0,0,clean,
S100YLVL,E02172,7247,listed,輸送用機器,株式会社ミクニ,MIKUNI CORPORATION,2023-03-31,2023-06-28,代表取締役社長 生田 久貴,14,12.0,2.0,0.143,0.1429,14.0,0.0,42.12,19.06,5850639.0,,,,273000000.0,0,clean,
S100YLVW,E02172,7247,listed,輸送用機器,株式会社ミクニ,MIKUNI CORPORATION,2024-03-31,2024-06-26,代表取締役社長 生田 久貴,14,12.0,2.0,0.143,0.1429,14.0,0.0,42.5,19.5,5922200.0,0.023,0.677,,283000000.0,0,clean,
S100YLVZ,E34725,7062,listed,サービス業,株式会社フレアス,"Fureasu Co.,Ltd.",2026-03-31,2026-06-26,代表取締役社長CEO 澤登 拓,6,6.0,0.0,0.0,0.0,6.0,0.0,44.4,5.7,4200000.0,0.318,0.833,,67808000.0,0,clean,
S100YLW0,E02172,7247,listed,輸送用機器,株式会社ミクニ,MIKUNI CORPORATION,2025-03-31,2025-06-26,代表取締役社長 生田 久貴,12,10.0,2.0,0.167,0.1667,12.0,0.0,42.8,19.5,5981854.0,0.027,0.709,,525000000.0,1,clean,
S100YLWW,E03451,3358,listed,小売業,Trailhead Global Holdings株式会社(旧会社名 ワイエスフード株式会社),"Trailhead Global Holdings, Inc.(旧英訳名 Y.S.FOOD CO.,LTD.)",2026-03-31,2026-06-26,代表取締役社長 高田 十光,8,7.0,1.0,0.143,0.125,8.0,0.0,,,,,,,50670000.0,0,partial,G2 female ratio filed 0.143 vs recomputed 0.1250
S100YLWX,E00711,7946,listed,その他製品,株式会社光陽社,KOYOSHA INC.,2026-03-31,2026-06-26,代表取締役社長 犬養 岬太,9,9.0,,,,,,48.23,17.58,4920235.0,0.057,,,61428000.0,0,clean,
S100YLXQ,E31367,3133,listed,小売業,株式会社海帆,"kaihan co.,Ltd.",2026-03-31,2026-06-26,代表取締役社長 守田 直貴,6,5.0,1.0,0.167,0.1667,6.0,0.0,38.9,3.0,3995517.0,,,,104700000.0,0,clean,
S100YLXT,E01420,5966,listed,金属製品,京都機械工具株式会社,"KYOTO TOOL CO.,LTD.",2021-03-31,2021-06-28,代表取締役社長 田中 滋,8,8.0,,,,,,40.3,17.0,5377809.0,,,,188641000.0,0,clean,
S100YLY9,E00909,4623,listed,化学,株式会社アサヒペン,ASAHIPEN CORPORATION,2026-03-31,2026-06-26,代表取締役社長 澤田 耕吾,11,11.0,,,,,,44.8,16.6,5544908.0,0.051,,,149061000.0,0,clean,
S100YLYD,E04343,,unlisted,倉庫・運輸関連,日本自動車ターミナル株式会社,"Japan Motor Terminal Co.,Ltd.",2026-03-31,2026-06-26,代表取締役社長 黒沼 靖,0,,,,,,,,,,,,,,0,no_tagged_board,officers table is TextBlock only
S100YLYN,E01420,5966,listed,金属製品,京都機械工具株式会社,"KYOTO TOOL CO.,LTD.",2022-03-31,2022-06-27,代表取締役社長 田中 滋,8,8.0,,,,,,40.9,17.1,5715368.0,,,,201843000.0,0,clean,
S100YLZ1,E03304,7578,listed,小売業,株式会社ニチリョク,"NICHIRYOKU CO.,LTD.",2022-03-31,2022-06-27,代表取締役社長 杉本 卓士,10,9.0,1.0,0.1,0.1,10.0,0.0,46.4,9.8,5496000.0,,,,95493000.0,0,clean,
S100YLZ8,E01420,5966,listed,金属製品,京都機械工具株式会社,"KYOTO TOOL CO.,LTD.",2023-03-31,2023-06-26,代表取締役社長 田中 滋,8,8.0,,,,,,40.3,17.0,5791782.0,,,,196254000.0,0,clean,
S100YLZK,E01646,,unlisted,機械,水道機工株式会社,"SUIDO KIKO KAISHA,LTD.",2026-03-31,2026-06-26,代表取締役社長 古川 徹,10,9.0,1.0,0.1,0.1,10.0,0.0,43.3,13.0,7981646.0,0.0,0.674,,241000000.0,0,clean,
S100YLZO,E03304,7578,listed,小売業,株式会社ニチリョク,"NICHIRYOKU CO.,LTD.",2023-03-31,2023-06-29,代表取締役社長 杉本 卓士,11,9.0,2.0,0.182,0.1818,11.0,0.0,48.1,8.7,5163000.0,,,,91799000.0,0,clean,
S100YLZQ,E26842,3175,listed,小売業,株式会社エー・ピーホールディングス,"AP HOLDINGS CO.,LTD.",2026-03-31,2026-06-26,代表取締役会長 兼 社長 米山 久,7,6.0,1.0,0.143,0.1429,7.0,0.0,43.3,9.4,5249000.0,0.607,0.791,,100000.0,0,clean,
S100YLZR,E01420,5966,listed,金属製品,京都機械工具株式会社,"KYOTO TOOL CO.,LTD.",2024-03-31,2024-06-27,代表取締役社長 田中 滋,8,8.0,,,,,,40.6,17.1,5939476.0,,,,193910000.0,0,clean,
S100YM04,E01420,5966,listed,金属製品,京都機械工具株式会社,"KYOTO TOOL CO.,LTD.",2025-03-31,2025-09-16,代表取締役社長 伊吹 和彦,8,8.0,,,,,,40.9,17.1,5877512.0,,,,165643000.0,0,clean,
S100YM0K,E03304,7578,listed,小売業,株式会社ニチリョク,"NICHIRYOKU CO.,LTD.",2024-03-31,2024-06-27,代表取締役社長 杉本 卓士,12,9.0,3.0,0.25,0.25,12.0,0.0,46.0,7.4,5037000.0,,,,92978000.0,0,clean,
S100YM11,E03304,7578,listed,小売業,株式会社ニチリョク,"NICHIRYOKU CO.,LTD.",2025-03-31,2025-06-27,代表取締役社長 渡邊 将志,13,11.0,2.0,0.154,0.1538,13.0,0.0,44.8,5.8,4548000.0,,,,92223000.0,0,clean,
S100YM13,E02538,,unlisted,卸売業,株式会社トーハン,TOHAN CORPORATION,2026-03-31,2026-06-26,代表取締役社長 大西 良文,0,,,,,,,,,,,,,,0,no_tagged_board,officers table is TextBlock only
S100YM1I,E04858,9685,listed,情報・通信業,KYCOMホールディングス株式会社,"KYCOM HOLDINGS CO., LTD.",2026-03-31,2026-06-26,代表取締役社長 吉村 仁博,10,10.0,0.0,0.0,0.0,10.0,0.0,57.3,5.58,4420000.0,0.033,0.555,,55200000.0,0,clean,
S100YM22,E00175,1866,listed,建設業,北野建設株式会社,KITANO CONSTRUCTION CORP.,2026-03-31,2026-06-26,代表取締役会長兼社長 北野 貴裕,9,8.0,1.0,0.111,0.1111,9.0,0.0,44.5,15.9,9298000.0,0.051,0.584,,338000000.0,1,clean,
S100YM27,E37194,7383,listed,情報・通信業,株式会社ネットプロテクションズホールディングス,"Net Protections Holdings, Inc.",2026-03-31,2026-06-26,代表取締役社長 柴田 紳,10,9.0,2.0,0.1818,0.2,11.0,1.0,38.4,2.6,11661379.0,,,,216726000.0,0,clean,
S100YM2W,E02711,9849,listed,卸売業,株式会社共同紙販ホールディングス,KYODO PAPER HOLDINGS,2026-03-31,2026-06-26,代表取締役会長 郡司 勝美,8,8.0,,,,,,51.7,24.1,4973463.0,0.179,0.805,,87110000.0,0,clean,
S100YM3K,E01766,6702,listed,電気機器,富士通株式会社,Fujitsu Limited,2026-03-31,2026-06-26,代表取締役社長 時田 隆仁,13,10.0,3.0,0.231,0.2308,13.0,0.0,42.7,17.6,10122665.0,0.131,0.792,,1984000000.0,4,clean,
S100YM3U,E02826,7463,listed,卸売業,株式会社アドヴァングループ,"ADVAN GROUP CO., LTD.",2026-03-31,2026-06-26,代表取締役社長 末次 廣明,9,8.0,1.0,0.111,0.1111,9.0,0.0,40.24,13.54,6635323.0,0.171,,,116280000.0,0,clean,
S100YM56,E41152,477A,listed,サービス業,株式会社スタートライン,"Startline CO.,LTD.",2026-03-31,2026-06-26,代表取締役社長 西村 賢治,9,8.0,1.0,0.111,0.1111,9.0,0.0,34.6,3.7,4325863.0,0.367,0.751,,104550000.0,0,clean,
S100YM5Z,E02403,6412,listed,機械,株式会社平和,Heiwa Corporation,2026-03-31,2026-06-26,代表取締役社長 嶺井 勝也,13,11.0,2.0,0.15,0.1538,13.0,0.0,45.1,18.5,6597192.0,,0.833,,193000000.0,0,clean,
S100YM7I,E05452,1711,listed,建設業,株式会社SDSホールディングス,"SDS HOLDINGS Co.,Ltd.",2026-03-31,2026-06-26,代表取締役社長 渡辺 悠介,8,8.0,,,,,,51.8,11.29,6934000.0,0.333,,,50850000.0,0,clean,
S100YM7M,E27059,6072,listed,サービス業,地盤ネットホールディングス株式会社,"Jibannet Holdings Co., Ltd.",2026-03-31,2026-06-26,代表取締役社長 荒 川 高 広,9,6.0,3.0,0.333,0.3333,9.0,0.0,40.5,5.3,7160000.0,,,,89881000.0,0,clean,
S100YM8I,E03815,8698,listed,証券、商品先物取引業,マネックスグループ株式会社,"Monex Group, Inc.",2026-03-31,2026-06-26,代表執行役社長 清明 祐子,11,12.0,5.0,0.294,0.4545,17.0,6.0,43.5,4.7,9426622.0,0.167,0.804,,542000000.0,4,clean,
S100YMA3,E35341,7078,listed,サービス業,INCLUSIVE Holdings株式会社2025年10月1日付で商号の登記上の表記を「INCLUSIVE株式会社」から「INCLUSIVE Holdings株式会社」に変更いたしました。,INCLUSIVE Holdings Inc.,2026-03-31,2026-06-26,代表取締役社長 木村 美樹,11,8.0,3.0,0.273,0.2727,11.0,0.0,36.4,3.9,6062000.0,0.25,,,154622000.0,0,clean,
S100YMA4,E05544,2467,listed,サービス業,株式会社VLCセキュリティ(旧会社名 株式会社バルクホールディングス),"VLC SECURITY CO.,LTD.(旧英訳名 VLC HOLDINGS CO.,LTD.)(注)2025年6月25日開催の第32回定時株主総会の決議により、2025年10月6日から会社名を上記のとおり変更いたしました。",2026-03-31,2026-06-26,代表取締役社長兼CEO 石原 紀彦,6,6.0,0.0,0.0,0.0,6.0,0.0,48.3,4.5,9570000.0,,,,,0,clean,
S100YMAO,E03670,8554,listed,銀行業,株式会社 南日本銀行,"The Minami-Nippon Bank,Ltd.",2026-03-31,2026-06-23,取締役頭取 田中 暁爾,13,12.0,1.0,0.076,0.0769,13.0,0.0,38.5,15.5,6199000.0,0.0988,0.562,,189000000.0,0,clean,
S100YMBT,E02459,7851,listed,その他製品,カワセコンピュータサプライ株式会社,"KAWASE COMPUTER SUPPLIES CO., LTD.",2026-03-31,2026-06-26,代表取締役社長 川瀬 啓輔,6,6.0,0.0,0.0,0.0,6.0,0.0,43.4,12.8,4415000.0,,,,68849000.0,0,clean,
S100YMC0,E27894,3909,listed,サービス業,株式会社ショーケース,Showcase Inc.,2026-03-31,2026-06-26,代表取締役社長 松本 高一,7,7.0,,,,,,36.2,6.6,5504000.0,,,,48750000.0,0,clean,
S100YMC7,E34326,5571,listed,情報・通信業,エキサイトホールディングス株式会社,"Excite Holdings Co., Ltd.",2026-03-31,2026-06-26,代表取締役社長CEO 西條 晋一,6,4.0,2.0,0.333,0.3333,6.0,0.0,39.9,6.8,7080000.0,0.4,0.697,,73000000.0,0,clean,
S100XQ6A,E02337,7709,listed,精密機器,クボテック株式会社,KUBOTEK CORPORATION,2026-03-31,2026-06-29,取締役社長 前 田 忠 和,7,4.0,3.0,0.429,0.4286,7.0,0.0,55.8,22.5,5883000.0,,,,22806000.0,0,clean,
S100Y49A,E03841,,unlisted,保険業,北海道建設業信用保証株式会社,"Hokkaido Construction Surety Co.,Ltd.",2026-03-31,2026-06-29,取締役社長 和 泉 晶 裕,0,,,,,,,,,,,,,,0,no_tagged_board,officers table is TextBlock only
S100YCG3,E39737,254A,listed,その他金融業,AIフュージョンキャピタルグループ株式会社,AI FUSION CAPITAL GROUP CORP.,2026-03-31,2026-06-29,代表取締役社長 澤田 大輔,6,6.0,,,,,,46.8,0.8,7238315.0,,,,76800000.0,0,clean,
S100YDYA,E05719,3858,listed,情報・通信業,株式会社ユビキタスAI,Ubiquitous AI Corporation,2026-03-31,2026-06-29,代表取締役社長 CEO 大吉 裕太,7,6.0,1.0,0.143,0.1429,7.0,0.0,48.0,10.3,7229000.0,0.0,0.619,,90600000.0,0,clean,
S100YEN4,E03861,,unlisted,不動産業,ダイビル株式会社,DAIBIRU CORPORATION,2026-03-31,2026-06-29,代表取締役社長執行役員 鍬 田 博 文,6,6.0,,,,,,38.6,9.5,10632000.0,0.152,,,,0,clean,
S100YFG1,E04522,,unlisted,電気・ガス業,四国ガス株式会社,"SHIKOKUGAS CO., LTD.",2026-03-31,2026-06-29,代表取締役社長 瀧 口 透,0,,,,,,,,,,,,,,0,no_tagged_board,officers table is TextBlock only
S100YFI5,E04137,,unlisted,陸運業,島原鉄道株式会社,"Shimabara Railroad Co.,Ltd.",2026-03-31,2026-06-29,代表取締役社長 山中 剛,0,,,,,,,,,,,,,,0,no_tagged_board,officers table is TextBlock only
S100YFLU,E37914,5133,listed,卸売業,株式会社テリロジーホールディングス,Terilogy Holdings Corporation,2025-03-31,2025-06-26,代表取締役社長 鈴木 達,8,8.0,,,,,,40.1,2.1,5513000.0,,,,68141000.0,0,clean,
S100YHFW,E00585,3011,listed,小売業,株式会社バナーズ,"BANNERS CO.,LTD.",2026-03-31,2026-06-29,代表取締役社長 小林 由佳,7,5.0,2.0,0.286,0.2857,7.0,0.0,47.6,8.8,4147598.0,,,,14640000.0,0,clean,
S100YIDG,E03837,,unlisted,保険業,西日本建設業保証株式会社,"West Japan Construction Surety Co., Ltd.",2026-03-31,2026-06-29,取締役社長 金 井 甲,0,,,,,,,,,,,,,,0,no_tagged_board,officers table is TextBlock only
S100YJ4V,E23245,3156,listed,卸売業,株式会社レスター,Restar Corporation,2026-03-31,2026-06-29,代表取締役 社長COO 林 眞一,12,10.0,2.0,0.166,0.1667,12.0,0.0,44.98,13.15,7481686.0,0.048,0.729,,392000000.0,1,clean,
S100YJ9F,E03494,3059,listed,小売業,ヒラキ株式会社,"HIRAKI CO.,LTD.",2026-03-31,2026-06-29,代表取締役 梅 木 孝 雄,9,8.0,1.0,0.111,0.1111,9.0,0.0,46.5,17.0,4850000.0,0.071,0.581,,77044000.0,0,clean,
S100YJPO,E01420,5966,listed,金属製品,京都機械工具株式会社,"KYOTO TOOL CO.,LTD.",2026-03-31,2026-06-29,代表取締役社長 伊吹 和彦,6,5.0,1.0,0.16,0.1667,6.0,0.0,40.6,17.0,5815766.0,,,,116139000.0,0,clean,
S100YJQ4,E02598,,unlisted,卸売業,株式会社新潟ケンベイ,"The Niigata Kenbei-Co., Ltd.",2026-03-31,2026-06-29,代表取締役社長 室橋 聡,0,,,,,,,,,,,,,,0,no_tagged_board,officers table is TextBlock only
S100YJSL,E23224,,unlisted,その他金融業,株式会社アプラス,"APLUS Co., Ltd.",2026-03-31,2026-06-29,代表取締役社長 嶋田 貴之,0,,,,,,,,,,,,,,0,no_tagged_board,officers table is TextBlock only
S100YJSP,E21219,,unlisted,卸売業,株式会社フォレストホールディングス,"Forest Holdings, Inc.",2026-03-31,2026-06-29,代表取締役社長 吉村 次生,0,,,,,,,,,,,,,,0,no_tagged_board,officers table is TextBlock only
S100YK9I,E34406,,unlisted,その他金融業,住友三井オートサービス株式会社,"Sumitomo Mitsui Auto Service Company, Limited",2026-03-31,2026-06-29,代表取締役社長 麻生 浩司,0,,,,,,,,,,,,,,0,no_tagged_board,officers table is TextBlock only
S100YKBG,E00566,3409,listed,繊維製品,株式会社北紡(旧会社名 北日本紡績株式会社),"KITABO CO.,LTD(旧英訳名 KITANIHON SPINNING CO.,LTD)",2026-03-31,2026-06-29,代表取締役社長 粕 谷 俊 昭,7,7.0,0.0,0.0,0.0,7.0,0.0,45.16,12.63,3555723.0,0.25,,,24270000.0,0,clean,
S100YKC9,E02845,7490,listed,卸売業,日新商事株式会社,"NISSIN SHOJI CO.,LTD.",2026-03-31,2026-06-29,代表取締役社長 筒井 博昭,7,6.0,1.0,0.14,0.1429,7.0,0.0,42.9,16.8,5908000.0,,0.525,,89290000.0,0,clean,
S100YKGZ,E02383,7980,listed,その他製品,株式会社 重松製作所,"SHIGEMATSU WORKS CO.,LTD.",2026-03-31,2026-06-29,取締役社長 重 松 宣 雄,16,15.0,1.0,0.063,0.0625,16.0,0.0,42.3,16.9,6179000.0,0.091,0.733,,396950000.0,0,clean,
S100YKK1,E05698,2146,listed,サービス業,UTグループ株式会社,"UT Group Co.,Ltd.",2026-03-31,2026-06-29,代表取締役社長 外村 学,5,4.0,1.0,0.2,0.2,5.0,0.0,40.3,7.2,4514000.0,0.306,0.624,,85000000.0,0,clean,
S100YKML,E00965,,unlisted,医薬品,千寿製薬株式会社,"SENJU PHARMACEUTICAL CO.,LTD.",2026-03-31,2026-06-29,代表取締役社長 吉田 周平,0,,,,,,,,,,,,,,0,no_tagged_board,officers table is TextBlock only
S100YKOH,E05528,9423,listed,情報・通信業,株式会社フォーバル・リアルストレート,Forval RealStraight Inc.,2026-03-31,2026-06-29,代表取締役社長 芳 賀 直 樹,7,8.0,0.0,0.0,0.0,8.0,1.0,38.9,5.8,7179000.0,,,,102248000.0,0,clean,
S100YL0Q,E01918,,unlisted,電気機器,日電工業株式会社,"Nichiden Kogyo Co., Ltd.",2026-03-31,2026-06-29,取締役社長 合 田 一 朗,0,,,,,,,,,,,,,,0,no_tagged_board,officers table is TextBlock only
S100YL35,E37829,,unlisted,空運業,株式会社リージョナルプラスウイングス,RegionalPlus Wings Corp.,2026-03-31,2026-06-29,代表取締役会長 鈴木 貴博代表取締役社長 山岐 真作,0,,,,,,,,,,,,,,0,no_tagged_board,officers table is TextBlock only
S100YL7D,E23973,,unlisted,証券、商品先物取引業,リーディング証券株式会社,"Leading Securities Co., Ltd.",2026-03-31,2026-06-29,代表取締役社長 胡 樂天,0,,,,,,,,,,,,,,0,no_tagged_board,officers table is TextBlock only
S100YL9X,E30066,3293,listed,不動産業,アズマハウス株式会社,"AZUMA HOUSE Co., Ltd.",2026-03-31,2026-06-29,代表取締役社長 東 行男,8,7.0,1.0,0.125,0.125,8.0,0.0,52.1,9.0,5649000.0,,,,138600000.0,0,clean,
S100YLD5,E02674,,unlisted,卸売業,日本アルコール販売株式会社,"JAPAN ALCOHOL TRADING CO., LTD.",2026-03-31,2026-06-29,代表取締役 取締役会長兼社長 雨 貝 二 郎,0,,,,,,,,,,,,,,0,no_tagged_board,officers table is TextBlock only
S100YLE6,E00734,7863,listed,その他製品,株式会社平賀,"HIRAGA CO., LTD.",2026-03-31,2026-06-29,代表取締役社長 中 前 圭 司,7,6.0,1.0,0.143,0.1429,7.0,0.0,46.35,14.83,5505000.0,0.147,0.727,,83238000.0,0,clean,
S100YLEZ,E01482,6104,listed,機械,芝浦機械株式会社,"SHIBAURA MACHINE CO., LTD.",2026-03-31,2026-06-29,取締役社長 坂元 繁友,12,10.0,2.0,0.166,0.1667,12.0,0.0,43.8,19.6,7061483.0,0.04,0.774,,246000000.0,0,clean,
S100YLF5,E00252,,unlisted,建設業,東邦電気工業株式会社,"TOHO ELECTRICAL CONSTRUCTION CO., LTD.",2026-03-31,2026-06-29,代表取締役社長 小保方 剛,0,,,,,,,,,,,,,,0,no_tagged_board,officers table is TextBlock only
S100YLIN,E01234,5482,listed,鉄鋼,愛知製鋼株式会社,AICHI STEEL CORPORATION,2026-03-31,2026-06-29,代表取締役社長 後藤 尚英,9,8.0,1.0,0.11,0.1111,9.0,0.0,39.6,17.7,8019000.0,0.021,0.687,,413000000.0,0,clean,
S100YLKC,E03281,7872,listed,その他製品,エステールホールディングス株式会社,"ESTELLE HOLDINGS CO., LTD.",2026-03-31,2026-06-29,代表取締役社長 丸山 雅史,11,11.0,,,,,,44.7,11.4,4237000.0,0.302,0.62,,179000000.0,0,clean,
S100YLMI,E03405,,unlisted,卸売業,株式会社エフティグループ,"FTGroup CO.,LTD.",2026-03-31,2026-06-29,代表取締役社長 小 林 亮 二,5,5.0,,,,,,44.86,14.0,6116975.0,0.09,0.491,,24000000.0,0,clean,
S100YLNO,E02875,7565,listed,卸売業,萬世電機株式会社,MANSEI CORPORATION,2026-03-31,2026-06-29,代表取締役社長 占部 正浩,11,11.0,,,,,,40.9,16.1,6902000.0,0.0,,,166732000.0,0,clean,
S100YLO4,E04723,,unlisted,サービス業,株式会社セントクリークゴルフクラブ,"St.CREEK GOLF CLUB CO.,LTD.",2026-03-31,2026-06-29,代表取締役社長 是 枝 昌 和,0,,,,,,,,,,,,,,0,no_tagged_board,officers table is TextBlock only
S100YLRH,E30863,,unlisted,その他金融業,JA三井リース株式会社,"JA MITSUI LEASING, LTD.",2026-03-31,2026-06-29,代表取締役 社長執行役員 松本 恭幸,0,,,,,,,,,,,,,,0,no_tagged_board,officers table is TextBlock only
S100YLU1,E04720,,unlisted,サービス業,株式会社オークモントゴルフクラブ,"OAKMONT GOLF CLUB CO.,LTD.",2026-03-31,2026-06-29,代表取締役社長 是 枝 昌 和,0,,,,,,,,,,,,,,0,no_tagged_board,officers table is TextBlock only
S100YLU6,E04141,,unlisted,陸運業,会津鉄道株式会社,"Aizu Railway Co.,ltd.",2026-03-31,2026-06-29,代表取締役社長 佐藤 喜市,17,13.0,0.0,0.0,0.0,13.0,-4.0,42.1,13.11,4249878.0,,,,,0,partial,G1 counted 17 board rows > 13 tagged officers
S100YLWG,E05112,2656,listed,小売業,株式会社ベクターホールディングス,Vector HOLDINGS Inc.,2026-03-31,2026-06-29,代表取締役社長 岩井 美和子,9,6.0,3.0,0.333,0.3333,9.0,0.0,46.6,9.1,6271000.0,0.25,0.692,,117150000.0,0,clean,
S100YLY3,E04386,,unlisted,情報・通信業,北陸放送株式会社,"Hokuriku Broadcasting Co.,Ltd.",2026-03-31,2026-06-29,代表取締役社長 島田 喜広,0,,,,,,,,,,,,,,0,no_tagged_board,officers table is TextBlock only
S100YLYF,E34065,6699,listed,電気機器,ダイヤモンドエレクトリックホールディングス株式会社,"DIAMOND ELECTRIC HOLDINGS Co., Ltd.",2026-03-31,2026-06-29,代表取締役社長 CEO兼グループCEO 小野 有理,7,6.0,1.0,0.142,0.1429,7.0,0.0,,,,,,,113000000.0,0,clean,
S100YLYO,E04397,,unlisted,情報・通信業,青森放送株式会社,Aomori Broadcasting Corporation,2026-03-31,2026-06-29,代表取締役社長 山本 恒太,0,,,,,,,,,,,,,,0,no_tagged_board,officers table is TextBlock only
S100YLZ7,E04115,,unlisted,陸運業,サンデン交通株式会社,"Sanden Kotsu Co.,Ltd.",2026-03-31,2026-06-29,代表取締役社長 竹重 秀敏,0,,,,,,,,,,,,,,0,no_tagged_board,officers table is TextBlock only
S100YM06,E41452,549A,listed,サービス業,ヒトトヒトホールディングス株式会社,"HITO-TO-HITO Holdings Co.,Ltd.",2026-03-31,2026-06-29,代表取締役社長 兼 グループCEO 松本 哲裕,8,7.0,1.0,0.125,0.125,8.0,0.0,41.3,5.26,6363000.0,0.182,0.642,,71228000.0,0,clean,
S100YM1B,E04722,,unlisted,サービス業,多治見クラシック株式会社,"TAJIMI CLASSIC CO.,LTD.",2026-03-31,2026-06-29,代表取締役社長 是 枝 昌 和,0,,,,,,,,,,,,,,0,no_tagged_board,officers table is TextBlock only
S100YM26,E04099,,unlisted,陸運業,長野電鉄株式会社,"Nagano Electric Railway Co.,Ltd.",2026-03-31,2026-06-29,代表取締役社長 久保田 敏之,0,,,,,,,,,,,,,,0,no_tagged_board,officers table is TextBlock only
S100YM2S,E04748,,unlisted,サービス業,株式会社メイプルポイントゴルフクラブ,"MAPLE POINT GOLF CLUB CO.,LTD.",2026-03-31,2026-06-29,代表取締役社長 是 枝 昌 和,0,,,,,,,,,,,,,,0,no_tagged_board,officers table is TextBlock only
S100YM41,E04823,9760,listed,サービス業,株式会社進学会ホールディングス,"SHINGAKUKAI HOLDINGS CO.,LTD.",2026-03-31,2026-06-29,代表取締役 平井 将浩,7,7.0,,,,,,55.0,30.0,4835000.0,,,,22956000.0,0,clean,
S100YM45,E04524,,unlisted,電気・ガス業,日本瓦斯株式会社,"NIPPON GAS Co.,Ltd.",2026-03-31,2026-06-29,代表取締役社長 津曲 貞利,0,,,,,,,,,,,,,,0,no_tagged_board,officers table is TextBlock only
S100YM47,E04715,,unlisted,サービス業,岡崎クラシック株式会社,"OKAZAKI CLASSIC CO.,LTD.",2026-03-31,2026-06-29,代表取締役社長 是 枝 昌 和,0,,,,,,,,,,,,,,0,no_tagged_board,officers table is TextBlock only
S100YM5D,E04128,,unlisted,陸運業,富山地方鉄道株式会社,"TOYAMACHIHO RAILROAD CO.,LTD.",2026-03-31,2026-06-29,代表取締役社長 新庄 一洋,0,,,,,,,,,,,,,,0,no_tagged_board,officers table is TextBlock only
S100YM64,E02814,,unlisted,卸売業,日本酒類販売株式会社,"NIHONSHURUIHANBAI CO.,LTD.",2026-03-31,2026-06-29,代表取締役社長 倉本 隆,0,,,,,,,,,,,,,,0,no_tagged_board,officers table is TextBlock only
S100YM65,E32412,7187,listed,その他金融業,ジェイリース株式会社,"J-LEASE CO.,LTD.",2026-03-31,2026-06-29,代表取締役社長 中島 土,10,8.0,2.0,0.2,0.2,10.0,0.0,38.2,7.2,5709000.0,0.212,0.75,,288044000.0,0,clean,
S100YM6C,E02447,7399,listed,輸送用機器,株式会社ナンシン,"NANSIN CO., LTD.",2026-03-31,2026-06-29,代表取締役社長 諏 訪 隆 博,9,8.0,1.0,0.111,0.1111,9.0,0.0,46.2,12.3,5754893.0,0.103,0.753,,138412000.0,0,clean,
S100YM6H,E02096,7836,listed,その他製品,アビックス株式会社,"AVIX,Inc.",2026-03-31,2026-06-29,代表取締役社長 岩 切 敏 晃,6,4.0,1.0,0.2,0.1667,5.0,-1.0,40.59,6.21,6935000.0,,,,22560000.0,0,partial,G1 counted 6 board rows > 5 tagged officers
S100YM6Q,E04735,,unlisted,サービス業,株式会社グレイスヒルズカントリー倶楽部,"GRACE HILLS COUNTRY CLUB CO.,LTD.",2026-03-31,2026-06-29,代表取締役社長 是 枝 昌 和,0,,,,,,,,,,,,,,0,no_tagged_board,officers table is TextBlock only
S100YM6T,E02818,7538,listed,卸売業,株式会社大水,"DAISUI CO.,LTD.",2026-03-31,2026-06-29,代表取締役社長執行役員 山橋 英一郎,10,10.0,,,,,,46.4,20.1,6688810.0,0.056,0.564,,217000000.0,0,clean,
S100YM73,E03252,7462,listed,小売業,株式会社CAPITA,CAPITA Inc.,2026-03-31,2026-06-29,代表取締役CEO 宮 田 浩 二,6,6.0,0.0,,0.0,6.0,0.0,47.5,13.43,5407000.0,,,,29918000.0,0,clean,
S100YM8U,E25811,,unlisted,サービス業,株式会社関西ゴルフ倶楽部,"KANSAI GOLF CLUB CO.,LTD.",2026-03-31,2026-06-29,代表取締役社長 是 枝 昌 和,0,,,,,,,,,,,,,,0,no_tagged_board,officers table is TextBlock only
S100YM8W,E02627,8105,listed,卸売業,Bitcoin Japan株式会社(旧会社名 堀田丸正株式会社),"Bitcoin Japan Corporation(旧英訳名 MARUSHOHOTTA CO.,LTD.)",2026-03-31,2026-06-29,代表取締役社長CEO フィリップ ロード,9,9.0,,,,,,51.8,14.5,4308174.0,,0.55,,27642000.0,0,clean,
S100YM8Y,E31542,6166,listed,機械,株式会社中村超硬,"NAKAMURA CHOUKOU CO.,LTD.",2026-03-31,2026-06-29,代表取締役会長 井上 誠,8,8.0,0.0,0.0,0.0,8.0,0.0,47.9,15.3,5312909.0,,,,103384000.0,0,clean,
S100YMAI,E00550,3205,listed,繊維製品,株式会社ダイドーリミテッド,DAIDOH LIMITED,2026-03-31,2026-06-29,代表取締役社長執行役員グループCOO 成 瀬 功 一 郎,10,8.0,2.0,0.2,0.2,10.0,0.0,52.4,24.4,6150000.0,0.067,0.727,,106000000.0,0,clean,
S100YMBF,E04727,2340,listed,サービス業,株式会社極楽湯ホールディングス,"GOKURAKUYU HOLDINGS CO.,LTD.",2026-03-31,2026-06-29,代表取締役会長兼社長グループCEO 新 川 隆 丈,11,10.0,1.0,0.09,0.0909,11.0,0.0,41.3,11.2,6437000.0,0.2,0.543,,169635000.0,0,clean,
S100YME7,E02664,8141,listed,卸売業,新光商事株式会社,"Shinko Shoji Co., Ltd.",2026-03-31,2026-06-29,代表取締役社長 小川 達哉,11,10.0,1.0,0.09,0.0909,11.0,0.0,43.3,15.75,7252000.0,0.038,0.539,,228000000.0,0,clean,
S100YMFF,E32405,6195,listed,サービス業,株式会社ホープ,"HOPE, INC.",2026-03-31,2026-06-29,代表取締役社長CEO 時津 孝康,8,7.0,1.0,0.125,0.125,8.0,0.0,34.9,5.0,5085000.0,,,,123693000.0,0,clean,
S100YMG4,E03695,8518,listed,証券、商品先物取引業,日本アジア投資株式会社,"Japan Asia Investment Company, Limited",2026-03-31,2026-06-29,代表取締役 社長執行役員CEO 丸山 俊,5,4.0,1.0,0.2,0.2,5.0,0.0,47.0,13.0,8105005.0,,,,45000000.0,0,clean,
S100YMGV,E31131,3905,listed,情報・通信業,データセクション株式会社,Datasection Inc.,2026-03-31,2026-06-29,代表取締役社長執行役員CEO 石原 紀彦,6,6.0,,,,,,44.5,2.0,7931000.0,0.125,0.571,,172787000.0,0,clean,
S100YMHZ,E00453,2894,listed,食料品,石井食品株式会社,"Ishii Food Co., Ltd.",2026-03-31,2026-06-29,代表取締役社長執行役員 石井 智康,9,5.0,4.0,0.444,0.4444,9.0,0.0,42.9,15.2,5520864.0,0.304,0.673,,113451000.0,0,clean,
S100YMI8,E04564,,unlisted,サービス業,株式会社ニュー・オータニ,"NEW OTANI CO.,LTD.",2026-03-31,2026-06-29,代表取締役社長 清水 肇,0,,,,,,,,,,,,,,0,no_tagged_board,officers table is TextBlock only
S100YMIN,E02290,,unlisted,精密機器,大和製衡株式会社,"Yamato Scale Co., Ltd.",2026-03-31,2026-06-29,代表取締役社長 川西 能久,0,,,,,,,,,,,,,,0,no_tagged_board,officers table is TextBlock only
S100YMIT,E02798,7426,listed,卸売業,株式会社山大,Yamadai Corporation,2026-03-31,2026-06-29,代表取締役社長 髙橋 暢介,9,9.0,,,,,,42.9,13.3,3749956.0,,,,39046000.0,0,clean,
S100YMJJ,E03275,7522,listed,小売業,ワタミ株式会社,"WATAMI CO.,LTD.",2026-03-31,2026-06-29,代表取締役会長兼社長CEO 渡邉 美樹,6,5.0,1.0,0.167,0.1667,6.0,0.0,44.5,11.65,5549000.0,0.218,0.619,,123000000.0,0,clean,
S100YML0,E03278,7524,listed,小売業,マルシェ株式会社,MARCHE CORPORATION,2026-03-31,2026-06-29,代表取締役社長 加藤 洋嗣,8,8.0,0.0,0.0,0.0,8.0,0.0,41.0,11.0,4594304.0,0.142,0.834,,39894000.0,0,clean,
S100YMLD,E04374,,unlisted,倉庫・運輸関連,西日本高速道路株式会社,West Nippon Expressway Company Limited,2026-03-31,2026-06-29,代表取締役社長 芝村 善治,0,,,,,,,,,,,,,,0,no_tagged_board,officers table is TextBlock only
S100YMM9,E31321,3224,listed,小売業,株式会社ゼネラル・オイスター,"General Oyster,Inc.",2026-03-31,2026-06-29,代表取締役社長 渡邊 一博,6,6.0,,,,,,46.1,5.53,7668000.0,0.0,0.611,,33600000.0,0,clean,
S100YMMQ,E07846,,unlisted,不動産業,森ビル株式会社,"MORI BUILDING Co., Ltd.",2026-03-31,2026-06-29,代表取締役社長 向後 康弘,0,,,,,,,,,,,,,,0,no_tagged_board,officers table is TextBlock only
S100YMMY,E01209,,unlisted,ガラス・土石製品,株式会社麻生,Aso Corporation,2026-03-31,2026-06-29,取締役社長 麻生 巌,0,,,,,,,,,,,,,,0,no_tagged_board,officers table is TextBlock only
S100YMPS,E04396,,unlisted,情報・通信業,RSKホールディングス株式会社,"RSK Holdings Co., Ltd.",2026-03-31,2026-06-29,代表取締役社長 物部 一宏,0,,,,,,,,,,,,,,0,no_tagged_board,officers table is TextBlock only
S100YMQ1,E02173,6356,listed,機械,日本ギア工業株式会社,"NIPPON GEAR CO., LTD.",2026-03-31,2026-06-29,代表取締役社長 寺田 治夫,10,9.0,1.0,0.1,0.1,10.0,0.0,42.9,17.3,7467999.0,0.077,0.518,,126000000.0,0,clean,
S100YMRC,E34070,7031,listed,サービス業,株式会社インバウンドテック,Inbound Tech Inc.,2026-03-31,2026-06-29,代表取締役社長 下大薗 豊,11,10.0,1.0,0.091,0.0909,11.0,0.0,36.7,2.9,5427000.0,0.455,0.636,,99288000.0,0,clean,
S100YMS0,E02266,7721,listed,精密機器,東京計器株式会社,TOKYO KEIKI INC.,2026-03-31,2026-06-29,代表取締役社長執行役員 安藤 毅,6,5.0,1.0,0.17,0.1667,6.0,0.0,43.0,15.2,6934000.0,0.017,0.664,,138000000.0,0,clean,
S100YMSD,E25206,3646,listed,情報・通信業,株式会社駅探,"Ekitan &amp; Co., Ltd.",2026-03-31,2026-06-29,代表取締役社長 菊井 健大,8,6.0,2.0,0.25,0.25,8.0,0.0,43.8,8.3,6437813.0,,,,44512000.0,0,clean,
S100YMT4,E02655,8136,listed,卸売業,株式会社サンリオ,"Sanrio Company, Ltd.",2024-03-31,2024-06-28,代表取締役社長 辻 朋邦,13,9.0,4.0,0.307,0.3077,13.0,0.0,43.0,17.0,8772142.0,0.432,0.405,,481000000.0,3,clean,
S100YMT7,E04385,,unlisted,情報・通信業,株式会社アイビーシー岩手放送,"Iwate Broadcasting Co.,Ltd.",2026-03-31,2026-06-29,代表取締役社長 眞下 卓也,0,,,,,,,,,,,,,,0,no_tagged_board,officers table is TextBlock only
S100YMTN,E33577,6564,listed,サービス業,株式会社ミダックホールディングス,"MIDAC HOLDINGS CO., LTD.",2026-03-31,2026-06-29,代表取締役社長 加藤 恵子,9,8.0,1.0,0.111,0.1111,9.0,0.0,39.5,6.2,5943703.0,,,,163288000.0,0,clean,
S100YMTQ,E02008,6298,listed,機械,ワイエイシイホールディングス株式会社,"Y.A.C. HOLDINGS CO., LTD.",2026-03-31,2026-06-29,代表取締役会長 兼 社長 百瀬 武文,11,10.0,1.0,0.09,0.0909,11.0,0.0,47.2,8.1,7077482.0,,,,228000000.0,1,clean,
S100YMTV,E21553,3628,listed,情報・通信業,株式会社データホライゾン,"DATA HORIZON CO.,LTD.",2026-03-31,2026-06-29,代表取締役社長 瀬川 翔,8,7.0,1.0,0.125,0.125,8.0,0.0,43.6,8.0,5711000.0,0.25,,,53148000.0,0,clean,
S100YMU3,E01632,6357,listed,機械,三精テクノロジーズ株式会社,"Sansei Technologies, Inc.",2026-03-31,2026-06-24,代表取締役社長執行役員 板 垣 治,13,12.0,1.0,0.077,0.0769,13.0,0.0,43.7,16.1,6922000.0,0.047,0.708,,372429000.0,0,clean,
S100YMU6,E03181,9904,listed,小売業,株式会社ベリテ,"Vérité Co.,Ltd.",2026-03-31,2026-06-22,代表取締役社長CEO ジャベリ・アルパン・キルティクマール,9,9.0,0.0,,0.0,9.0,0.0,38.27,6.91,3432608.0,0.709,0.609,,70000000.0,0,clean,
S100YMXL,E00576,3521,listed,不動産業,テルマー湯ホールディングス株式会社(旧会社名 エコナックホールディングス株式会社),"THERMAE-YU HOLDINGS CO.,LTD.(旧英訳名 ECONACH HOLDINGS CO.,LTD.)(注)2025年6月27日開催の第145回定時株主総会の決議により、2025年10月1日から会社名及び英訳名を上記のとおり変更いたしました。",2026-03-31,2026-06-29,代表取締役社長 鈴木 隆太,7,6.0,1.0,0.143,0.1429,7.0,0.0,46.8,14.4,5172000.0,,,,53230000.0,0,clean,
S100YMXV,E05691,2152,listed,サービス業,幼児活動研究会株式会社,Youji Corporation,2026-03-31,2026-06-17,代表取締役社長 山 下 孝 一,10,9.0,1.0,0.1,0.1,10.0,0.0,34.5,12.1,5494000.0,0.066,0.496,,195000000.0,0,clean,
S100YMXX,E27032,4584,listed,医薬品,キッズウェル・バイオ株式会社,Kidswell Bio Corporation,2026-03-31,2026-06-29,代表取締役社長 紅林 伸也,6,5.0,1.0,0.166,0.1667,6.0,0.0,48.6,5.6,9168000.0,,,,69900000.0,0,clean,
S100YMY2,E04629,,unlisted,サービス業,株式会社六石ゴルフ倶楽部,"The Rokkoku Golf Club Co.,Ltd.",2026-03-31,2026-06-29,代表取締役社長 三澤 孝行,0,,,,,,,,,,,,,,0,no_tagged_board,officers table is TextBlock only
S100YMY4,E02655,8136,listed,卸売業,株式会社サンリオ,"Sanrio Company, Ltd.",2025-03-31,2025-06-25,代表取締役社長 辻 朋邦,13,9.0,4.0,0.307,0.3077,13.0,0.0,41.0,14.0,9425641.0,0.444,0.44,,480000000.0,2,clean,
S100YMY5,E37457,7138,listed,小売業,株式会社TORICO,"TORICO Co., Ltd.",2024-03-31,2024-06-28,代表取締役社長 安藤 拓郎,8,8.0,0.0,0.0,0.0,8.0,0.0,34.0,3.9,4114000.0,0.5,0.627,,67726000.0,0,clean,
S100YMYB,E37457,7138,listed,小売業,株式会社TORICO,"TORICO Co., Ltd.",2025-03-31,2025-06-30,代表取締役社長 安藤 拓郎,10,9.0,1.0,0.1,0.1,10.0,0.0,34.5,4.4,4206000.0,0.5,0.663,,60986000.0,0,clean,
S100YMZ1,E02596,,unlisted,卸売業,小泉産業株式会社,Koizumi Sangyo Corporation,2026-03-31,2026-06-29,代表取締役社長 矢 本 博 康,0,,,,,,,,,,,,,,0,no_tagged_board,officers table is TextBlock only
S100YMZS,E27051,3179,listed,小売業,シュッピン株式会社,"Syuppin Co., Ltd.",2026-03-31,2026-06-23,代表取締役社長 CEO 齋藤 仁志,12,8.0,4.0,0.33,0.3333,12.0,0.0,36.0,7.3,5934401.0,0.167,0.85,,200012000.0,0,clean,
S100YN09,E05151,4814,listed,情報・通信業,ネクストウェア株式会社,Nextware Ltd.,2026-03-31,2026-06-29,代表取締役社長 豊田 崇克,11,11.0,0.0,0.0,0.0,11.0,0.0,41.3,14.0,4981000.0,,,,61883000.0,0,clean,
S100YN0V,E04948,9435,listed,情報・通信業,株式会社光通信,"HIKARI TSUSHIN, INC.",2026-03-31,2026-06-29,代表取締役社長COO 和田 英明,8,6.0,2.0,0.25,0.25,8.0,0.0,49.0,21.7,35175984.0,,,,593000000.0,2,clean,
S100YN23,E05569,2479,listed,サービス業,株式会社ジェイテック,JTEC CORPORATION,2026-03-31,2026-06-29,代表取締役社長 藤本 彰,13,13.0,,,,,,36.6,10.8,5067000.0,0.001,0.698,,99108000.0,0,clean,
S100YN25,E04616,,unlisted,サービス業,株式会社東海カントリークラブ,"The Tokai Country Club Co., Ltd.",2026-03-31,2026-06-29,代表取締役社長 神野 吾郎,0,,,,,,,,,,,,,,0,no_tagged_board,officers table is TextBlock only
S100YN30,E40034,263A,listed,情報・通信業,株式会社デジタルキューブ,DigitalCube Co. Ltd.,2026-03-31,2026-06-29,代表取締役社長 小賀 浩通,0,,,,,,,,,,,,,,0,no_tagged_board,officers table is TextBlock only
S100YN3H,E03166,9890,listed,小売業,株式会社マキヤ,"MAKIYA CO., LTD.",2026-03-31,2026-06-29,代表取締役社長執行役員 早川 紀行,11,10.0,1.0,0.09,0.0909,11.0,0.0,45.0,15.0,5449803.0,0.165,0.621,,133590000.0,0,clean,
S100YN3J,E01724,6405,listed,機械,鈴茂器工株式会社,"Suzumo Machinery Co., Ltd.",2026-03-31,2026-06-29,代表取締役 社長執行役員 谷 口 徹,6,4.0,2.0,0.333,0.3333,6.0,0.0,41.56,10.95,6892794.0,0.011,0.686,,171000000.0,0,clean,
S100YN6A,E03304,7578,listed,小売業,株式会社ニチリョク,"NICHIRYOKU CO.,LTD.",2026-03-31,2026-06-29,代表取締役社長 渡邊 将志,12,11.0,1.0,0.083,0.0833,12.0,0.0,46.6,4.9,4624000.0,,,,117763000.0,0,clean,
S100YBI7,E04980,4667,listed,情報・通信業,アイサンテクノロジー株式会社,"AISAN TECHNOLOGY CO.,LTD.",2026-03-31,2026-06-30,代表取締役社長 加藤 淳,9,9.0,,,,,,41.0,12.5,6894000.0,0.098,0.753,,156889000.0,0,clean,
S100YGJH,E39483,147A,listed,情報・通信業,株式会社ソラコム,"SORACOM, INC.",2026-03-31,2026-06-30,代表取締役社長 玉川 憲,7,6.0,1.0,0.142,0.1429,7.0,0.0,41.85,4.81,11425000.0,,,,84509000.0,0,clean,
S100YH1E,E41128,,unlisted,サービス業,PayPay株式会社,PayPay Corporation,2026-03-31,2026-06-30,代表取締役社長執行役員CEO 中山 一郎,0,,,,,,,,,,,,,,0,no_tagged_board,officers table is TextBlock only
S100YH6S,E01897,6706,listed,電気機器,電気興業株式会社,"DKK Co., Ltd.",2026-03-31,2026-06-30,代表取締役社長 近 藤 忠 登 史,13,11.0,2.0,0.154,0.1538,13.0,0.0,47.4,17.0,6492000.0,0.092,0.779,,287000000.0,0,clean,
S100YH7L,E02045,6840,listed,電気機器,株式会社AKIBAホールディングス,"AKIBA Holdings Co.,Ltd.",2026-03-31,2026-06-30,代表取締役社長 白鳥 俊昭,12,11.0,1.0,0.083,0.0833,12.0,0.0,38.0,3.0,6238222.0,,,,97200000.0,0,clean,
S100YHSS,E04142,,unlisted,陸運業,のと鉄道株式会社,"NOTO RAILWAY CO.,LTD.",2026-03-31,2026-06-30,代表取締役社長 中田 哲也,0,,,,,,,,,,,,,,0,no_tagged_board,officers table is TextBlock only
S100YIZC,E04393,,unlisted,情報・通信業,山口放送株式会社,"Yamaguchi Broadcasting Co., Ltd.",2026-03-31,2026-06-30,代表取締役社長 横道 秀彦,0,,,,,,,,,,,,,,0,no_tagged_board,officers table is TextBlock only
S100YJAH,E37914,5133,listed,卸売業,株式会社テリロジーホールディングス,Terilogy Holdings Corporation,2026-03-31,2026-06-23,代表取締役社長 鈴木 達,8,7.0,1.0,0.12,0.125,8.0,0.0,40.6,2.5,5541000.0,,,,94792000.0,0,clean,
S100YKR6,E04181,,unlisted,陸運業,瀬戸内運輸株式会社,"THE SETOUTI BUS CO.,LTD.",2026-03-31,2026-06-30,代表取締役社長 渡邉 和秀,0,,,,,,,,,,,,,,0,no_tagged_board,officers table is TextBlock only
S100YLXG,E25115,,unlisted,サービス業,株式会社 新南愛知,"Shin minami aichi Co.,Ltd.",2026-03-31,2026-06-30,代表取締役社長 森田 勉司,0,,,,,,,,,,,,,,0,no_tagged_board,officers table is TextBlock only
S100YM2J,E00982,,unlisted,医薬品,株式会社LTTバイオファーマ,"LTT Bio-Pharma Co.,Ltd.",2026-03-31,2026-06-30,代表取締役会長兼社長・CEO 水島 徹,0,,,,,,,,,,,,,,0,no_tagged_board,officers table is TextBlock only
S100YM3V,E34736,,unlisted,保険業,アクサ・ホールディングス・ジャパン株式会社,"AXA Holdings Japan Co., Ltd.",2026-03-31,2026-06-30,代表取締役社長 クリストフ・アヴネル,0,,,,,,,,,,,,,,0,no_tagged_board,officers table is TextBlock only
S100YMDA,E05031,,unlisted,サービス業,トヨタファイナンス株式会社,TOYOTA FINANCE CORPORATION,2026-03-31,2026-06-30,取締役社長 三 好 正 浩,0,,,,,,,,,,,,,,0,no_tagged_board,officers table is TextBlock only
S100YMEB,E34006,,unlisted,陸運業,大阪市高速電気軌道株式会社,"Osaka Metro Co., Ltd.",2026-03-31,2026-06-30,代表取締役社長 角 元 敬 治,0,,,,,,,,,,,,,,0,no_tagged_board,officers table is TextBlock only
S100YMGL,E04613,,unlisted,サービス業,株式会社 大利根カントリー倶楽部,Ohtone Country Club Limited,2026-03-31,2026-06-30,取締役社長 中 村 光 伸,0,,,,,,,,,,,,,,0,no_tagged_board,officers table is TextBlock only
S100YMK7,E00867,7886,listed,化学,ヤマト モビリティ & Mfg.株式会社,"YAMATO Mobility &amp; Mfg.Co., Ltd.",2026-03-31,2026-06-30,代表取締役CEO 鈴木 昭寿,11,10.0,1.0,0.09,0.0909,11.0,0.0,47.3,17.8,5511000.0,0.05,0.647,,76800000.0,0,clean,
S100YMR2,E04130,,unlisted,陸運業,北陸鉄道株式会社,"Hokuriku Railroad Co.,Ltd.",2026-03-31,2026-06-30,代表取締役社長 小林 工,0,,,,,,,,,,,,,,0,no_tagged_board,officers table is TextBlock only
S100YMZO,E04262,,unlisted,海運業,新日本海フェリー株式会社,"Shinnihonkai Ferry Co.,Ltd.",2026-03-31,2026-06-30,代表取締役社長 入谷 泰生,0,,,,,,,,,,,,,,0,no_tagged_board,officers table is TextBlock only
S100YMZU,E33595,2334,listed,サービス業,株式会社イオレ,eole Inc.,2026-03-31,2026-06-30,代表取締役社長 瀧野 諭吾,9,8.0,1.0,0.111,0.1111,9.0,0.0,35.2,5.0,5328000.0,0.1,,,76105000.0,0,clean,
S100YN1G,E36321,4936,listed,化学,株式会社アクシージア,AXXZIA Inc.,2025-07-31,2025-10-23,代表取締役社長 段 卓,11,9.0,2.0,0.182,0.1818,11.0,0.0,35.3,2.7,6168000.0,0.559,0.604,,222924000.0,0,clean,
S100YN5G,E03833,,unlisted,保険業,あいおいニッセイ同和損害保険株式会社,"Aioi Nissay Dowa Insurance Company, Limited",2026-03-31,2026-06-30,代表取締役社長 新納 啓介,0,,,,,,,,,,,,,,0,no_tagged_board,officers table is TextBlock only
S100YN5U,E03312,7601,listed,小売業,株式会社ポプラ,"POPLAR Co.,Ltd.",2026-02-28,2026-05-27,代表取締役社長 岡田 礼信,8,7.0,1.0,0.125,0.125,8.0,0.0,49.3,20.0,4600802.0,0.036,0.539,,31974000.0,0,clean,
S100YN6S,E03824,,unlisted,保険業,三井住友海上火災保険株式会社,"Mitsui Sumitomo Insurance Company, Limited",2026-03-31,2026-06-30,取締役社長 海山 裕,0,,,,,,,,,,,,,,0,no_tagged_board,officers table is TextBlock only
S100YN95,E33864,6574,listed,サービス業,株式会社コンヴァノ,Convano Inc.,2026-03-31,2026-06-30,代表取締役社長 上四元 絢,8,7.0,1.0,0.125,0.125,8.0,0.0,27.4,2.0,3352000.0,0.889,0.76,,75544000.0,0,clean,
S100YN9E,E02385,7985,listed,金属製品,ネポン株式会社,NEPON Inc.,2026-03-31,2026-06-30,代表取締役社長兼CEO 福田 晴久,8,8.0,0.0,0.0,0.0,8.0,0.0,43.6,14.3,5325000.0,,,,105554000.0,0,clean,
S100YN9T,E31957,3925,listed,情報・通信業,株式会社ダブルスタンダード,Double Standard Inc.,2026-03-31,2026-06-30,代表取締役 福永康寛,8,8.0,0.0,,0.0,8.0,0.0,36.5,4.5,6080000.0,,,,123600000.0,0,clean,
S100YN9U,E04196,,unlisted,陸運業,立山黒部貫光株式会社,"TATEYAMAKUROBE KANKO CO.,LTD.",2026-03-31,2026-06-30,代表取締役社長 見角 要,0,,,,,,,,,,,,,,0,no_tagged_board,officers table is TextBlock only
S100YNAF,E03736,,unlisted,その他金融業,株式会社日産フィナンシャルサービス,"NISSAN FINANCIAL SERVICES CO., LTD.",2026-03-31,2026-06-30,代表取締役社長 高 野 晶,0,,,,,,,,,,,,,,0,no_tagged_board,officers table is TextBlock only
S100YNAN,E02565,,unlisted,卸売業,三国商事株式会社,"MIKUNI SHOJI CO., LTD.",2026-03-31,2026-06-30,取締役社長 今 野 博 文,0,,,,,,,,,,,,,,0,no_tagged_board,officers table is TextBlock only
S100YNBB,E33615,6562,listed,情報・通信業,株式会社ジーニー,"Geniee, Inc.",2026-03-31,2026-06-30,代表取締役社長 工藤 智昭,7,6.0,1.0,0.143,0.1429,7.0,0.0,32.9,2.9,6783000.0,0.081,0.723,,57000000.0,0,clean,
S100YNBV,E04206,9060,listed,陸運業,日本ロジテム株式会社,JAPAN LOGISTIC SYSTEMS CORP.,2026-03-31,2026-06-30,代表取締役社長 中西 伸次郎,14,13.0,1.0,0.07,0.0714,14.0,0.0,43.0,14.0,5377389.0,,0.62,,195000000.0,0,clean,
S100YNCJ,E03854,8725,listed,保険業,MS&ADインシュアランスグループホールディングス株式会社,"MS&amp;AD Insurance Group Holdings, Inc.",2026-03-31,2026-06-30,取締役社長 CEO 舩曵 真一郎,13,9.0,4.0,0.308,0.3077,13.0,0.0,47.2,21.7,12376260.0,0.128,0.67,,541000000.0,4,clean,
S100YNCK,E04112,,unlisted,陸運業,越後交通株式会社,"Echigokotsu Co.,Ltd.",2026-03-31,2026-06-30,代表取締役社長 渡辺 信行,0,,,,,,,,,,,,,,0,no_tagged_board,officers table is TextBlock only
S100YNDU,E02483,4240,listed,化学,クラスターテクノロジー株式会社,"CLUSTER TECHNOLOGY CO.,LTD.",2026-03-31,2026-06-30,代表取締役社長 安達 良紀,7,7.0,0.0,0.0,0.0,7.0,0.0,45.1,11.3,4382000.0,,,,47529000.0,0,clean,
S100YNEC,E01239,5471,listed,鉄鋼,大同特殊鋼株式会社,"Daido Steel Co., Ltd.",2026-03-31,2026-06-30,代表取締役社長 清水 哲也,11,9.0,2.0,0.18,0.1818,11.0,0.0,40.2,17.9,8704000.0,0.032,0.752,,485000000.0,0,clean,
S100YNFT,E04161,9085,listed,陸運業,北海道中央バス株式会社,"HOKKAIDO CHUO BUS CO., LTD.",2026-03-31,2026-06-30,代表取締役社長 二 階 堂 恭 仁,12,12.0,,,,,,53.5,17.3,5062845.0,,0.709,,291629000.0,1,clean,
S100YNGH,E26933,6069,listed,サービス業,トレンダーズ株式会社,"Trenders, Inc.",2026-03-31,2026-06-30,代表取締役社長 黒川 涼子,8,7.0,1.0,0.125,0.125,8.0,0.0,33.3,5.5,5786000.0,0.886,0.839,,89100000.0,0,clean,
S100YNGJ,E02739,9818,listed,卸売業,大丸エナウィン株式会社,"DAIMARU ENAWIN Co.,Ltd.",2026-03-31,2026-06-24,代表取締役社長執行役員 居 内 清 和,9,8.0,1.0,0.111,0.1111,9.0,0.0,47.0,12.6,5296000.0,0.0,0.636,,207189000.0,0,clean,
S100YNI3,E05297,2321,listed,情報・通信業,株式会社ソフトフロントホールディングス,Softfront Holdings,2026-03-31,2026-06-30,代表取締役社長 時 慧,7,6.0,1.0,0.14,0.1429,7.0,0.0,46.2,5.6,5818000.0,,0.935,,84900000.0,0,clean,
S100YNIO,E01833,,unlisted,電気機器,株式会社サンコーシヤ,SANKOSHA CORPORATION,2026-03-31,2026-06-30,代表取締役社長 伊藤 眞義,0,,,,,,,,,,,,,,0,no_tagged_board,officers table is TextBlock only
S100YNIS,E03745,2134,listed,サービス業,北浜キャピタルパートナーズ株式会社,"Kitahama Capital Partners Co., Ltd.",2026-03-31,2026-06-30,代表取締役会長 前 田 健 晴,9,9.0,0.0,0.0,0.0,9.0,0.0,38.2,2.4,6700000.0,0.25,0.701,,413907000.0,0,clean,
S100YNJD,E04704,4650,listed,サービス業,SDエンターテイメント株式会社,"SD ENTERTAINMENT,Inc.",2026-03-31,2026-06-30,代表取締役社長 塩田 徹,6,6.0,,,,,,41.2,7.0,4337295.0,0.25,0.562,,29700000.0,0,clean,
S100YNJJ,E35510,4882,listed,医薬品,株式会社ペルセウスプロテオミクス,Perseus Proteomics Inc.,2026-03-31,2026-06-22,代表取締役社長執行役員 横川 拓哉,8,8.0,,,,,,48.6,7.6,7778263.0,,,,72840000.0,0,clean,
S100YNJP,E02174,7256,listed,輸送用機器,河西工業株式会社,"KASAI KOGYO CO., LTD.",2026-03-31,2026-06-30,代表取締役社長 社長役員 古川 幸二,8,8.0,0.0,0.0,0.0,8.0,0.0,42.8,13.6,6616000.0,0.058,0.771,,117000000.0,0,clean,
S100YNKG,E25282,1909,listed,機械,日本ドライケミカル株式会社,"Nippon Dry-Chemical CO., LTD.",2026-03-31,2026-06-30,代表取締役社長 亀井 正文,10,9.0,1.0,0.1,0.1,10.0,0.0,41.2,12.4,7235000.0,0.038,0.668,,135771000.0,0,clean,
S100YNKO,E01300,5721,listed,非鉄金属,エスクリプトエナジー株式会社(旧会社名 株式会社エス・サイエンス),"S Crypto Energy Inc.(旧英訳名 S Science Company, Ltd.) 注)2026年2月27日開催の臨時株主総会の決議により、2026年4月1日から会社名を上記のとおり変更いたしました。",2026-03-31,2026-06-30,代表取締役社長 久 永 賢 剛,8,8.0,0.0,,0.0,8.0,0.0,65.1,17.2,5692000.0,,,,60262000.0,0,clean,
S100YNLK,E04916,9610,listed,サービス業,ウィルソン・ラーニング ワールドワイド株式会社,WILSON LEARNING WORLDWIDE INC.,2026-03-31,2026-06-30,代表取締役社長 根岸 正州,10,9.0,1.0,0.1,0.1,10.0,0.0,54.1,17.7,6437150.0,,,,35216000.0,0,clean,
S100YNM9,E01245,5484,listed,鉄鋼,東北特殊鋼株式会社,"Tohoku Steel Co.,Ltd.",2026-03-31,2026-06-30,代表取締役社長 成瀬 真司,10,9.0,1.0,0.1,0.1,10.0,0.0,41.1,15.9,5774000.0,0.036,0.661,,98244000.0,0,clean,
S100YNMH,E36338,,unlisted,銀行業,オリックス銀行株式会社,ORIX Bank Corporation,2026-03-31,2026-06-30,代表取締役社長 寺元 寛治,0,,,,,,,,,,,,,,0,no_tagged_board,officers table is TextBlock only
S100YNMW,E04655,,unlisted,サービス業,南国産業開発株式会社,"NANGOKU INDUSTRIAL DEVELOPMENT CO.,LTD.",2026-03-31,2026-06-30,代表取締役社長 末吉 忠重,0,,,,,,,,,,,,,,0,no_tagged_board,officers table is TextBlock only
S100YNMZ,E03717,8746,listed,証券、商品先物取引業,unbanked株式会社,unbanked inc.,2026-03-31,2026-06-30,代表取締役社長 胡 燕,9,7.0,2.0,0.22,0.2222,9.0,0.0,47.5,14.9,5847076.0,,,,24000000.0,0,clean,
S100YNO3,E41514,554A,listed,情報・通信業,株式会社バトンズ,"Batonz. Co., Ltd.",2026-03-31,2026-06-30,代表取締役社長CEO 神瀬 悠一,9,6.0,3.0,0.333,0.3333,9.0,0.0,34.6,2.7,6880000.0,0.24,0.771,,91300000.0,0,clean,
S100YNO5,E36431,7363,listed,サービス業,株式会社ベビーカレンダー,baby calendar Inc.,2024-12-31,2025-03-31,代表取締役 安田 啓司,8,7.0,1.0,0.125,0.125,8.0,0.0,38.0,4.1,4319000.0,,,,60910000.0,0,clean,
S100YNOG,E37457,7138,listed,小売業,株式会社TORICO,"TORICO Co., Ltd.",2026-03-31,2026-06-30,代表取締役社長 安藤 拓郎,8,8.0,0.0,0.0,0.0,8.0,0.0,35.0,4.4,4262000.0,0.0,0.665,,44926000.0,0,clean,
S100YNP2,E04727,2340,listed,サービス業,株式会社極楽湯ホールディングス,"GOKURAKUYU HOLDINGS CO.,LTD.",2026-03-31,2026-06-29,代表取締役会長兼社長グループCEO 新 川 隆 丈,11,10.0,1.0,0.09,0.0909,11.0,0.0,41.3,11.2,6437000.0,0.2,0.543,,169635000.0,0,clean,
S100YNPY,E03816,,unlisted,証券、商品先物取引業,株式会社SBI証券,"SBI SECURITIES Co., Ltd.",2026-03-31,2026-06-30,代表取締役社長 髙村 正人,0,,,,,,,,,,,,,,0,no_tagged_board,officers table is TextBlock only
S100YNQ1,E36431,7363,listed,サービス業,株式会社ベビーカレンダー,baby calendar Inc.,2025-12-31,2026-06-30,代表取締役 安田 啓司,8,7.0,1.0,0.125,0.125,8.0,0.0,40.8,2.8,5043000.0,,,,73900000.0,0,clean,
S100YNQJ,E02676,8154,listed,卸売業,加賀電子株式会社,"KAGA ELECTRONICS CO.,LTD.",2026-03-31,2026-06-30,代表取締役 社長執行役員 門 良一,12,11.0,1.0,0.083,0.0833,12.0,0.0,42.6,13.9,8196000.0,0.065,0.681,,893000000.0,2,clean,
S100YNQL,E34165,1447,listed,建設業,SAAFホールディングス株式会社,"SAAF Holdings Co., Ltd.",2026-03-31,2026-06-30,代表取締役 社長執行役員 左奈田 直幸,10,8.0,2.0,0.2,0.2,10.0,0.0,52.0,2.0,7904000.0,,,,129575000.0,0,clean,
S100YNR0,E02655,8136,listed,卸売業,株式会社サンリオ,"Sanrio Company, Ltd.",2026-03-31,2026-06-30,代表取締役社長 辻 朋邦,9,6.0,3.0,0.333,0.3333,9.0,0.0,37.0,12.0,6999923.0,0.441,0.435,,478000000.0,2,clean,
S100YNS5,E32161,3933,listed,情報・通信業,チエル株式会社,"CHIeru Co.,Ltd.",2026-03-31,2026-06-30,代表取締役 川居 睦,8,8.0,,,,,,38.9,6.6,6228000.0,0.13,0.66,,138321000.0,0,clean,
S100YNSJ,E34974,4444,listed,情報・通信業,株式会社インフォネット,INFONET inc.,2026-03-31,2026-06-26,代表取締役社長 古宿 智,9,7.0,2.0,0.222,0.2222,9.0,0.0,38.5,4.6,5024000.0,0.25,0.78,,69300000.0,0,clean,
S100YNSQ,E34082,6579,listed,サービス業,ログリー株式会社,"logly,Inc.",2026-03-31,2026-06-30,代表取締役社長 吉永 浩和,4,4.0,,,,,,36.2,6.7,5433000.0,,,,29820000.0,0,clean,
S100YNSR,E30466,3686,listed,情報・通信業,株式会社ディー・エル・イー,DLE Inc.,2026-03-31,2026-06-30,代表取締役社長CEO・CCO 小野 亮,7,7.0,,,,,,37.0,5.0,5303000.0,,,,71032000.0,0,clean,
S100YNXZ,E02046,7859,listed,その他製品,株式会社アルメディオ,ALMEDIO INC.,2026-03-31,2026-06-23,代表取締役社長 髙橋 靖,9,8.0,1.0,0.111,0.1111,9.0,0.0,42.0,8.15,5163000.0,0.0,0.698,,101400000.0,0,clean,
S100YO1B,E31453,3915,listed,情報・通信業,株式会社テラスカイ,"TerraSky Co.,Ltd.",2026-02-28,2026-05-25,代表取締役CEO社長執行役員 佐藤 秀哉,12,11.0,1.0,0.08,0.0833,12.0,0.0,35.3,4.0,6603751.0,0.099,0.758,,184031000.0,0,clean,
S100YO1L,E31542,6166,listed,機械,株式会社中村超硬,"NAKAMURA CHOUKOU CO.,LTD.",2026-03-31,2026-06-29,代表取締役会長 井上 誠,8,8.0,0.0,0.0,0.0,8.0,0.0,47.9,15.3,5312909.0,,,,103384000.0,0,clean,
S100YNWZ,E05070,4750,listed,サービス業,株式会社ダイサン,"DAISAN CO.,LTD.",2026-04-20,2026-07-02,代表取締役社長 藤田 武敏,6,5.0,1.0,0.167,0.1667,6.0,0.0,36.5,9.3,5015045.0,0.058,0.838,,91144000.0,0,clean,
S100YOGM,E05302,2323,listed,情報・通信業,株式会社fonfun,fonfun corporation,2026-03-31,2026-06-25,代表取締役社長 水口 翼,9,8.0,1.0,0.111,0.1111,9.0,0.0,37.8,7.5,5146000.0,0.0,0.78,,82627000.0,0,clean,
S100YOCW,E05236,4323,listed,情報・通信業,日本システム技術株式会社,"Japan System Techniques Co., Ltd.",2026-03-31,2026-06-24,代表取締役社長執行役員 平林 卓,11,10.0,1.0,0.09,0.0909,11.0,0.0,35.1,9.0,6698000.0,0.147,0.861,,309508000.0,0,clean,
S100YOFN,E00984,4568,listed,医薬品,第一三共株式会社,"DAIICHI SANKYO COMPANY, LIMITED",2026-03-31,2026-06-19,代表取締役社長 奥澤 宏幸,15,10.0,5.0,0.333,0.3333,15.0,0.0,45.0,19.9,10976771.0,0.153,0.782,,1088000000.0,4,clean,
S100YOI8,E00513,2818,listed,食料品,株式会社ピエトロ,"PIETRO Co., Ltd.",2026-03-31,2026-06-22,代表取締役社長 高橋 泰行,11,8.0,3.0,0.273,0.2727,11.0,0.0,37.0,9.0,5320000.0,0.234,0.699,,190477000.0,0,clean,
S100YOIU,E05310,2332,listed,情報・通信業,株式会社クエスト,"Quest Co., Ltd.",2026-03-31,2026-06-19,代表取締役 社長執行役員 鎌田 智,11,9.0,2.0,0.18,0.1818,11.0,0.0,38.6,11.6,5965656.0,0.112,0.85,,179462000.0,0,clean,
S100YOKU,E38478,5253,listed,情報・通信業,カバー株式会社,COVER Corporation,2026-03-31,2026-06-24,代表取締役社長 谷郷 元昭,0,,,,,,,34.8,2.8,6700000.0,0.211,0.898,,203000000.0,0,no_tagged_board,officers table is TextBlock only
S100YOLD,E01510,6155,listed,機械,高松機械工業株式会社,"TAKAMATSU MACHINERY CO., LTD.",2026-03-31,2026-06-24,代表取締役社長 髙 松 宗一郎,11,9.0,2.0,0.182,0.1818,11.0,0.0,40.2,15.3,5075320.0,0.017,0.748,,212000000.0,0,clean,
S100YON3,E34379,7042,listed,サービス業,株式会社アクセスグループ・ホールディングス,"ACCESS GROUP HOLDINGS CO.,LTD.",2026-03-31,2026-06-25,代表取締役社長 木村 勇也,12,11.0,1.0,0.083,0.0833,12.0,0.0,45.3,19.3,6135000.0,,,,111701000.0,0,clean,
S100YONX,E32620,3962,listed,情報・通信業,株式会社チェンジホールディングス,"CHANGE Holdings,Inc.",2026-03-31,2026-06-24,代表取締役兼執行役員社長 福留 大士,8,7.0,1.0,0.125,0.125,8.0,0.0,41.6,4.1,11062000.0,,,,172000000.0,0,clean,
S100YOOP,E05320,2345,listed,情報・通信業,株式会社クシム,"Kushim, Inc.",2025-10-31,2026-01-30,代表取締役 田 原 弘 貴,9,9.0,,,,,,34.0,1.0,6000000.0,,,,48816000.0,0,clean,
S100YOOV,E01581,6380,listed,機械,オリエンタルチエン工業株式会社,"ORIENTAL CHAIN MFG. CO., LTD.",2026-03-31,2026-06-24,代表取締役社長 杉山 敏之,8,8.0,,,,,,43.8,12.6,4921000.0,,0.64,,63122000.0,0,clean,
S100YOPN,E01195,5388,listed,ガラス・土石製品,クニミネ工業株式会社,"KUNIMINE INDUSTRIES CO.,LTD.",2026-03-31,2026-06-26,代表取締役社長 友山 貴之,11,10.0,1.0,0.091,0.0909,11.0,0.0,43.0,12.2,5610000.0,,,,156027000.0,0,clean,
S100YOQS,E02565,,unlisted,卸売業,三国商事株式会社,"MIKUNI SHOJI CO., LTD.",2026-03-31,2026-06-30,取締役社長 今 野 博 文,0,,,,,,,,,,,,,,0,no_tagged_board,officers table is TextBlock only
S100YOTC,E02505,8015,listed,卸売業,豊田通商株式会社,TOYOTA TSUSHO CORPORATION,2023-03-31,2023-06-23,取締役社長 貸谷 伊知郎,13,11.0,2.0,0.154,0.1538,13.0,0.0,43.1,17.2,11804771.0,,,,643000000.0,2,clean,
S100YOTI,E02505,8015,listed,卸売業,豊田通商株式会社,TOYOTA TSUSHO CORPORATION,2024-03-31,2024-06-21,取締役社長 貸谷 伊知郎,13,10.0,3.0,0.231,0.2308,13.0,0.0,43.2,17.1,12625957.0,0.074,0.603,,655000000.0,2,clean,
S100YOTN,E02505,8015,listed,卸売業,豊田通商株式会社,TOYOTA TSUSHO CORPORATION,2025-03-31,2025-06-19,取締役副社長 岩本 秀之,13,10.0,3.0,0.231,0.2308,13.0,0.0,43.1,17.0,13202952.0,0.084,0.615,,895000000.0,2,clean,
S100YOTT,E02505,8015,listed,卸売業,豊田通商株式会社,TOYOTA TSUSHO CORPORATION,2026-03-31,2026-06-18,取締役社長 今井 斗志光,14,11.0,3.0,0.214,0.2143,14.0,0.0,43.0,16.7,14213845.0,0.095,0.619,,1168000000.0,5,clean,
S100YOZB,E01443,3433,listed,金属製品,トーカロ株式会社,"TOCALO Co.,Ltd.",2026-03-31,2026-06-22,代表取締役 社長執行役員 小林 和也,13,10.0,3.0,0.23,0.2308,13.0,0.0,39.6,13.0,7978000.0,0.041,0.649,,370000000.0,0,clean,
S100YP1U,E01850,6820,listed,電気機器,アイコム株式会社,ICOM INCORPORATED,2026-03-31,2026-06-23,代表取締役社長 中岡 洋詞,9,8.0,1.0,0.111,0.1111,9.0,0.0,40.0,15.0,6665000.0,0.045,0.724,,190000000.0,0,clean,
S100YO1C,E34273,6233,listed,機械,KLASS株式会社,KLASS Corporation,2025-09-30,2025-12-22,代表取締役社長 頃安 雅樹,9,9.0,,,,,,43.3,18.5,5450793.0,0.029,0.66,,128060000.0,0,clean,
S100YOTS,E04115,,unlisted,陸運業,サンデン交通株式会社,"Sanden Kotsu Co.,Ltd.",2026-03-31,2026-06-29,代表取締役社長 竹重 秀敏,0,,,,,,,,,,,,,,0,no_tagged_board,officers table is TextBlock only
S100YP3N,E02843,7488,listed,卸売業,株式会社ヤガミ,YAGAMI INC.,2026-04-20,2026-07-07,代表取締役社長 小林 啓介,6,6.0,,,,,,43.8,17.1,7112930.0,,,,128721000.0,0,clean,
S100YPAA,E02005,6867,listed,電気機器,リーダー電子株式会社,LEADER ELECTRONICS CORPORATION,2026-03-31,2026-06-25,代表取締役社長 長尾 行造,8,8.0,,,,,,45.0,17.0,6830933.0,,,,66669000.0,0,clean,
S100YPAC,E37914,5133,listed,卸売業,株式会社テリロジーホールディングス,Terilogy Holdings Corporation,2026-03-31,2026-06-23,代表取締役社長 鈴木 達,8,7.0,1.0,0.12,0.125,8.0,0.0,40.6,2.5,5541000.0,,,,94792000.0,0,clean,
S100YOIE,E00945,4528,listed,医薬品,小野薬品工業株式会社,"ONO PHARMACEUTICAL CO., LTD.",2026-03-31,2026-06-15,代表取締役社長 滝 野 十 一,10,8.0,2.0,0.2,0.2,10.0,0.0,44.6,17.4,10935334.0,0.091,0.736,,754000000.0,3,clean,
S100YPE4,E02377,7991,listed,機械,マミヤ・オーピー株式会社,"MAMIYA-OP CO., LTD.",2026-03-31,2026-06-24,代表取締役社長 関口 正夫,9,9.0,,,,,,42.9,14.1,6665060.0,0.029,0.652,,107000000.0,0,clean,
S100YPHI,E00725,7864,listed,その他製品,株式会社フジシールインターナショナル,"FUJI SEAL INTERNATIONAL,INC.",2026-03-31,2026-06-23,取締役 代表執行役社長 CEO 岡﨑 成子,6,12.0,4.0,0.25,0.6667,16.0,10.0,47.0,13.6,8025000.0,0.323,0.846,,448000000.0,1,clean,
S100YPJD,E34165,1447,listed,建設業,SAAFホールディングス株式会社,"SAAF Holdings Co., Ltd.",2026-03-31,2026-06-30,代表取締役 社長執行役員 左奈田 直幸,10,8.0,2.0,0.2,0.2,10.0,0.0,52.0,2.0,7904000.0,,,,129575000.0,0,clean,
S100YPJM,E31367,3133,listed,小売業,株式会社海帆,"kaihan co.,Ltd.",2026-03-31,2026-06-26,代表取締役社長 守田 直貴,6,5.0,1.0,0.167,0.1667,6.0,0.0,38.9,3.0,3995517.0,,,,104700000.0,0,clean,
S100YOVV,E00815,4182,listed,化学,三菱瓦斯化学株式会社,"MITSUBISHI GAS CHEMICAL COMPANY,INC.",2026-03-31,2026-06-22,代表取締役社長 伊佐早 禎則,17,13.0,4.0,0.235,0.2353,17.0,0.0,41.0,17.5,9076743.0,0.046,0.732,,659000000.0,0,clean,
S100YP7Y,E00066,1882,listed,建設業,東亜道路工業株式会社,TOA ROAD CORPORATION,2026-03-31,2026-06-25,代表取締役社長 森 下 協 一,9,8.0,1.0,0.11,0.1111,9.0,0.0,44.5,19.0,8697000.0,0.008,0.578,,200000000.0,0,clean,
S100YPV3,E30119,6085,listed,サービス業,アーキテクツ・スタジオ・ジャパン株式会社,ARCHITECTS STUDIO JAPAN INC.,2026-02-28,2026-05-28,代表取締役社長 丸山 雄平,7,5.0,1.0,0.167,0.1429,6.0,-1.0,53.62,13.74,4557000.0,,,,59300000.0,0,partial,G1 counted 7 board rows > 6 tagged officers
S100YPZ0,E00113,1968,listed,建設業,太平電業株式会社,"TAIHEI DENGYO KAISHA,LTD.",2026-03-31,2026-06-25,代表取締役社長執行役員 伊 藤 浩 明,14,11.0,3.0,0.21,0.2143,14.0,0.0,43.0,16.7,7877000.0,0.018,0.623,,382000000.0,0,clean,
S100YPZV,E00113,1968,listed,建設業,太平電業株式会社,"TAIHEI DENGYO KAISHA,LTD.",2025-03-31,2025-06-26,代表取締役社長執行役員 野 尻 穣,13,10.0,3.0,0.23,0.2308,13.0,0.0,42.7,16.1,7630000.0,0.019,0.627,,323000000.0,0,clean,
S100YITP,E00819,4203,listed,化学,住友ベークライト株式会社,Sumitomo Bakelite Company Limited,2026-03-31,2026-06-22,代表取締役社長 鍜治屋 伸一,13,11.0,2.0,0.15,0.1538,13.0,0.0,46.7,22.0,8170000.0,0.059,0.707,,577000000.0,2,clean,
S100YQ0A,E03318,7611,listed,小売業,株式会社ハイデイ日高,HIDAY HIDAKA Corp.,2026-02-28,2026-05-26,代表取締役社長 青野 敬成,10,8.0,2.0,0.2,0.2,10.0,0.0,35.0,8.0,5497000.0,0.038,0.707,,147000000.0,0,clean,
S100YQ5Z,E01744,6508,listed,電気機器,株式会社明電舎,MEIDENSHA CORPORATION,2026-03-31,2026-06-24,代表取締役 執行役員社長 井上 晃夫,10,8.0,2.0,0.2,0.2,10.0,0.0,43.6,18.8,8107973.0,0.063,0.726,,366000000.0,0,clean,
S100YQ83,E03451,3358,listed,小売業,Trailhead Global Holdings株式会社(旧会社名 ワイエスフード株式会社),"Trailhead Global Holdings, Inc.(旧英訳名 Y.S.FOOD CO.,LTD.)",2026-03-31,2026-06-26,代表取締役社長 高田 十光,8,7.0,1.0,0.143,0.125,8.0,0.0,,,,,,,50670000.0,0,partial,G2 female ratio filed 0.143 vs recomputed 0.1250
S100YQAW,E31123,7815,listed,その他製品,東京ボード工業株式会社,"TOKYO BOARD INDUSTRIES CO.,LTD.",2026-02-28,2026-05-29,代表取締役社長 井上 弘之,9,9.0,,,,,,47.0,10.0,5040000.0,,,,35750000.0,0,clean,
S100YQCW,E00763,4026,listed,ガラス・土石製品,神島化学工業株式会社,"Konoshima Chemical Co.,Ltd.",2026-04-30,2026-07-14,代表取締役社長 布 川 明,12,12.0,,,,,,41.1,14.7,5936000.0,0.015,0.695,,186000000.0,0,clean,
S100YQF8,E25443,3168,listed,卸売業,黒谷株式会社,Kurotani Corporation,2024-08-31,2024-11-21,代表取締役社長 黒谷 暁,10,9.0,1.0,0.1,0.1,10.0,0.0,45.3,12.8,6094000.0,,,,195075000.0,0,clean,
S100YQFO,E25443,3168,listed,卸売業,株式会社MERF(旧会社名 黒谷株式会社),MERF Inc.(旧英訳名 Kurotani Corporation),2025-08-31,2025-11-20,代表取締役社長 黒谷 暁,10,9.0,1.0,0.1,0.1,10.0,0.0,44.6,15.3,5982000.0,,,,187407000.0,0,clean,
S100YQNE,E04094,9001,listed,陸運業,東武鉄道株式会社,"TOBU RAILWAY CO.,LTD.",2026-03-31,2026-06-22,取締役社長 都 筑 豊,14,13.0,1.0,0.071,0.0714,14.0,0.0,47.7,26.5,7446807.0,0.028,0.843,,365000000.0,0,clean,
S100YQP4,E02596,,unlisted,卸売業,小泉産業株式会社,Koizumi Sangyo Corporation,2026-03-31,2026-06-29,代表取締役社長 矢 本 博 康,0,,,,,,,,,,,,,,0,no_tagged_board,officers table is TextBlock only
S100YQQC,E05466,3763,listed,情報・通信業,株式会社プロシップ,Pro-Ship Incorporated,2026-03-31,2026-06-17,代表取締役社長 鈴木 資史,7,6.0,1.0,0.143,0.1429,7.0,0.0,34.7,8.2,6795947.0,0.122,0.852,,94400000.0,0,clean,
S100YO71,E00880,4403,listed,化学,日油株式会社,NOF CORPORATION,2026-03-31,2026-06-25,代表取締役社長 沢村 孝司,10,8.0,2.0,0.2,0.2,10.0,0.0,42.9,17.5,8437958.0,0.064,0.725,,319000000.0,0,clean,
S100YQR5,E02199,6470,listed,機械,大豊工業株式会社,"TAIHO KOGYO CO., LTD.",2026-03-31,2026-06-22,代表取締役社長 新 美 俊 生,9,8.0,1.0,0.111,0.1111,9.0,0.0,40.4,16.7,6697966.0,0.018,0.731,,161000000.0,0,clean,
S100YQYG,E00168,1982,listed,建設業,日比谷総合設備株式会社,"Hibiya Engineering,Ltd.",2026-03-31,2026-06-24,代表取締役社長 中 北 英 孝,13,11.0,2.0,0.154,0.1538,13.0,0.0,45.1,18.4,11827490.0,0.058,0.676,,314000000.0,0,clean,
S100YQZZ,E03823,,unlisted,保険業,東京海上日動火災保険株式会社,"Tokio Marine &amp; Nichido Fire Insurance Co., Ltd.",2026-03-31,2026-06-26,取締役社長 城田 宏明,0,,,,,,,,,,,,,,0,no_tagged_board,officers table is TextBlock only
S100YR60,E03602,8399,listed,銀行業,株式会社琉球銀行,"Bank of The Ryukyus, Limited",2026-03-31,2026-06-17,取締役頭取 島 袋 健,13,11.0,2.0,0.153,0.1538,13.0,0.0,39.0,15.0,6395000.0,0.325,0.658,,232000000.0,0,clean,
S100YR8L,E02356,6656,listed,電気機器,インスペック株式会社,inspec Inc.,2026-04-30,2026-07-17,代表取締役社長兼代表執行役員 菅原 雅史,10,8.0,2.0,0.2,0.2,10.0,0.0,43.5,11.7,6174000.0,0.043,0.615,,71936000.0,0,clean,
S100YRA2,E39089,9238,listed,サービス業,バリュークリエーション株式会社,"VALUE CREATION CO.,LTD.",2024-02-29,2024-05-31,代表取締役社長 新谷 晃人,6,6.0,,,,,,31.5,4.2,6077000.0,,,,59000000.0,0,clean,
S100YRA3,E39089,9238,listed,サービス業,バリュークリエーション株式会社,"VALUE CREATION CO.,LTD.",2025-02-28,2025-05-29,代表取締役社長 新谷 晃人,7,7.0,,,,,,32.0,4.0,5954000.0,,,,65050000.0,0,clean,
S100YRA4,E39089,9238,listed,サービス業,バリュークリエーション株式会社,"VALUE CREATION CO.,LTD.",2026-02-28,2026-05-29,代表取締役社長 新谷 晃人,8,8.0,,,,,,33.5,4.4,6160000.0,,,,73050000.0,0,clean,
S100YQ47,E01974,6943,listed,電気機器,NKKスイッチズ株式会社,"NKK SWITCHES CO., LTD.",2026-03-31,2026-06-25,代表取締役社長 大 橋 智 成,8,7.0,1.0,0.125,0.125,8.0,0.0,44.72,14.75,6301000.0,0.0,0.585,,120920000.0,0,clean,
S100YQ6Y,E03061,8267,listed,小売業,イオン株式会社,"AEON CO.,LTD.",2026-02-28,2026-05-25,取締役兼代表執行役社長 吉 田 昭 夫,9,16.0,3.0,0.158,0.3333,19.0,10.0,49.3,18.5,9329258.0,0.181,0.633,,1286000000.0,3,clean,
S100YR44,E00510,2923,listed,食料品,サトウ食品株式会社,"SATO FOODS CO., LTD.",2026-04-30,2026-07-21,代表取締役社長 佐 藤 元,13,12.0,1.0,0.077,0.0769,13.0,0.0,40.4,13.0,6618407.0,0.013,0.541,,340450000.0,0,clean,
S100YR88,E26084,9206,listed,空運業,株式会社スターフライヤー,Star Flyer Inc.,2026-03-31,2026-06-25,代表取締役 社長執行役員 町田 修,15,12.0,3.0,0.2,0.2,15.0,0.0,38.7,8.6,6967000.0,0.247,0.431,,130000000.0,0,clean,
S100YR8R,E26084,9206,listed,空運業,株式会社スターフライヤー,Star Flyer Inc.,2025-03-31,2025-06-30,代表取締役社長執行役員 町田 修,15,12.0,3.0,0.2,0.2,15.0,0.0,39.0,9.0,6319000.0,0.284,0.43,,102000000.0,0,clean,
S100YRFE,E41554,556A,listed,小売業,犬猫生活株式会社,"INUNEKO-SEIKATSU Co.,Ltd.",2026-04-30,2026-07-21,代表取締役社長 佐藤 淳,8,7.0,1.0,0.125,0.125,8.0,0.0,35.5,2.3,4967000.0,,,,43500000.0,0,clean,
S100YRHX,E03729,8421,listed,その他金融業,信金中央金庫,Shinkin Central Bank,2026-03-31,2026-06-23,理事長 柴 田 弘 之,35,35.0,,,,,,37.9,13.9,8600000.0,0.022,0.561,,484000000.0,0,clean,
S100YRK7,E00414,2593,listed,食料品,株式会社伊藤園,"ITO EN,LTD.",2026-04-30,2026-07-21,代表取締役社長 本 庄 大 介,13,12.0,1.0,0.077,0.0769,13.0,0.0,43.1,19.0,6874812.0,0.045,0.704,,538000000.0,2,clean,
S100YR3G,E25884,7777,listed,精密機器,株式会社スリー・ディー・マトリックス,"3-D Matrix,Ltd.",2026-04-30,2026-07-22,代表取締役社長 天沼 利彦,8,7.0,1.0,0.13,0.125,8.0,0.0,47.37,3.53,9417000.0,,,,121523000.0,0,clean,
S100YR5P,E00197,1873,listed,建設業,株式会社日本ハウスホールディングス,"NIHON HOUSE HOLDINGS CO., LTD.",2026-04-30,2026-07-22,代表取締役会長 成 田 和 幸,9,7.0,,,,,,42.0,14.9,5645195.0,0.013,0.606,,216000000.0,1,clean,
S100YR73,E01442,5971,listed,金属製品,株式会社共和工業所,"KYOWAKOGYOSYO CO.,LTD.",2026-04-30,2026-07-22,代表取締役社長 山口 真輝,5,5.0,,,,,,39.3,15.5,5294161.0,0.0,0.851,,115001000.0,0,clean,
S100YRIV,E05563,3031,listed,卸売業,株式会社ラクーンホールディングス,"RACCOON HOLDINGS, Inc.",2026-04-30,2026-07-22,代表取締役社長 小方 功,8,6.0,2.0,0.25,0.25,8.0,0.0,34.4,7.6,6700009.0,0.0,0.871,,167245000.0,0,clean,
S100YROC,E22016,3444,listed,金属製品,株式会社菊池製作所,"KIKUCHI SEISAKUSHO CO.,LTD.",2026-04-30,2026-07-22,代表取締役社長 菊池 功,7,7.0,,,,,,46.5,19.3,4732000.0,,,,25803000.0,0,clean,
S100YRPF,E38082,9204,listed,空運業,スカイマーク株式会社,Skymark Airlines Inc.,2026-03-31,2026-06-24,代表取締役社長執行役員 本橋 学,13,12.0,1.0,0.077,0.0769,13.0,0.0,36.5,9.0,5932000.0,0.237,0.482,,246000000.0,0,clean,
S100YRR3,E00715,7901,listed,その他製品,株式会社マツモト,MATSUMOTO INC.,2026-04-30,2026-07-22,代表取締役社長 松本 大輝,6,6.0,,,,,,45.0,16.0,4250000.0,,,,71183000.0,0,clean,
S100YQZ2,E00578,3524,listed,繊維製品,日東製網株式会社,"NITTO SEIMO CO., LTD.",2026-04-30,2026-07-23,取締役社長 小 林 宏 明,10,10.0,,,,,,40.83,13.02,5103000.0,0.0,0.765,,200280000.0,1,clean,
S100YRAI,E02175,7245,listed,輸送用機器,大同メタル工業株式会社,"Daido Metal Co., Ltd.",2026-03-31,2026-06-22,代表取締役会長兼CEO 判 治 誠 吾,12,11.0,1.0,0.083,0.0833,12.0,0.0,41.4,16.9,6712000.0,0.048,0.692,,455000000.0,2,clean,
S100YRG8,E03283,2294,listed,食料品,株式会社柿安本店,"Kakiyasu Honten Co., Ltd.",2026-04-30,2026-07-23,代表取締役社長 赤塚 保正,8,7.0,1.0,0.125,0.125,8.0,0.0,44.0,12.5,5025623.0,0.129,0.463,,154000000.0,0,clean,
S100YRPE,E01698,6418,listed,機械,日本金銭機械株式会社,"JAPAN CASH MACHINE CO.,LTD.",2026-03-31,2026-06-23,代表取締役社長 上東 洋次郎,10,9.0,1.0,0.1,0.1,10.0,0.0,43.1,15.8,7861000.0,0.037,0.633,,262466000.0,0,clean,
S100YRWH,E32163,1436,listed,建設業,株式会社グリーンエナジー&カンパニー,GreenEnergy &amp; Company Inc.,2026-04-30,2026-07-23,代表取締役社長 鈴江 崇文,5,4.0,1.0,0.2,0.2,5.0,0.0,41.2,5.2,6491033.0,,,,22950000.0,0,clean,
S100YRX1,E33616,9268,listed,卸売業,株式会社オプティマスグループ,OPTIMUS GROUP COMPANY LIMITED,2026-03-31,2026-06-24,代表取締役社長 山中 信哉,9,8.0,1.0,0.11,0.1111,9.0,0.0,50.63,4.85,10545959.0,0.278,,,290000000.0,0,clean,
S100YRYV,E40979,441A,listed,情報・通信業,NE株式会社,NE Inc.,2026-04-30,2026-07-23,代表取締役社長CEO 比護 則良,7,5.0,2.0,0.286,0.2857,7.0,0.0,34.0,5.4,6360000.0,0.13,0.694,,69144000.0,0,clean,
S100YS03,E01839,6814,listed,電気機器,古野電気株式会社,"FURUNO ELECTRIC CO., LTD.",2026-02-28,2026-05-18,代表取締役社長執行役員 兼 CEO 古野 幸男,10,9.0,1.0,0.1,0.1,10.0,0.0,44.7,15.2,7523120.0,0.061,0.678,,344000000.0,0,clean,
S100YS0Y,E04032,8935,listed,不動産業,株式会社FJネクストホールディングス,"FJ NEXT HOLDINGS CO., LTD.",2026-03-31,2026-06-25,代表取締役社長 肥田 恵輔,6,6.0,,,,,,36.2,11.0,7565000.0,,,,604000000.0,1,clean,
S100YS1Z,E33880,4382,listed,情報・通信業,HEROZ株式会社,"HEROZ,Inc.",2026-04-30,2026-07-23,代表取締役CEO 林 隆弘,7,6.0,1.0,0.143,0.1429,7.0,0.0,37.7,3.6,7624000.0,,,,117131000.0,0,clean,
S100YRSR,E41010,436A,listed,情報・通信業,サイバーソリューションズ株式会社,CyberSolutions Inc.,2026-04-30,2026-07-24,代表取締役社長 林 界宏,8,5.0,3.0,0.375,0.375,8.0,0.0,38.0,4.0,7994000.0,,,,51500000.0,0,clean,
S100YRU0,E04732,,unlisted,サービス業,株式会社涼仙,"RYOSEN ENTERPRISE CO.,LTD",2026-04-30,2026-07-24,代表取締役社長 多湖 旭,0,,,,,,,,,,,,,,0,no_tagged_board,officers table is TextBlock only
S100YRYL,E05483,2438,listed,サービス業,株式会社アスカネット,"Asukanet Company,Limited",2026-04-30,2026-07-24,代表取締役社長 村上 大吉朗,7,6.0,1.0,0.143,0.1429,7.0,0.0,36.8,9.9,4904000.0,0.14,0.597,,92254000.0,0,clean,
S100YS21,E01859,6822,listed,電気機器,大井電気株式会社,"Oi Electric Co., Ltd.",2026-03-31,2026-06-24,代表取締役社長 石田 甲,8,8.0,0.0,0.0,0.0,8.0,0.0,47.1,20.8,7252701.0,0.042,0.712,,94045000.0,0,clean,
S100YS3Z,E04154,9024,listed,陸運業,株式会社西武ホールディングス,SEIBU HOLDINGS INC.,2026-03-31,2026-06-19,代表取締役社長兼CEO兼COO 西山 隆一郎,18,16.0,2.0,0.111,0.1111,18.0,0.0,40.7,15.5,8715652.0,0.098,0.731,,805000000.0,5,clean,
S100YS4J,E31386,3134,listed,小売業,Hamee株式会社,Hamee Corp.,2026-04-30,2026-07-24,代表取締役社長 水島 育大,5,4.0,1.0,0.2,0.2,5.0,0.0,38.1,7.6,6413000.0,0.125,0.704,,78035000.0,0,clean,
S100YS5W,E04982,4671,listed,サービス業,株式会社ファルコホールディングス,"FALCO HOLDINGS Co., Ltd.",2026-03-31,2026-06-24,代表取締役社長 社長執行役員 安田 忠史,10,9.0,1.0,0.1,0.1,10.0,0.0,55.7,31.5,7529698.0,,,,311000000.0,0,clean,
S100YS6C,E00281,1766,listed,建設業,東建コーポレーション株式会社,TOKEN CORPORATION,2026-04-30,2026-07-24,代表取締役社長兼CEO 左右田 善猛,7,6.0,1.0,0.143,0.1429,7.0,0.0,39.7,6.8,6220000.0,0.047,0.671,,528000000.0,1,clean,
S100YS74,E27215,3180,listed,卸売業,株式会社ビューティガレージ,BEAUTY GARAGE Inc.,2026-04-30,2026-07-24,代表取締役会長兼CEO 野村 秀輝,9,8.0,1.0,0.111,0.1111,9.0,0.0,39.3,6.7,6199000.0,0.234,0.541,,144602000.0,0,clean,
S100YS79,E33595,2334,listed,サービス業,株式会社イオレ,eole Inc.,2026-03-31,2026-06-30,代表取締役社長 瀧野 諭吾,9,8.0,1.0,0.111,0.1111,9.0,0.0,35.2,5.0,5328000.0,0.1,,,76105000.0,0,clean,
S100YS88,E31612,7180,listed,銀行業,株式会社九州フィナンシャルグループ,"Kyushu Financial Group,Inc.",2026-03-31,2026-06-12,代表取締役社長 笠原 慶久,15,12.0,3.0,0.2,0.2,15.0,0.0,44.8,15.8,10031000.0,,,,230000000.0,2,clean,
S100YRS9,E34065,6699,listed,電気機器,ダイヤモンドエレクトリックホールディングス株式会社,"DIAMOND ELECTRIC HOLDINGS Co., Ltd.",2026-03-31,2026-06-29,代表取締役社長 CEO兼グループCEO 小野 有理,7,6.0,1.0,0.142,0.1429,7.0,0.0,,,,,,,113000000.0,0,clean,
S100YS8S,E04580,,unlisted,サービス業,株式会社ホテルニューオータニ長岡(旧会社名 株式会社コープビル),"HOTEL NEW OTANI NAGAOKA CO., LTD.(旧英訳名 COOP BUILDING CO., LTD.) (注)2025年5月27日開催の第43回定時株主総会の決議により、2025年7月1日から会社名を上記のとおり変更いたしました。",2026-02-28,2026-05-28,代表取締役社長 森 康 二,0,,,,,,,,,,,,,,0,no_tagged_board,officers table is TextBlock only
S100YS8Y,E39760,215A,listed,情報・通信業,株式会社タイミー,"Timee, Inc.",2026-04-30,2026-07-27,代表取締役 小川 嶺,9,8.0,1.0,0.111,0.1111,9.0,0.0,31.7,2.18,6246000.0,0.203,0.805,,79343000.0,0,clean,
S100YSBO,E41257,500A,listed,情報・通信業,株式会社TOブックス,"TO Books, Inc.",2026-04-30,2026-07-27,代表取締役 本田 武市,10,9.0,1.0,0.1,0.1,10.0,0.0,30.9,3.6,5302000.0,0.231,0.688,,243325000.0,0,clean,
S100YSC3,E03128,8282,listed,小売業,株式会社ケーズホールディングス,K'S HOLDINGS CORPORATION,2026-03-31,2026-06-23,代表取締役社長執行役員 吉原 祐二,11,7.0,4.0,0.364,0.3636,11.0,0.0,43.2,17.5,5981000.0,0.061,0.527,,335000000.0,0,clean,
S100YSC6,E00482,2910,listed,食料品,株式会社ロック・フィールド,"ROCK FIELD CO.,LTD.",2026-04-30,2026-07-27,代表取締役社長 古塚 孝志,9,6.0,3.0,0.333,0.3333,9.0,0.0,39.2,15.1,5001219.0,0.174,0.688,,157000000.0,0,clean,
S100YSCR,E39812,272A,listed,卸売業,株式会社グリーンクロスホールディングス,"GREEN CROSS HOLDINGS CO.,LTD.",2026-04-30,2026-07-27,代表取締役社長 久保 孝二,6,6.0,,,,,,42.3,13.3,5822000.0,0.333,0.938,,83165000.0,0,clean,
S100YSCT,E02011,7435,listed,卸売業,株式会社ナ・デックス,"NADEX CO., LTD.",2026-04-30,2026-07-27,代表取締役社長 進 藤 大 資,9,7.0,2.0,0.222,0.2222,9.0,0.0,41.3,10.9,6270452.0,0.056,0.685,,151782000.0,0,clean,
S100YSEA,E37573,5032,listed,サービス業,ANYCOLOR株式会社,ANYCOLOR Inc.,2026-04-30,2026-07-27,代表取締役CEO 田角 陸,6,5.0,1.0,0.167,0.1667,6.0,0.0,31.9,2.5,5402000.0,0.135,0.802,,86000000.0,0,clean,
S100YSEQ,E35534,7095,listed,サービス業,株式会社Macbee Planet,"Macbee Planet,Inc.",2026-04-30,2026-07-27,代表取締役社長 千葉 知裕,8,8.0,0.0,0.0,0.0,8.0,0.0,35.9,3.2,8985000.0,,,,178000000.0,0,clean,
S100YSGA,E00394,2502,listed,食料品,アサヒグループホールディングス株式会社,"Asahi Group Holdings, Ltd.",2025-12-31,2026-07-27,取締役 兼 代表執行役社長 Group CEO 勝木 敦志,13,10.0,8.0,0.444,0.6154,18.0,5.0,44.9,13.6,13351606.0,0.289,0.586,,1169000000.0,2,clean,
S100YS3R,E04695,,unlisted,サービス業,尾道ゴルフ観光株式会社,"Onomichi Golfkankou CO.,Ltd.",2026-04-30,2026-07-28,代表取締役 吉田 大造,0,,,,,,,,,,,,,,0,no_tagged_board,officers table is TextBlock only
S100YS8T,E02953,2751,listed,卸売業,株式会社テンポスホールディングス,"TENPOS HOLDINGS Co.,Ltd.",2026-04-30,2026-07-28,代表取締役社長 森下 篤史,8,8.0,0.0,0.0,0.0,8.0,0.0,48.6,7.3,6132.0,,,,31000000.0,0,clean,
S100YSDU,E03454,3361,listed,小売業,株式会社トーエル,"Toell Co.,Ltd.",2026-04-30,2026-07-28,代表取締役社長 横田 孝治,11,9.0,2.0,0.18,0.1818,11.0,0.0,45.2,13.7,5519346.0,0.211,0.664,,297877000.0,0,clean,
S100YSG1,E03436,3329,listed,小売業,東和フードサービス株式会社,"TOWA FOOD SERVICE CO.,LTD",2026-04-30,2026-07-28,代表取締役社長CEO 岸野 誠人,7,7.0,,,,,,38.88,11.34,5063073.0,0.19,0.601,,67509000.0,0,clean,
S100YSIF,E03314,7604,listed,小売業,株式会社梅の花グループ,"UMENOHANA GROUP CO., LTD.",2026-04-30,2026-07-28,代表取締役社長COO 鬼塚 崇裕,11,10.0,1.0,0.091,0.0909,11.0,0.0,44.5,15.08,4666718.0,0.096,0.519,,105120000.0,0,clean,
S100YSM1,E03004,3070,listed,卸売業,株式会社ジェリービーンズグループ,"JELLY BEANS GROUP Co.,Ltd.",2026-01-31,2026-04-23,代表取締役社長 宮﨑 明,8,7.0,1.0,0.125,0.125,8.0,0.0,39.5,5.0,3466886.0,,,,25748000.0,0,clean,
S100YSNM,E01730,6161,listed,機械,株式会社エスティック,ESTIC CORPORATION,2026-03-20,2026-06-17,代表取締役 社長執行役員 鈴木 弘英,5,4.0,1.0,0.2,0.2,5.0,0.0,41.0,9.0,5900000.0,,,,76149000.0,0,clean,
S100YSPI,E34643,4431,listed,情報・通信業,株式会社スマレジ,"Smaregi,Inc.",2026-04-30,2026-07-28,代表取締役 宮﨑 龍平,8,8.0,0.0,0.0,0.0,8.0,0.0,33.8,3.34,5437000.0,0.136,0.806,,157374000.0,0,clean,
S100YSKW,E24248,3161,listed,卸売業,アゼアス株式会社,AZEARTH Corporation,2026-04-30,2026-07-29,代表取締役社長 斉 藤 文 明,8,7.0,1.0,0.125,0.125,8.0,0.0,48.3,14.5,5101363.0,0.138,0.605,,72751000.0,0,clean,
S100YSOS,E00973,4552,listed,医薬品,JCRファーマ株式会社,"JCR Pharmaceuticals Co.,Ltd.",2026-03-31,2026-06-23,代表取締役社長 薗田 啓之,15,12.0,3.0,0.2,0.2,15.0,0.0,41.4,9.5,8192000.0,0.169,0.645,,555000000.0,1,clean,
S100YSP4,E31060,3903,listed,情報・通信業,株式会社gumi,gumi Inc.,2026-04-30,2026-07-29,代表取締役社長 川本 寛之,6,5.0,1.0,0.167,0.1667,6.0,0.0,37.0,6.0,6212000.0,0.108,0.707,,204200000.0,0,clean,
S100YSR5,E39653,184A,listed,情報・通信業,株式会社学びエイド,"Manabi-aid Co.,Ltd.",2026-04-30,2026-07-29,代表取締役社長 廣政 愁一,8,5.0,3.0,0.375,0.375,8.0,0.0,41.4,3.8,4590000.0,,,,49432000.0,0,clean,
S100YSTQ,E04896,9627,listed,小売業,株式会社アインホールディングス,AIN HOLDINGS INC.,2026-04-30,2026-07-29,代表取締役社長 大谷 喜一,14,8.0,6.0,0.429,0.4286,14.0,0.0,43.6,11.3,7610000.0,0.342,0.719,,311000000.0,0,clean,
S100YSTV,E40334,324A,listed,サービス業,株式会社ブッキングリゾート,"Booking Resort Co., Ltd.",2026-04-30,2026-07-29,代表取締役 坂根 正生,9,6.0,3.0,0.33,0.3333,9.0,0.0,33.1,1.7,3950000.0,0.4,,,72630000.0,0,clean,
S100YSTZ,E37468,5079,listed,建設業,株式会社ノバック,"NOVAC CO., LTD.",2026-04-30,2026-07-29,代表取締役社長 大谷 敏博,11,10.0,1.0,0.091,0.0909,11.0,0.0,44.2,15.2,7716000.0,0.0,0.517,,177647000.0,0,clean,
S100YSV9,E34657,7050,listed,サービス業,株式会社フロンティアインターナショナル,FRONTIER INTERNATIONAL INC.,2026-04-30,2026-07-29,代表取締役社長 河村 康宏,8,8.0,,,,,,31.0,5.4,6894968.0,0.098,0.752,,138777000.0,0,clean,
S100YSZC,E39661,186A,listed,サービス業,株式会社アストロスケールホールディングス,Astroscale Holdings Inc.,2026-04-30,2026-07-29,代表取締役社長グループCEO 岡田 光信,11,7.0,4.0,0.363,0.3636,11.0,0.0,44.6,3.2,13223000.0,,,,128887000.0,0,clean,
S100YSW8,E04651,,unlisted,サービス業,株式会社中山カントリークラブ,"NAKAYAMA COUNTRYCLUB CO. ,LTD.",2026-04-30,2026-07-30,代表取締役会長 小宮山 英一,0,,,,,,,,,,,,,,0,no_tagged_board,officers table is TextBlock only
S100YSYE,E03363,2678,listed,小売業,アスクル株式会社,ASKUL Corporation,2026-05-20,2026-07-30,代表取締役社長 CEO 吉岡 晃,13,9.0,4.0,0.308,0.3077,13.0,0.0,41.6,10.1,7159914.0,0.228,0.811,,322000000.0,0,clean,
S100YT4P,E40748,391A,listed,不動産業,株式会社山忠,"YAMACHUU Co., Ltd.",2026-04-30,2026-07-30,代表取締役 山﨑 恭裕,9,8.0,1.0,0.111,0.1111,9.0,0.0,35.5,7.3,6105000.0,0.166,0.356,,108636000.0,0,clean,
S100YT5Q,E03530,8303,listed,銀行業,株式会社SBI新生銀行,"SBI Shinsei Bank, Limited",2026-03-31,2026-06-19,代表取締役社長 最高経営責任者 川島 克哉,11,8.0,3.0,0.272,0.2727,11.0,0.0,42.7,13.1,8558000.0,0.222,0.735,,246000000.0,0,clean,
S100YT9O,E36046,4934,listed,化学,プレミアアンチエイジング株式会社,"Premier Anti-Aging Co., Ltd.",2021-07-31,2021-10-29,代表取締役社長 松浦 清,8,7.0,1.0,0.125,0.125,8.0,0.0,37.1,1.4,6622000.0,,,,168925000.0,0,clean,
S100YT9V,E02566,8030,listed,卸売業,中央魚類株式会社,"Chuo Gyorui Co., Ltd.",2022-03-31,2022-06-23,代表取締役会長 伊藤 裕康,11,11.0,,,,,,43.8,14.7,5738461.0,,,,196370000.0,0,clean,
S100YTA4,E36046,4934,listed,化学,プレミアアンチエイジング株式会社,"Premier Anti-Aging Co., Ltd.",2022-07-31,2022-10-31,代表取締役社長 松浦 清,9,8.0,1.0,0.111,0.1111,9.0,0.0,38.8,1.6,6959000.0,,,,221339000.0,0,clean,
S100YTA6,E02566,8030,listed,卸売業,中央魚類株式会社,"Chuo Gyorui Co., Ltd.",2023-03-31,2023-06-23,代表取締役会長 伊藤 裕康,13,13.0,,,,,,44.3,13.8,5807852.0,,,,197202000.0,0,clean,
S100YTAB,E36046,4934,listed,化学,プレミアアンチエイジング株式会社,"Premier Anti-Aging Co., Ltd.",2023-07-31,2023-10-30,代表取締役社長 松浦 清,7,6.0,1.0,0.143,0.1429,7.0,0.0,39.5,2.3,7239000.0,,,,224943000.0,0,clean,
S100YTAG,E36046,4934,listed,化学,プレミアアンチエイジング株式会社,"Premier Anti-Aging Co., Ltd.",2024-07-31,2024-10-30,代表取締役社長 松浦 清,7,6.0,1.0,0.143,0.1429,7.0,0.0,40.2,2.9,7535000.0,0.368,0.637,,148000000.0,0,clean,
S100YTAL,E36046,4934,listed,化学,プレミアアンチエイジング株式会社,"Premier Anti-Aging Co., Ltd.",2025-07-31,2025-10-24,代表取締役社長 松浦 清,7,6.0,1.0,0.143,0.1429,7.0,0.0,40.0,3.7,7559000.0,0.4,0.641,,105000000.0,0,clean,
S100YTAP,E02566,8030,listed,卸売業,中央魚類株式会社,"Chuo Gyorui Co., Ltd.",2024-03-31,2024-06-27,代表取締役社長 今村 忠如,13,13.0,,,,,,44.5,13.8,6402259.0,,0.544,,217650000.0,0,clean,
S100YTAV,E02566,8030,listed,卸売業,中央魚類株式会社,"Chuo Gyorui Co., Ltd.",2025-03-31,2025-06-26,代表取締役社長執行役員 今村 忠如,13,13.0,,,,,,44.6,14.7,6656287.0,0.034,0.604,,247440000.0,0,clean,
S100YTB5,E02566,8030,listed,卸売業,中央魚類株式会社,"Chuo Gyorui Co., Ltd.",2026-03-31,2026-06-25,代表取締役社長執行役員 今村 忠如,13,12.0,1.0,0.076,0.0769,13.0,0.0,44.2,14.8,6685089.0,0.032,0.646,,219720000.0,0,clean,
S100YTBE,E05630,3823,listed,情報・通信業,THE WHY HOW DO COMPANY株式会社,"THE WHY HOW DO COMPANY, Inc.",2026-04-30,2026-07-30,代表取締役社長 亀田 信吾,12,11.0,1.0,0.083,0.0833,12.0,0.0,47.4,7.3,4961000.0,,,,34408000000.0,0,clean,
S100YSM2,E04192,,unlisted,陸運業,新潟運輸株式会社,"NIIGATA TRANSPORTATION CO.,LTD.",2026-04-30,2026-07-31,代表取締役会長 佐 藤 朋 弥,0,,,,,,,,,,,,,,0,no_tagged_board,officers table is TextBlock only
S100YT5G,E00720,7875,listed,その他製品,竹田iPホールディングス株式会社,"TAKEDA iP HOLDINGS CO., LTD.",2026-03-31,2026-06-19,代表取締役社長 COO 細野 浩之,7,5.0,2.0,0.286,0.2857,7.0,0.0,43.1,15.4,5419000.0,0.111,0.837,,134000000.0,0,clean,
S100YT7I,E37198,7133,listed,小売業,HYUGA PRIMARY CARE株式会社,"HYUGA PRIMARY CARE Co.,Ltd.",2026-03-31,2026-06-25,代表取締役社長 黒木 哲史,8,7.0,1.0,0.125,0.125,8.0,0.0,38.0,2.9,4536000.0,0.149,0.705,,98000000.0,0,clean,
S100YTAR,E02100,6662,listed,電気機器,株式会社ユビテック,"Ubiteq, INC.",2025-06-30,2025-09-29,代表取締役社長 池田 学,10,9.0,1.0,0.1,0.1,10.0,0.0,42.2,8.8,5713000.0,,,,33983000.0,0,clean,
S100YTD0,E37504,2998,listed,不動産業,クリアル株式会社,CREAL Inc.,2026-03-31,2026-06-24,代表取締役社長 執行役員 CEO 横田 大造,11,10.0,1.0,0.091,0.0909,11.0,0.0,38.0,2.2,8554000.0,0.139,,,135237000.0,0,clean,
S100YTD8,E05137,9444,listed,情報・通信業,更生会社 株式会社トーシンホールディングス,"TOSHIN HOLDINGS CO.,LTD",2026-04-30,2026-07-31,管財人 石田 雅文管財人 粟田口 太郎,8,6.0,2.0,0.25,0.25,8.0,0.0,44.0,5.8,3350532.0,,,,99578000.0,0,clean,
S100YTDH,E01329,,unlisted,非鉄金属,株式会社エルアイイーエイチ,"Life Intelligent Enterprise Holdings Co.,Ltd.",2026-03-31,2026-07-31,代表取締役社長 山 口 和 也,5,3.0,2.0,0.4,0.4,5.0,0.0,46.7,0.5,5593000.0,,,,50000000.0,0,clean,
S100YTDJ,E05137,9444,listed,情報・通信業,株式会社トーシンホールディングス,"TOSHIN HOLDINGS CO.,LTD",2025-04-30,2025-10-31,代表取締役社長 石 田 雅 文,5,6.0,2.0,0.25,0.4,8.0,3.0,37.9,6.7,3810140.0,,,,140619000.0,1,clean,
S100YTFF,E04980,4667,listed,情報・通信業,アイサンテクノロジー株式会社,"AISAN TECHNOLOGY CO.,LTD.",2026-03-31,2026-06-30,代表取締役社長 加藤 淳,9,9.0,,,,,,41.0,12.5,6894000.0,0.098,0.753,,156889000.0,0,clean,
S100YTH3,E00792,4088,listed,化学,エア・ウォーター株式会社,AIR WATER INC.,2021-03-31,2021-06-25,代表取締役会長 豊 田 喜 久 夫,14,13.0,1.0,0.07,0.0714,14.0,0.0,42.9,13.1,6989000.0,,,,877000000.0,3,clean,
S100YTH5,E00792,4088,listed,化学,エア・ウォーター株式会社,AIR WATER INC.,2022-03-31,2022-06-28,代表取締役会長 豊 田 喜 久 夫,16,15.0,1.0,0.06,0.0625,16.0,0.0,44.1,12.4,7398000.0,,,,722000000.0,3,clean,
S100YTH8,E00792,4088,listed,化学,エア・ウォーター株式会社,AIR WATER INC.,2023-03-31,2023-06-23,代表取締役会長 豊 田 喜 久 夫,14,13.0,1.0,0.07,0.0714,14.0,0.0,45.1,11.9,7535000.0,,,,750000000.0,3,clean,
S100YTHB,E00792,4088,listed,化学,エア・ウォーター株式会社,AIR WATER INC.,2024-03-31,2024-06-26,代表取締役会長 豊 田 喜 久 夫,14,11.0,3.0,0.21,0.2143,14.0,0.0,45.2,11.1,8155000.0,0.055,0.661,,705000000.0,2,clean,
S100YTHD,E00792,4088,listed,化学,エア・ウォーター株式会社,AIR WATER INC.,2025-03-31,2025-06-25,代表取締役会長 豊 田 喜 久 夫,14,11.0,3.0,0.21,0.2143,14.0,0.0,43.6,10.3,7954000.0,0.057,0.658,,640000000.0,2,clean,
S100YTII,E00792,4088,listed,化学,エア・ウォーター株式会社,AIR WATER INC.,2026-03-31,2026-07-31,代表取締役 社長執行役員 千 歳 喜 弘,14,11.0,3.0,0.21,0.2143,14.0,0.0,42.5,9.9,8164000.0,0.059,0.605,,623000000.0,2,clean,
S100YTJR,E31627,,unlisted,サービス業,株式会社東京クラシック,"TOKYO CLASSIC CO.,LTD.",2026-04-30,2026-07-31,代表取締役社長 西村 裕司,0,,,,,,,,,,,,,,0,no_tagged_board,officers table is TextBlock only
S100YT3M,E00395,2503,listed,食料品,キリンホールディングス株式会社,"Kirin Holdings Company, Limited",2025-12-31,2026-03-27,代表取締役社長COO 南 方 健 志,17,11.0,6.0,0.353,0.3529,17.0,0.0,41.6,13.6,9985539.0,0.181,0.748,,1376000000.0,4,clean,
S100YTT6,E05000,4689,listed,情報・通信業,LINEヤフー株式会社,LY Corporation,2026-03-31,2026-06-18,代表取締役社長CEO 出 澤 剛,6,4.0,2.0,0.33,0.3333,6.0,0.0,39.0,9.6,9023870.0,0.186,0.795,,1064000000.0,0,clean,
S100YTNF,E02168,7272,listed,輸送用機器,ヤマハ発動機株式会社,"Yamaha Motor Co., Ltd.",2025-12-31,2026-03-23,代表取締役社長 設楽 元文,14,9.0,5.0,0.357,0.3571,14.0,0.0,42.7,18.1,8347789.0,0.037,0.735,,696000000.0,2,clean,
S100YTNH,E02168,7272,listed,輸送用機器,ヤマハ発動機株式会社,"Yamaha Motor Co., Ltd.",2024-12-31,2025-03-26,代表取締役社長 設楽 元文,14,9.0,5.0,0.357,0.3571,14.0,0.0,43.1,18.8,8175799.0,0.038,0.738,,811000000.0,2,clean,
S100YTZ3,E37709,7794,listed,その他製品,株式会社イーディーピー,EDP Corporation,2026-03-31,2026-06-24,代表取締役社長 藤森 直治,8,7.0,1.0,0.125,0.125,8.0,0.0,48.4,5.0,4865000.0,,,,92568000.0,0,clean,
S100YUHC,E32381,3544,listed,小売業,サツドラホールディングス株式会社,"SATUDORA HOLDINGS CO.,LTD.",2026-05-15,2026-08-06,代表取締役社長CEO 富山 浩樹,9,6.0,3.0,0.333,0.3333,9.0,0.0,,,,,,,111000000.0,0,clean,
S100YUM9,E01103,4224,listed,化学,ロンシール工業株式会社,LONSEAL CORPORATION,2026-03-31,2026-06-23,代表取締役社長 西 岡 秀 明,8,8.0,,,,,,42.5,17.3,6497000.0,0.03,0.753,,134000000.0,0,clean,
S100YUN8,E01103,4224,listed,化学,ロンシール工業株式会社,LONSEAL CORPORATION,2025-03-31,2025-06-27,代表取締役社長 西 岡 秀 明,8,8.0,,,,,,42.6,17.3,6333000.0,0.029,0.751,,140000000.0,0,clean,
S100YUNS,E03640,8558,listed,銀行業,株式会社東和銀行,"THE TOWA BANK,LTD.",2026-03-31,2026-06-18,代表取締役頭取執行役員 江原 洋,10,8.0,2.0,0.2,0.2,10.0,0.0,40.5,16.9,6317000.0,0.227,0.546,,168000000.0,0,clean,
