as_of,authorised_shares,authorised_yen,cancelled_shares,cancelled_yen,cumulative_shares,cumulative_yen,disposal_status,doc_id,exec_status,filer,filings,kind,month_shares,month_yen,progress_yen_pct,resolution_date,sec_code,shares_outstanding,submitted,treasury_shares,window_end,window_start
2026-05-31,,,,,1045100.0,4891274322.0,no_rows,S100Y7GT,clean,株式会社ＰＡＬＴＡＣ,1,board,31800.0,147917599.0,97.83,2025-08-04,8283,62000000.0,2026-06-01,1369076.0,2026-05-29,2025-08-05
2026-05-31,,,,,15200.0,21019400.0,no_rows,S100Y7QT,clean,ダイニック株式会社,1,board,15200.0,21019400.0,5.53,2026-05-15,3551,8504747.0,2026-06-01,323445.0,2027-03-31,2026-05-22
2026-05-31,60000.0,150000000.0,,,45300.0,149889000.0,no_rows,S100Y7RV,clean,株式会社リスキル,1,board,,,99.9,2025-11-13,291A,2065900.0,2026-06-01,30300.0,2026-05-14,2025-05-15
2026-06-01,,,,,5651400.0,1499991950.0,no_rows,S100Y7S0,clean,日本駐車場開発株式会社,1,board,2085600.0,527126988.0,100.0,2026-03-06,2353,348398600.0,2026-06-01,36247077.0,2026-05-31,2026-03-23
2026-05-31,400000.0,160000000.0,,,86200.0,46251900.0,no_rows,S100Y7QF,clean,ＳＥホールディングス・アンド・インキュベーションズ株式会社,1,board,86200.0,46251900.0,28.91,2026-05-08,9478,16284226.0,2026-06-01,1081209.0,2026-06-19,2026-05-11
2026-05-31,300000.0,172200000.0,,,283500.0,162729000.0,no_rows,S100Y7KW,clean,株式会社ナンシン,1,board,283500.0,162729000.0,94.5,2026-05-08,7399,7708000.0,2026-06-01,1309520.0,2026-05-11,2026-05-11
2026-05-31,500000.0,1000000000.0,,,455400.0,999746500.0,no_rows,S100Y7SD,clean,三精テクノロジーズ株式会社,1,board,455400.0,999746500.0,99.97,2026-05-13,6357,19332057.0,2026-06-01,1608241.0,2026-05-31,2026-05-14
2026-05-31,2000000.0,1700000000.0,,,1179500.0,975154900.0,no_rows,S100Y7SF,clean,小松マテーレ株式会社,1,board,177900.0,128742100.0,57.3,2025-10-30,3580,39240999.0,2026-06-01,1305063.0,2026-10-31,2025-11-01
2026-05-29,350000.0,500000000.0,,,338700.0,386195100.0,no_rows,S100Y7SB,clean,旭情報サービス株式会社,1,board,45400.0,43396100.0,77.2,2025-11-05,9799,16529700.0,2026-06-01,1319016.0,2026-06-23,2025-11-06
,,,,,14200.0,23350900.0,no_rows,S100Y7S7,clean,株式会社　高田工業所,2,board,14200.0,23350900.0,80.24,2026-05-13,1966,7334350.0,2026-06-01,24507.0,2026-06-30,2026-05-14
2026-05-31,2000000.0,2000000000.0,,,54200.0,55447201.0,no_rows,S100Y7CD,clean,アクシアル　リテイリング株式会社,1,board,54200.0,55447201.0,2.77,2026-05-26,8255,93552156.0,2026-06-01,5018948.0,2026-12-31,2026-05-27
2026-05-31,1500000.0,988500000.0,,,1386600.0,913769400.0,no_rows,S100Y7TK,clean,ＹＵＳＨＩＮ株式会社,1,board,1386600.0,913769400.0,92.44,2025-11-14,6482,35638066.0,2026-06-01,4327517.0,2026-11-13,2025-11-17
2025-06-30,850000.0,1100750000.0,,,800000.0,1036000000.0,no_rows,S100Y7TW,clean,ウイン・パートナーズ株式会社,1,board,800000.0,1036000000.0,94.1,2025-06-11,3183,30503310.0,2026-06-01,2719374.0,2025-06-12,
2026-05-31,300000.0,900000000.0,,,57300.0,129898300.0,no_rows,S100Y7U9,clean,株式会社エコス,1,board,36300.0,82983200.0,14.4,2026-04-14,7520,11648917.0,2026-06-01,471296.0,2027-04-20,2026-04-21
2026-05-31,230000.0,200000000.0,,,194500.0,199933000.0,no_rows,S100Y491,clean,株式会社ナ・デックス,1,board,6400.0,6417900.0,99.96,2025-12-09,7435,8800500.0,2026-06-01,435486.0,2026-05-29,2025-12-10
2026-05-31,500000.0,1000000000.0,,,500000.0,938000000.0,no_rows,S100Y7UV,clean,前田工繊株式会社,1,board,500000.0,938000000.0,93.8,2026-05-14,7821,68080612.0,2026-06-01,1394575.0,2026-09-30,2026-05-15
2026-05-31,2000000.0,3000000000.0,,,185400.0,380479995.0,no_rows,S100Y7UI,clean,株式会社山陰合同銀行,1,board,185400.0,380479995.0,12.68,2026-05-15,8381,156977472.0,2026-06-01,5339731.0,2026-08-31,2026-05-18
2026-05-31,1000000.0,2500000000.0,,,59500.0,154353600.0,no_rows,S100Y7V3,clean,オイレス工業株式会社,1,board,59500.0,154353600.0,6.17,2026-05-12,6282,33300505.0,2026-06-01,3282611.0,2026-09-18,2026-05-18
2026-05-31,200000.0,150000000.0,,,200000.0,142830600.0,no_rows,S100Y7FI,clean,シンクレイヤ株式会社,1,board,,,95.22,2025-11-13,1724,4743780.0,2026-06-01,271957.0,2026-10-23,2025-11-14
2026-05-31,100000.0,600000000.0,,,15900.0,99176000.0,no_rows,S100Y7VH,clean,泉州電業株式会社,1,board,15900.0,99176000.0,16.53,2026-04-24,9824,18000000.0,2026-06-01,909883.0,2026-10-31,2026-05-01
2026-05-31,500000.0,50000000.0,,,8200.0,4383400.0,no_rows,S100Y7VJ,clean,光世証券株式会社,1,board,7200.0,3837400.0,8.8,2026-04-24,8617,9486400.0,2026-06-01,45034.0,2027-03-29,2026-04-27
2026-05-31,600000.0,500000000.0,,,84200.0,82915600.0,no_rows,S100Y7VY,clean,楽待株式会社,1,board,84200.0,82915600.0,16.6,2026-03-13,6037,19753800.0,2026-06-01,451042.0,2026-06-15,2026-03-16
2026-05-31,1400000000.0,200000000000.0,,,0.0,0.0,no_rows,S100Y7TL,clean,ＮＴＴ株式会社,1,board,,,0.0,2026-05-08,9432,90550316400.0,2026-06-01,9063346415.0,2027-03-31,2026-05-11
2026-05-31,200000.0,35000000.0,,,21000.0,4890000.0,no_rows,S100Y7TZ,clean,ＺＥＴＡ株式会社,1,board,21000.0,4890000.0,13.97,2026-03-04,6031,25768600.0,2026-06-01,5357860.0,2026-09-30,2026-03-05
2026-05-31,400000.0,400000000.0,,,231800.0,353757400.0,no_rows,S100Y7WS,clean,株式会社セラク,1,board,43100.0,54197900.0,88.44,2025-08-07,6199,13710000.0,2026-06-01,426505.0,2026-07-31,2025-08-08
2026-05-31,150000.0,150000000.0,,,113500.0,94500800.0,no_rows,S100Y7UQ,clean,株式会社ＫＧ情報,1,board,113500.0,94500800.0,63.0,2026-05-11,2408,7398000.0,2026-06-01,191471.0,2026-11-30,2026-05-12
2026-05-31,1500000.0,500000000.0,,,1341100.0,499977600.0,no_rows,S100Y7QX,clean,株式会社ＴＯＫＹＯ　ＢＡＳＥ,1,board,1341100.0,499977600.0,100.0,2026-05-18,3415,43959482.0,2026-06-01,1341113.0,2026-06-30,2026-05-19
2026-05-31,166000.0,265600000.0,,,95500.0,111082000.0,no_rows,S100Y7TT,clean,ＧＭＯコマース株式会社,1,board,42100.0,46540700.0,41.82,2026-03-23,410A,5565168.0,2026-06-01,95500.0,2026-06-30,2026-04-01
2026-05-31,600000.0,300000000.0,,,293000.0,134579300.0,no_rows,S100Y6C9,clean,ペイクラウドホールディングス株式会社,1,board,85800.0,40448500.0,44.86,2026-04-15,4015,16018148.0,2026-06-01,293771.0,2026-08-31,2026-04-16
2026-05-31,3000000.0,3000000000.0,,,277000.0,688572294.0,no_rows,S100Y7R1,clean,サイボウズ株式会社,1,board,277000.0,688572294.0,22.95,2026-05-14,4776,52757800.0,2026-06-01,6737251.0,2026-07-31,2026-05-15
2026-05-31,230000.0,322000000.0,,,100500.0,139698800.0,no_rows,S100Y7W6,clean,ティアンドエスグループ株式会社,1,board,,,43.38,2025-11-12,4055,7633200.0,2026-06-01,154540.0,2026-05-12,2025-11-13
2026-05-31,150000000.0,75000000000.0,,,,,no_rows,S100Y7WU,unverified,株式会社メタプラネット,1,board,,,,2025-10-28,3350,1281256904.0,2026-06-01,26720.0,2026-10-28,2025-10-29
2026-05-31,3000000.0,1000000000.0,2360000.0,922760000.0,2359900.0,999988900.0,clean,S100Y7X6,clean,ＭＩＲＡＲＴＨホールディングス株式会社,1,board,,,100.0,2026-03-09,8897,137940000.0,2026-06-01,4321308.0,2026-05-31,2026-04-01
2026-05-31,1000000.0,1000000000.0,,,0.0,0.0,no_rows,S100Y7WR,clean,アニコム　ホールディングス株式会社,1,board,,,0.0,2026-05-12,8715,74939160.0,2026-06-01,1300740.0,2026-07-31,2026-06-01
2026-05-31,500000.0,200000000.0,,,13200.0,6461900.0,no_rows,S100Y7X7,clean,株式会社ジャストプランニング,1,board,13200.0,6461900.0,3.23,2026-05-20,4287,12229888.0,2026-06-01,888496.0,2026-12-31,2026-05-21
2026-05-31,330000.0,200000000.0,,,,,no_rows,S100Y7VL,unverified,株式会社エディア,1,board,,,,2026-05-15,3935,6228000.0,2026-06-01,302842.0,2027-05-14,2026-05-18
2026-05-31,900000.0,200000000.0,,,303700.0,76265100.0,no_rows,S100Y7X8,clean,株式会社ミラタップ,1,board,108000.0,25541700.0,38.1,2026-02-13,3187,19299300.0,2026-06-01,1502125.0,2026-11-30,2026-02-16
2026-05-31,410000.0,120000000.0,,,131100.0,49793800.0,clean,S100Y7W9,clean,株式会社トレードワークス,1,board,131100.0,49793800.0,41.49,2026-05-21,3997,41042000.0,2026-06-01,188550.0,2026-06-30,2026-05-22
2026-05-31,,,,,832200.0,2109790800.0,no_rows,S100Y7WZ,clean,日鉄鉱業株式会社,1,board,398300.0,971352800.0,21.1,2026-02-27,1515,80000000.0,2026-06-01,1234477.0,2027-01-29,2026-04-01
2026-05-31,500000.0,500000000.0,,,500000.0,462705900.0,no_rows,S100Y7WY,clean,株式会社毎日コムネット,1,board,8100.0,7418000.0,92.5,2026-01-22,8908,18000000.0,2026-06-01,877194.0,2026-05-31,2026-01-26
2026-05-31,280000.0,210000000.0,,,192500.0,137782600.0,no_rows,S100Y74P,clean,株式会社Ｇｌｏｂｅｅ,1,board,25000.0,18364400.0,65.61,2026-01-14,5575,5116869.0,2026-06-01,192500.0,2026-10-31,2026-01-15
2026-05-31,166000.0,1000000000.0,,,30700.0,127034500.0,no_rows,S100Y7WX,clean,デジタルアーツ株式会社,1,board,30700.0,127034500.0,12.7,2026-05-11,2326,14133000.0,2026-06-01,719115.0,2026-08-17,2026-05-15
2026-05-31,12000000.0,6000000000.0,,,4398100.0,2499947590.0,no_rows,S100Y7XI,clean,株式会社リンクアンドモチベーション,1,board,,,41.67,2026-02-12,2170,110937011.0,2026-06-01,4352644.0,2026-08-31,2026-02-13
2026-05-31,25000000.0,35000000000.0,,,5333700.0,11001244450.0,clean,S100Y7S8,clean,株式会社　りそなホールディングス,1,board,5333700.0,11001244450.0,31.43,2026-05-12,8308,2307136666.0,2026-06-01,49607379.0,2026-08-07,2026-05-13
2026-05-31,200000.0,100000000.0,,,107100.0,49963000.0,no_rows,S100Y7W5,clean,株式会社　桜井製作所,1,board,64000.0,28864000.0,50.0,2026-03-31,7255,4000000.0,2026-06-01,785644.0,2026-09-30,2026-04-01
2026-05-31,,,,,840300.0,4999764992.0,no_rows,S100Y6KH,clean,ＯＢＡＲＡ　ＧＲＯＵＰ株式会社,1,board,,,99.99,2026-02-13,6877,20869380.0,2026-06-02,6455367.0,2027-02-15,2026-02-16
2026-05-31,17000.0,85000000.0,,,15300.0,75429000.0,no_rows,S100Y7T4,clean,株式会社マサル,1,board,15300.0,75429000.0,88.7,2026-05-13,1795,901151.0,2026-06-02,23459.0,2026-05-18,2026-05-14
2026-05-31,350000.0,200000000.0,,,187400.0,99190700.0,no_rows,S100Y7WP,clean,株式会社小林洋行,1,board,50400.0,27169600.0,49.6,2026-03-26,8742,12554379.0,2026-06-02,795271.0,2026-09-30,2026-04-01
2026-05-31,265000.0,700000000.0,,,58100.0,189955000.0,no_rows,S100Y6J5,clean,株式会社ユシロ,1,board,58100.0,189955000.0,27.1,2026-05-15,5013,13900065.0,2026-06-02,933745.0,2026-07-31,2026-05-18
2026-05-31,550000.0,1000000000.0,,,209000.0,493320100.0,no_rows,S100Y80H,clean,安田倉庫株式会社,1,board,64200.0,147205300.0,49.33,2026-02-16,9324,28760089.0,2026-06-02,1599911.0,2027-02-26,2026-03-04
2026-05-31,150000.0,400000000.0,,,150000.0,315600000.0,no_rows,S100Y80L,clean,明治電機工業株式会社,1,board,150000.0,315600000.0,78.9,2026-05-25,3388,12765820.0,2026-06-02,164602.0,2026-05-26,2026-05-26
2026-05-31,350000.0,500000000.0,,,125900.0,233506500.0,no_rows,S100Y7ZX,clean,東京鐵鋼株式会社,1,board,125900.0,233506500.0,46.7,2026-05-07,5445,25335915.0,2026-06-02,26202.0,2026-06-30,2026-05-11
2026-05-31,20000000.0,60000000000.0,,,4104300.0,22469586000.0,no_rows,S100Y813,clean,丸紅株式会社,1,board,3534400.0,19079066500.0,37.45,2026-05-01,8002,1660758361.0,2026-06-02,25671727.0,2027-01-29,2026-02-05
2026-05-31,700000.0,408100000.0,,,650000.0,378950000.0,no_rows,S100Y814,clean,株式会社クロス・マーケティンググループ,1,board,650000.0,378950000.0,92.86,2026-05-15,3675,19970464.0,2026-06-02,1217201.0,2026-05-18,2026-05-18
2026-05-31,,,,,180400.0,55426200.0,no_rows,S100Y7YE,clean,株式会社京写,1,board,137700.0,42881400.0,46.2,2026-03-13,6837,58000000.0,2026-06-02,204287.0,2026-09-30,2026-03-16
2026-05-31,150000.0,300000000.0,,,150000.0,279539500.0,no_rows,S100Y826,clean,トヨクモ株式会社,1,board,41300.0,81773700.0,93.1,2026-02-13,4058,11008000.0,2026-06-02,170977.0,2026-05-29,2026-02-16
2026-05-31,350000.0,500000000.0,,,198000.0,248236000.0,no_rows,S100Y827,clean,ＪＴＰ株式会社,1,board,54000.0,72571600.0,49.65,2026-02-10,2488,6015600.0,2026-06-02,512032.0,2026-08-31,2026-02-12
2026-05-31,200000.0,300000000.0,,,176400.0,299834200.0,no_rows,S100Y82N,clean,カネコ種苗株式会社,1,board,,,99.94,2025-10-03,1376,11772626.0,2026-06-02,699627.0,2026-05-22,2025-10-06
2026-05-31,3000000.0,3000000000.0,,,2435400.0,2999960000.0,clean,S100Y807,clean,株式会社ＪＶＣケンウッド,1,board,,,99.99,2026-02-03,6632,161564801.0,2026-06-02,18638913.0,2026-05-07,2026-02-06
2026-05-31,40000.0,50000000.0,,,37800.0,49876100.0,no_rows,S100Y836,clean,株式会社ＴＭＨ,1,board,,,99.75,2026-01-27,280A,3755600.0,2026-06-02,20800.0,2026-05-29,2026-01-28
2026-05-31,,,,,,,no_rows,S100Y83B,partial,株式会社エフ・シー・シー,1,board,,,,2026-05-13,7296,52056530.0,2026-06-02,3622040.0,2026-08-31,2026-05-14
2026-05-31,100000.0,150000000.0,,,1000000.0,129805100.0,no_rows,S100Y83F,partial,株式会社エムビーエス,1,board,,,86.54,2025-07-18,1401,7732000.0,2026-06-02,800098.0,2026-05-20,2025-07-22
2026-05-31,300000.0,700000000.0,,,113900.0,285681500.0,no_rows,S100Y84B,clean,株式会社ＧＳＩクレオス,1,board,13900.0,32108600.0,40.8,2026-02-09,8101,12629942.0,2026-06-02,462371.0,2026-10-31,2026-02-10
2026-05-31,1800000.0,3400000000.0,,,,,no_rows,S100Y845,unverified,日本証券金融株式会社,1,board,,,,2026-05-14,8511,83000000.0,2026-06-02,1429153.0,2027-03-31,2026-05-15
2026-05-31,840000.0,1000000000.0,5275195.0,4203495173.0,118700.0,150439800.0,clean,S100Y84Z,clean,住友精化株式会社,1,board,118700.0,150439800.0,15.0,2026-05-12,4008,64683785.0,2026-06-02,118700.0,2026-09-30,2026-05-13
2026-05-31,20000.0,60000000.0,,,5800.0,14757900.0,no_rows,S100Y85H,clean,ノバシステム株式会社,1,board,5800.0,14757900.0,24.6,2026-05-21,5257,1402500.0,2026-06-02,6983.0,2026-06-30,2026-05-22
2026-05-31,,,,,13600.0,9520400.0,no_rows,S100Y81E,clean,株式会社コマースＯｎｅホールディングス,1,board,13600.0,9520400.0,21.16,2025-11-14,4496,7193400.0,2026-06-02,207549.0,2026-05-14,2026-05-01
2026-05-31,1007280.0,1460556000.0,,,1007200.0,1275666600.0,no_rows,S100Y854,clean,株式会社タイミー,1,board,183200.0,224410000.0,87.34,2026-03-25,215A,100743000.0,2026-06-02,1007203.0,2026-05-31,2026-03-26
2026-05-31,4600000.0,25000000000.0,,,1785700.0,10353244700.0,no_rows,S100Y7ZM,clean,江崎グリコ株式会社,1,board,669900.0,3683556900.0,41.41,2026-02-13,2206,68468569.0,2026-06-02,6550465.0,2026-12-30,2026-03-01
2026-05-31,250000.0,200000000.0,,,142900.0,98025500.0,no_rows,S100Y81L,clean,ヒューマン・メタボローム・テクノロジーズ株式会社,1,board,69200.0,45070900.0,49.0,2026-02-12,6090,5919797.0,2026-06-02,435118.0,2026-12-31,2026-02-13
2026-05-31,550000.0,200000000.0,,,105000.0,34376400.0,no_rows,S100Y85T,clean,株式会社セルム,1,board,105000.0,34376400.0,17.2,2026-05-14,7367,23138000.0,2026-06-02,1559060.0,2026-07-14,2026-05-15
2026-05-31,200000.0,100000000.0,,,130500.0,86386800.0,no_rows,S100Y85V,clean,株式会社東京機械製作所,1,board,130500.0,85386800.0,86.38,2026-05-20,6335,8728920.0,2026-06-02,786603.0,2026-05-31,2026-05-21
2026-05-31,300000.0,50000000.0,,,189700.0,25862600.0,no_rows,S100Y7KK,clean,パレモ・ホールディングス株式会社,1,board,,,51.7,2026-01-20,2778,12051384.0,2026-06-02,199280.0,2026-12-30,2026-01-21
2026-05-31,650000.0,1000000000.0,,,232900.0,460882000.0,no_rows,S100Y82M,clean,株式会社オロ,1,board,91600.0,184566400.0,46.09,2026-03-13,3983,15600453.0,2026-06-02,231650.0,2026-09-30,2026-03-18
2026-05-31,1524000.0,500000000.0,,,111400.0,49123600.0,no_rows,S100Y837,clean,株式会社ドリコム,1,board,111400.0,49123600.0,9.82,2926-05-12,3793,29446212.0,2026-06-02,158995.0,2027-05-12,2026-05-13
2026-05-31,4300000.0,3800000000.0,,,1680400.0,1468429200.0,no_rows,S100Y7ZT,clean,株式会社クオンツ総研ホールディングス,1,board,1680400.0,1468429200.0,38.64,2026-05-15,9552,54101335.0,2026-06-02,1382726.0,2026-05-31,2026-05-18
2026-05-31,400000.0,300000000.0,,,205600.0,166893100.0,no_rows,S100Y867,clean,株式会社Ｅｎｊｉｎ,1,board,23800.0,19153100.0,55.63,2026-01-13,7370,7298200.0,2026-06-02,477882.0,2026-07-31,2026-01-14
2026-05-31,1290000.0,1500000000.0,,,1039300.0,1499980091.0,no_rows,S100Y86G,clean,川田テクノロジーズ株式会社,1,board,649400.0,865591902.0,100.0,2026-02-13,3443,52422630.0,2026-06-02,1144528.0,2026-06-24,2026-04-01
2026-05-31,,,,,25000.0,31903856.0,no_rows,S100Y86I,clean,タビオ株式会社,1,board,,,85.08,2025-10-07,2668,6813880.0,2026-06-02,34019.0,2026-10-07,2025-10-08
2026-05-31,1000000.0,2000000000.0,,,,,no_rows,S100Y86M,clean,株式会社ユナイテッドアローズ,1,board,,,0.0,2026-05-11,7606,30213676.0,2026-06-02,2475612.0,2026-08-31,2026-05-12
2026-05-31,4000000.0,11200000000.0,,,0.0,0.0,no_rows,S100Y86Q,clean,株式会社バッファロー,1,board,,,0.0,2026-05-14,6676,24000000.0,2026-06-02,292236.0,2027-04-30,2026-05-15
2026-05-29,60000.0,150000000.0,,,40700.0,149712500.0,no_rows,S100Y86S,clean,南海化学株式会社,1,board,,,99.8,2026-02-12,4040,2330330.0,2026-06-02,334359.0,2026-05-29,2026-02-13
2026-05-31,500000.0,700000000.0,,,229000.0,165955900.0,no_rows,S100Y86V,clean,株式会社ラキール,1,board,42100.0,31060700.0,23.7,2026-05-15,4074,7682500.0,2026-06-02,1004723.0,2027-01-31,2026-02-16
2026-05-31,120000.0,60000000.0,,,105500.0,27168000.0,no_rows,S100Y86X,clean,株式会社キャリア,1,board,11900.0,2783800.0,45.28,2025-06-26,6198,8624320.0,2026-06-02,224100.0,2026-06-30,2025-07-01
2026-05-31,6000000.0,7500000000.0,,,260100.0,423753800.0,no_rows,S100Y7QJ,clean,株式会社イエローハット,1,board,260100.0,423753800.0,5.7,2026-05-08,9882,86021392.0,2026-06-03,670186.0,2027-02-26,2026-05-18
2026-05-31,6500000.0,11000000000.0,,,1030400.0,2503462587.0,no_rows,S100Y7TX,clean,株式会社　京葉銀行,1,board,1030400.0,2503462587.0,22.75,2026-02-09,8544,126427858.0,2026-06-03,7246536.0,2027-01-29,2026-02-10
2026-05-31,750000.0,285000000.0,,,,,no_rows,S100Y85P,unverified,株式会社　シャルレ,1,board,,,,2026-05-14,9885,16086250.0,2026-06-03,1171428.0,2027-03-23,2026-06-01
2026-05-31,350000.0,200000000.0,,,302700.0,199944600.0,no_rows,S100Y89N,clean,株式会社ツカダ・グローバルホールディング,1,board,,,100.0,2026-02-10,2418,48960000.0,2026-06-03,1916234.0,2026-05-31,2026-05-01
2026-05-31,10000000.0,18000000000.0,,,4823900.0,17999936600.0,no_rows,S100Y89R,clean,株式会社ＡＤＥＫＡ,1,board,395000.0,1614366000.0,100.0,2025-08-08,4401,103768142.0,2026-06-03,6265883.0,2026-05-31,2025-08-12
2026-05-31,13000000.0,15000000000.0,,,3914600.0,6178021076.0,clean,S100Y88X,clean,株式会社山善,1,board,1451000.0,2429944977.0,41.2,2026-02-12,8051,95305435.0,2026-06-03,4986359.0,2027-03-03,2026-03-04
2026-05-31,15000000.0,30000000000.0,,,5191300.0,17308625278.0,no_rows,S100Y7QV,clean,コカ・コーラボトラーズジャパンホールディングス株式会社,1,board,828600.0,2832004401.0,57.7,2025-08-01,2579,171268593.0,2026-06-03,6366348.0,2026-10-31,2025-11-01
2026-05-31,600000.0,1000000000.0,,,600000.0,947421800.0,no_rows,S100Y8A3,clean,株式会社マネジメントソリューションズ,1,board,,,94.74,2025-05-15,7033,16891270.0,2026-06-03,1133202.0,2026-05-15,2025-05-16
2026-05-31,1424900.0,1600000000.0,,,,,no_rows,S100Y877,unverified,日本トムソン株式会社,1,board,,,,2026-05-11,6480,73501425.0,2026-06-03,2241912.0,2026-09-30,2026-05-12
2026-05-31,300000.0,1500000000.0,,,144500.0,1069179000.0,no_rows,S100Y8AC,clean,日置電機株式会社,1,board,,,71.28,2026-02-06,6866,14024365.0,2026-06-03,618913.0,2026-05-31,2026-02-10
2026-05-31,4000000.0,12000000000.0,,,202900.0,836805396.0,no_rows,S100Y6N0,clean,グローリー株式会社,1,board,202900.0,836805396.0,6.97,2025-05-13,6457,58938210.0,2026-06-03,5384417.0,2026-05-13,2025-05-14
2026-05-31,125000.0,100000000.0,,,,,no_rows,S100Y8AR,clean,株式会社きちりホールディングス,1,board,,,0.0,2025-08-08,3082,11324600.0,2026-06-03,24923.0,2026-06-30,2025-08-12
2026-05-31,30000000.0,30000000000.0,,,13465700.0,18640619736.0,no_rows,S100Y8AS,clean,シスメックス株式会社,1,board,5592800.0,7588882045.0,62.14,2026-03-05,6869,629480076.0,2026-06-03,14809691.0,2026-09-18,2026-03-06
2026-05-31,25000.0,45000000.0,,,24900.0,44857100.0,no_rows,S100Y8B4,clean,ベイシス株式会社,1,board,,,99.68,2025-11-11,4068,1889679.0,2026-06-03,49182.0,2026-05-31,2025-11-12
2026-05-31,1000000.0,2500000000.0,,,36500.0,157498499.0,no_rows,S100Y8B7,clean,イノテック株式会社,1,board,36500.0,157498499.0,6.3,2026-05-14,9880,13700000.0,2026-06-03,1561853.0,2026-12-31,2026-05-15
2026-05-31,1200000.0,750000000.0,,,1002300.0,749941000.0,no_rows,S100Y84F,clean,日本フエルト株式会社,1,board,580100.0,464366300.0,99.99,2025-10-31,3512,18342089.0,2026-06-03,1590841.0,2026-05-29,2025-11-04
2026-05-31,,,,,,,no_rows,S100Y8BN,partial,株式会社パルグループホールディングス,1,board,,,,2026-05-27,2726,185088000.0,2026-06-03,11441694.0,2026-08-31,2026-06-01
2026-05-31,6000000.0,10000000000.0,,,,,no_rows,S100Y8BX,unverified,丸一鋼管株式会社,1,board,,,,2026-05-13,5463,252000000.0,2026-06-03,30376866.0,2027-03-31,2026-05-14
2026-05-31,,,,,108300.0,101632900.0,no_rows,S100Y89Z,clean,株式会社ライトアップ,1,board,108300.0,101632900.0,50.8,2026-05-15,6580,5806000.0,2026-06-03,789684.0,2026-09-30,2026-05-18
2026-05-31,2000000.0,6000000000.0,,,362300.0,1425586000.0,no_rows,S100Y88F,clean,株式会社ミライト・ワン,1,board,362300.0,1425586000.0,23.76,2026-05-12,1417,91325329.0,2026-06-03,2578221.0,2026-10-31,2026-05-13
2026-05-31,80000.0,50000000.0,,,42000.0,28856600.0,no_rows,S100Y8CE,clean,株式会社シノプス,1,board,12700.0,8329100.0,57.7,2026-02-12,4428,6259000.0,2026-06-03,36707.0,2026-08-13,2026-02-13
2026-05-31,15000000.0,30000000000.0,,,,,no_rows,S100Y81H,unverified,株式会社　クボタ,1,board,,,,2026-04-21,6326,1138716846.0,2026-06-03,26191.0,2026-12-18,2026-04-22
2026-05-31,500000.0,200000000.0,,,5900.0,2091300.0,no_rows,S100Y89V,clean,日亜鋼業株式会社,1,board,5900.0,2091300.0,1.04,2026-05-14,5658,51755478.0,2026-06-03,6824119.0,2026-05-31,2026-05-15
2026-05-31,17000000.0,69000000000.0,,,,,no_rows,S100Y7WT,unverified,ＳＯＭＰＯホールディングス株式会社,1,board,,,,2026-05-20,8630,934228767.0,2026-06-03,40399134.0,2026-11-18,2026-06-02
2026-05-31,,,,,11300.0,40731500.0,no_rows,S100Y8EQ,clean,ＧＭＯメディア株式会社,1,board,11300.0,40731500.0,40.73,2026-05-14,6180,1868839.0,2026-06-03,72332.0,2026-12-31,2026-05-15
2026-05-31,175000.0,150000000.0,,,175000.0,124666100.0,no_rows,S100Y8EX,clean,株式会社笑美面,1,board,94700.0,64665700.0,83.11,2026-03-17,9237,4064780.0,2026-06-03,175270.0,2026-06-30,2026-03-24
2026-05-31,2000000.0,3000000000.0,,,939800.0,1033117800.0,no_rows,S100Y8A4,clean,株式会社サーラコーポレーション,1,board,224900.0,229860600.0,34.44,2026-03-02,2734,66041147.0,2026-06-03,2500964.0,2026-11-30,2026-03-04
2026-05-31,1000000.0,1500000000.0,,,89700.0,148327000.0,no_rows,S100Y8FH,clean,アネスト岩田株式会社,1,board,89700.0,148327000.0,9.9,2026-05-12,6381,41745505.0,2026-06-03,2246155.0,2026-12-31,2026-05-13
2026-05-31,2500000.0,1000000000.0,,,1692500.0,891222500.0,no_rows,S100Y8FC,clean,株式会社ＧＥＮＤＡ,1,board,1692500.0,891222500.0,89.12,2026-05-01,9166,187960182.0,2026-06-03,6100876.0,2026-06-30,2026-05-07
2026-05-31,80000.0,40000000.0,,,69100.0,39949400.0,no_rows,S100Y8FA,clean,株式会社ＰＯＰＥＲ,1,board,,,99.87,2026-03-12,5134,3944478.0,2026-06-03,69198.0,2026-09-30,2026-03-13
2026-05-31,6000000.0,600000000.0,,,4394100.0,438796500.0,no_rows,S100Y8FJ,clean,ＭＲＫホールディングス株式会社,1,board,4394100.0,438796500.0,73.13,2026-02-25,9980,101295071.0,2026-06-03,9156703.0,2027-02-25,2026-02-26
2026-05-31,450000.0,1000000000.0,,,113400.0,294438298.0,no_rows,S100Y8F0,clean,ＳＥＣカーボン株式会社,1,board,113400.0,294438298.0,29.44,2026-05-14,5304,20694340.0,2026-06-03,760095.0,2026-11-30,2026-05-15
2026-05-31,550000.0,1000000000.0,,,406500.0,999785800.0,no_rows,S100Y89P,clean,ＳＥＭＩＴＥＣ株式会社,1,board,,,99.9,2025-11-13,6626,11371600.0,2026-06-03,1775629.0,2026-05-11,2025-11-14
2026-05-31,600000.0,1200000000.0,,,435000.0,829410600.0,no_rows,S100Y86J,clean,モリト株式会社,1,board,72200.0,136862600.0,69.12,2026-01-14,9837,25477791.0,2026-06-03,1322209.0,2027-01-14,2026-01-15
2026-05-31,125000.0,150000000.0,,,23100.0,27750800.0,no_rows,S100Y8AF,clean,株式会社クレオ,1,board,23100.0,27750800.0,18.5,2026-05-08,9698,8585688.0,2026-06-03,493411.0,2026-11-30,2026-05-11
2026-05-31,1500000.0,3000000000.0,4875400.0,12685790800.0,700.0,1888250.0,clean,S100Y8FZ,clean,日本瓦斯株式会社,1,board,700.0,1888250.0,0.06,2026-05-15,8174,107951798.0,2026-06-03,1411365.0,2027-03-31,2026-05-18
2026-05-31,100000000.0,250000000000.0,,,1693600.0,10574598800.0,no_rows,S100Y89G,clean,オリックス株式会社,1,board,1693600.0,10574598800.0,4.23,2026-05-11,8591,1099924922.0,2026-06-03,24181702.0,2027-03-31,2026-05-22
2026-05-31,1250000.0,500000000.0,,,209200.0,105806200.0,no_rows,S100Y8F5,clean,ＡｎｙＭｉｎｄ　Ｇｒｏｕｐ株式会社,1,board,209200.0,105806200.0,21.16,2026-05-14,5027,61391200.0,2026-06-03,1459200.0,2026-08-31,2026-05-18
2026-05-31,1960000.0,1500000000.0,1129400.0,1473839766.0,1149400.0,1499948767.0,clean,S100Y8G6,clean,株式会社ジャノメ,1,board,,,100.0,2025-11-14,6445,16979205.0,2026-06-03,256124.0,2026-11-16,2025-11-17
2026-05-31,25000000.0,50000000000.0,,,13859100.0,36405952650.0,clean,S100Y8FN,clean,株式会社ディー・エヌ・エー,1,board,5116400.0,13602782000.0,72.81,2026-02-27,2432,122145545.0,2026-06-03,24336245.0,2027-02-26,2026-03-02
2026-05-31,,,5830000.0,10033721500.0,5829200.0,9999860200.0,clean,S100Y8G1,clean,株式会社クラレ,1,board,,,100.0,2026-02-10,3405,302133603.0,2026-06-03,836451.0,2026-05-31,2026-02-12
2026-05-31,7200000.0,30000000000.0,,,3146700.0,23158949572.0,no_rows,S100Y7W7,clean,日本特殊陶業株式会社,1,board,370200.0,3492926300.0,77.2,2025-10-31,5334,199247720.0,2026-06-03,3476240.0,2026-10-31,2025-11-01
2026-05-31,600000.0,300000000.0,,,129500.0,74622500.0,no_rows,S100Y7PN,clean,株式会社シグマクシス・ホールディングス,1,board,129500.0,74622500.0,24.87,2026-05-08,6088,86000000.0,2026-06-03,4107427.0,2026-07-31,2026-05-11
2026-05-31,200000.0,140000000.0,,,41800.0,23790700.0,no_rows,S100Y80A,clean,笹徳印刷株式会社,1,board,7800.0,4351600.0,16.99,2026-02-12,3958,6185000.0,2026-06-03,736786.0,2027-02-12,2026-02-13
2026-05-31,1100000.0,2740000000.0,,,522400.0,1748420800.0,no_rows,S100Y8A0,clean,ＧＭＯインターネットグループ株式会社,1,board,522400.0,1748420800.0,63.81,2026-02-12,9449,107349121.0,2026-06-03,8977974.0,2027-02-10,2026-02-13
2026-05-31,650000.0,352300000.0,,,645100.0,349644200.0,no_rows,S100Y8GC,clean,株式会社日本創発グループ,1,board,645100.0,349644200.0,99.2,2026-05-20,7814,51000000.0,2026-06-03,3537865.0,2026-05-21,2026-05-21
2026-05-31,,,,,18833600.0,19642143000.0,no_rows,S100Y819,clean,三井松島ホールディングス株式会社,1,board,402300.0,553577100.0,98.21,2025-05-13,1518,65322000.0,2026-06-03,28294040.0,2026-06-01,2025-06-02
2026-06-01,,,,,18833600.0,19642143000.0,no_rows,S100Y81B,clean,三井松島ホールディングス株式会社,2,board,,,98.21,2025-05-13,1518,65322000.0,2026-06-03,28294040.0,2026-06-01,2025-06-02
2026-05-29,300000.0,500000000.0,800000.0,2936630886.0,266000.0,499965400.0,clean,S100Y871,clean,株式会社アドベンチャー,1,board,,,99.99,2026-02-13,6030,7178900.0,2026-06-03,1523.0,2026-05-29,2026-02-16
2026-05-31,100000.0,200000000.0,,,88800.0,199933100.0,no_rows,S100Y8GS,clean,株式会社ｐｌｕｓｚｅｒｏ,1,board,33400.0,75610800.0,99.96,2026-03-11,5132,7877526.0,2026-06-03,89103.0,2026-05-31,2026-03-12
2026-05-31,1200000.0,10000000000.0,,,784900.0,7112293000.0,no_rows,S100Y8G9,clean,株式会社メガチップス,1,board,80100.0,917607000.0,71.12,2026-02-06,6875,19046900.0,2026-06-03,4338839.0,2026-12-30,2026-02-09
2026-05-31,202000.0,700000000.0,,,110900.0,391799500.0,no_rows,S100Y8FL,clean,株式会社Ａｒｅｎｔ,1,board,14400.0,52756000.0,55.97,2026-01-05,5254,6954295.0,2026-06-03,111236.0,2027-01-05,2026-01-06
2026-05-31,380000.0,1000000000.0,,,219300.0,999674500.0,no_rows,S100Y8LB,clean,ジーエルテクノホールディングス株式会社,1,board,47600.0,274942000.0,99.97,2026-02-27,255A,13681230.0,2026-06-04,835460.0,2027-02-26,2026-03-17
2026-05-31,1000000.0,1000000000.0,,,854600.0,999946867.0,no_rows,S100Y8HA,clean,株式会社プロネクサス,1,board,,,100.0,2025-11-10,7893,27716688.0,2026-06-04,3062209.0,2026-06-23,2025-11-11
2026-05-31,400000.0,360000000.0,,,157900.0,117459200.0,no_rows,S100Y830,clean,フジ住宅株式会社,1,board,157900.0,117459200.0,32.63,2026-05-15,8860,36849912.0,2026-06-04,743359.0,2026-08-25,2026-05-18
2026-05-31,250000.0,200000000.0,,,250000.0,137594400.0,no_rows,S100Y8HG,clean,株式会社Ｓｃｈｏｏ,1,board,5000.0,1821000.0,68.8,2025-12-17,264A,12712350.0,2026-06-04,436070.0,2026-04-30,2026-01-01
2026-05-31,150000.0,200000000.0,,,101200.0,199992700.0,no_rows,S100Y8M3,clean,株式会社山王,1,board,,,100.0,2026-03-13,3441,5000000.0,2026-06-04,758103.0,2026-10-30,2026-03-16
2026-05-31,5000000.0,5000000000.0,,,1206200.0,2237774600.0,no_rows,S100Y8GT,clean,株式会社大阪ソーダ,1,board,1206200.0,2237774600.0,44.8,2026-05-12,4046,133660085.0,2026-06-04,12014360.0,2026-09-30,2026-05-13
2026-05-31,2100000.0,8400000000.0,,,1950000.0,6698250000.0,clean,S100Y8MN,clean,日比谷総合設備株式会社,1,board,1950000.0,6698250000.0,79.74,2026-05-13,1982,44000000.0,2026-06-04,2865470.0,2027-03-31,2026-05-14
2026-05-31,750000.0,2000000000.0,,,126600.0,329081150.0,no_rows,S100Y8LL,clean,株式会社ＮＳＤ,1,board,126600.0,329081150.0,16.45,2026-05-08,9759,86000000.0,2026-06-04,10204317.0,2026-10-09,2026-05-11
2026-05-31,6500000.0,33000000000.0,,,6250000.0,31006250000.0,clean,S100Y8O7,clean,ＮＧＫ株式会社,1,board,6250000.0,31006250000.0,93.96,2026-04-30,5333,292243496.0,2026-06-04,10879734.0,2026-05-01,2026-05-01
2026-05-31,200000.0,200000000.0,,,133700.0,103096200.0,no_rows,S100Y8PG,clean,スペースシャワーＳＫＩＹＡＫＩホールディングス株式会社,1,board,19300.0,13907800.0,51.55,2025-11-13,4838,17029205.0,2026-06-04,787116.0,2026-11-30,2025-12-01
2026-05-31,610000.0,260000000.0,,,155400.0,65661000.0,no_rows,S100Y8PQ,clean,株式会社昭文社ホールディングス,1,board,,,25.25,2025-11-10,9475,18178173.0,2026-06-04,156602.0,2026-11-10,2025-11-11
2026-05-31,150000.0,20000000.0,,,134300.0,17772000.0,no_rows,S100Y8QC,clean,ダイトウボウ株式会社,1,board,134300.0,17772000.0,88.9,2026-05-08,3202,30360000.0,2026-06-04,485326.0,2026-06-12,2026-05-18
2026-05-31,8000000.0,30000000000.0,,,2793000.0,14337528177.0,clean,S100Y86Y,clean,ホシザキ株式会社,1,board,728400.0,3720047001.0,47.7,2026-02-13,6465,144890100.0,2026-06-04,6060265.0,2026-11-30,2026-02-17
2026-05-31,146000000.0,300000000000.0,180396507.0,390093665315.0,,,clean,S100Y8CL,unverified,ＫＤＤＩ株式会社,1,board,,,,2026-05-12,9433,4007450967.0,2026-06-04,200282530.0,2027-01-31,2026-05-13
2026-05-31,9000000.0,30000000000.0,,,,,no_rows,S100Y8PR,clean,横河電機株式会社,1,board,2155100.0,10708972000.0,35.7,2026-05-07,6841,257201210.0,2026-06-04,4728168.0,2026-05-08,
2026-05-31,156544000.0,250000000000.0,91373500.0,162308421823.0,,,clean,S100Y7ZJ,unverified,京セラ株式会社,1,board,,,,2026-04-30,6971,1419100820.0,2026-06-04,101694964.0,2027-03-24,2026-05-01
2026-05-31,95200.0,100000000.0,,,4600.0,4721400.0,no_rows,S100Y7W8,clean,ブランディングテクノロジー株式会社,1,board,4600.0,4721400.0,4.72,2026-05-21,7067,1602215.0,2026-06-04,4600.0,2026-11-25,2026-05-26
2026-05-31,625000.0,2500000000.0,,,105200.0,499741500.0,no_rows,S100Y8MD,clean,日本カーボン株式会社,1,board,33100.0,159610500.0,19.99,2026-02-10,5302,11832504.0,2026-06-04,881061.0,2026-08-31,2026-03-02
2026-05-31,65000000.0,100000000000.0,33000000.0,76881652850.0,,,clean,S100Y8NO,unverified,株式会社アイシン,1,board,,,,2026-04-28,7259,726023902.0,2026-06-04,1451098.0,2027-03-31,2026-04-30
2026-05-31,2600000.0,7051200000.0,,,2390000.0,6481680000.0,no_rows,S100Y8RW,clean,株式会社アカツキ,1,board,2390000.0,6481680000.0,91.9,2026-05-13,3932,14519800.0,2026-06-04,2455375.0,2026-05-14,2026-05-14
2026-05-31,260000.0,4000000000.0,,,121700.0,2726806000.0,no_rows,S100Y2ME,clean,上村工業株式会社,1,board,23400.0,552423000.0,68.17,2026-02-09,4966,18099000.0,2026-06-05,2082414.0,2026-09-30,2026-03-02
2026-05-31,270000.0,300000000.0,,,242000.0,299977700.0,clean,S100Y8VY,clean,株式会社カウリス,1,board,,,100.0,2026-03-18,153A,6534800.0,2026-06-05,226300.0,2026-06-19,2026-03-19
2026-05-31,23000000.0,25000000000.0,,,1676500.0,2419676050.0,no_rows,S100Y8LK,clean,株式会社リコー,1,board,1676500.0,2419676050.0,9.68,2026-05-12,7752,569733178.0,2026-06-05,1773077.0,2026-11-30,2026-05-13
2026-05-31,1500000.0,2500000000.0,,,0.0,0.0,no_rows,S100Y80M,clean,株式会社ナカニシ,1,board,,,0.0,2026-02-12,7716,92218200.0,2026-06-05,9168818.0,2026-12-30,2026-02-13
2026-05-31,10000000.0,40000000000.0,,,7036700.0,39999617100.0,no_rows,S100Y8Q5,clean,株式会社マキタ,1,board,,,100.0,2026-01-29,6586,280017520.0,2026-06-05,22361698.0,2026-05-31,2026-01-30
2026-05-31,,,,,,,no_rows,S100Y8RG,partial,株式会社リーガルコーポレーション,1,board,,,,2026-05-14,7938,3250000.0,2026-06-05,265090.0,2027-02-28,2026-05-15
2026-05-31,1000000.0,2000000000.0,,,111000.0,172465200.0,no_rows,S100Y8NX,clean,株式会社クレスコ,1,board,111000.0,172465200.0,8.6,2026-05-08,4674,42000000.0,2026-06-05,1716551.0,2026-11-30,2026-05-11
2026-05-31,240000.0,600000000.0,,,206100.0,489715400.0,clean,S100Y8W3,clean,タキヒヨー株式会社,1,board,37100.0,103183900.0,81.6,2026-01-14,9982,8800000.0,2026-06-05,365565.0,2027-01-14,2026-01-15
2026-05-31,1200000.0,4200000000.0,,,271100.0,806523700.0,no_rows,S100Y8M1,clean,株式会社マースグループホールディングス,1,board,271100.0,806523700.0,19.2,2026-05-14,6419,22720000.0,2026-06-05,4543015.0,2026-10-30,2026-05-15
2026-05-31,170000.0,500000000.0,,,,,no_rows,S100Y8O6,unverified,株式会社山形銀行,1,board,,,,2026-05-15,8344,32216115.0,2026-06-05,1201453.0,2026-08-31,2026-05-18
2026-05-31,2000000.0,4000000000.0,,,118300.0,182758794.0,no_rows,S100Y8W7,clean,株式会社バイタルケーエスケー・ホールディングス,1,board,118300.0,182758794.0,4.57,2026-05-14,3151,51902976.0,2026-06-05,3644211.0,2027-03-24,2026-05-15
2026-05-31,560000.0,468000000.0,,,537800.0,467928700.0,no_rows,S100Y8HL,clean,株式会社ウエスコホールディングス,1,board,,,100.0,2025-09-12,6091,13727553.0,2026-06-05,586234.0,2026-06-30,2025-09-16
2026-05-31,1500000.0,2500000000.0,,,73700.0,154741100.0,no_rows,S100Y8WC,clean,テイカ株式会社,1,board,73700.0,154741100.0,6.19,2026-05-13,4027,22914414.0,2026-06-05,146331.0,2027-03-19,2026-05-14
2026-05-31,350000.0,200000000.0,,,348000.0,171216000.0,no_rows,S100Y8WD,clean,ＴＯＮＥ株式会社,1,board,,,85.61,2025-07-11,5967,23426000.0,2026-06-05,750778.0,2026-05-31,2025-07-12
2026-05-31,1900000.0,3000000000.0,,,770000.0,1555317550.0,no_rows,S100Y8WE,clean,宝ホールディングス株式会社,1,board,770000.0,1555317550.0,51.84,2026-05-13,2531,197252043.0,2026-06-05,5008256.0,2026-06-30,2026-05-15
2026-05-31,1200000.0,2500000000.0,,,93400.0,187341000.0,no_rows,S100Y8WP,clean,株式会社鶴見製作所,1,board,93400.0,187341000.0,7.5,2026-05-12,6351,50826972.0,2026-06-05,2955856.0,2026-11-11,2026-05-13
2026-05-31,45000.0,101070000.0,,,41000.0,92086000.0,no_rows,S100Y8WI,clean,旭松食品株式会社,1,board,41000.0,92096000.0,91.1,2026-05-15,2911,1876588.0,2026-06-05,61018.0,2026-05-18,2026-05-18
2026-05-31,1700000.0,5000000000.0,,,669300.0,1907034450.0,no_rows,S100Y8DX,clean,日油株式会社,1,board,669300.0,1907034450.0,38.14,2026-05-11,4403,236524128.0,2026-06-05,10644855.0,2026-05-31,2026-05-12
2026-05-31,2000000.0,1300000000.0,,,905500.0,725482500.0,no_rows,S100Y80C,clean,三共生興株式会社,1,board,120500.0,104912000.0,55.81,2025-11-06,8018,46000000.0,2026-06-05,8607669.0,2026-11-06,2025-11-07
2026-05-31,46000.0,35420000.0,,,46000.0,35420000.0,no_rows,S100Y8PJ,clean,株式会社アール・エス・シー,1,board,,,100.0,2026-05-25,4664,3120000.0,2026-06-05,111301.0,2026-05-26,2026-05-26
2026-05-31,4200000.0,10000000000.0,,,240000.0,554316500.0,no_rows,S100Y8BH,clean,株式会社八十二長野銀行,1,board,240000.0,554316500.0,5.54,2026-05-15,8359,493767424.0,2026-06-05,37552837.0,2026-12-30,2026-05-18
2026-05-31,900000.0,3500000000.0,,,732600.0,2524940455.0,no_rows,S100Y8VV,clean,エスペック株式会社,1,board,82200.0,289011490.0,72.14,2025-11-13,6859,23781394.0,2026-06-05,2206256.0,2026-07-31,2025-11-14
2026-05-31,1000000.0,350000000.0,,,37200.0,14665000.0,no_block,S100Y8SD,clean,株式会社うるる,1,board,37200.0,14665000.0,4.2,2026-05-26,3979,27677464.0,2026-06-05,61336.0,2027-05-26,2026-05-27
2026-05-31,300000.0,1140000000.0,,,223500.0,1005224000.0,no_rows,S100Y8XR,clean,中外炉工業株式会社,1,board,198100.0,885351500.0,88.2,2026-04-28,1964,7800000.0,2026-06-05,786397.0,2026-08-31,2026-04-30
2026-05-31,21000000.0,70000000000.0,,,13828700.0,65320343250.0,no_rows,S100Y8Y5,clean,株式会社野村総合研究所,1,board,13828700.0,65320343250.0,93.31,2026-04-24,4307,581241511.0,2026-06-05,20665702.0,2026-08-31,2026-05-15
2026-05-31,14000000.0,30000000000.0,,,2896000.0,6520127650.0,no_rows,S100Y8Y9,clean,株式会社ネクソン,1,board,2896000.0,6520127650.0,21.73,2026-05-14,3659,793477908.0,2026-06-05,2896000.0,2026-07-31,2026-05-15
2026-05-31,2400000.0,6000000000.0,,,242700.0,835919094.0,no_rows,S100Y8WU,clean,ダイワボウホールディングス株式会社,1,board,242700.0,835919094.0,13.93,2026-05-13,3107,88479028.0,2026-06-05,1808287.0,2026-10-16,2026-05-14
2026-05-31,63000000.0,50000000000.0,,,44734100.0,49999927268.0,no_rows,S100Y8Y4,clean,東レ株式会社,1,board,,,100.0,2025-11-14,3402,1504481403.0,2026-06-05,47144955.0,2026-05-31,2025-11-17
2026-05-31,2850000.0,2000000000.0,,,243400.0,253305996.0,no_rows,S100Y8TU,clean,ダイキョーニシカワ株式会社,1,board,243400.0,253305996.0,12.7,2026-05-13,4246,70997800.0,2026-06-05,5379321.0,2026-09-30,2026-05-14
2026-05-31,1650000.0,1800000000.0,,,459700.0,492972800.0,no_rows,S100Y90G,clean,株式会社ビジョン,1,board,459700.0,492972800.0,27.39,2026-05-22,9416,50938600.0,2026-06-05,849036.0,2026-08-31,2026-05-25
2026-05-31,1210000.0,1315270000.0,,,1099400.0,1195047800.0,no_rows,S100Y8Q8,clean,六甲バター株式会社,1,board,1099400.0,1195047800.0,90.9,2026-05-28,2266,21452125.0,2026-06-05,3068703.0,2026-05-29,2026-05-29
2026-05-31,15000000.0,20000000000.0,,,10086900.0,19999818350.0,no_rows,S100Y8QB,clean,株式会社日清製粉グループ本社,1,board,,,100.0,2025-10-30,2002,282111891.0,2026-06-05,2360241.0,2026-06-23,2025-11-05
2026-05-31,75000000.0,150000000000.0,,,,,no_rows,S100Y8ZM,clean,株式会社村田製作所,1,board,,,0.0,2026-04-30,6981,1963001843.0,2026-06-05,142711137.0,2027-01-29,2026-05-11
2026-05-31,280000.0,500000000.0,,,,,no_rows,S100Y8MA,unverified,ブルドックソース株式会社,1,board,,,,2026-04-24,2804,13208780.0,2026-06-05,441763.0,2027-03-19,2026-05-18
2026-05-31,22000000.0,13000000000.0,,,5034900.0,4811010200.0,no_rows,S100Y8SM,clean,株式会社ＣＣＩグループ,1,board,1779700.0,1811074200.0,37.0,2025-12-24,7381,229085820.0,2026-06-05,7512798.0,2026-12-23,2026-01-05
2026-05-31,1000000.0,2700000000.0,,,,,no_rows,S100Y91W,unverified,積水樹脂株式会社,1,board,,,,2026-05-13,4212,31813598.0,2026-06-05,1764664.0,2027-03-31,2026-05-15
2026-05-31,32000000.0,20000000000.0,,,4447200.0,6394043600.0,no_rows,S100Y90U,clean,アズビル株式会社,1,board,4447200.0,6394043600.0,31.97,2026-05-13,6845,541372736.0,2026-06-05,27969845.0,2026-10-30,2026-05-14
2026-05-31,2200000.0,10000000000.0,,,353100.0,2285473900.0,no_rows,S100Y8WB,clean,株式会社ほくほくフィナンシャルグループ,1,board,353100.0,2285473900.0,22.85,2026-05-11,8377,121120114.0,2026-06-05,1014874.0,2026-09-30,2026-05-12
2026-05-31,,,100000000.0,70840333180.0,57196900.0,49999993610.0,clean,S100Y8HJ,clean,王子ホールディングス株式会社,1,board,9057600.0,7536240570.0,100.0,2025-12-16,3861,914381817.0,2026-06-05,63609521.0,2026-12-16,2025-12-17
2026-05-31,1700000.0,2500000000.0,,,1395100.0,2499892600.0,no_rows,S100Y937,partial,株式会社ＳＨＯＥＩ,1,board,,,82.1,2025-11-14,7839,52318616.0,2026-06-05,1115502.0,2026-06-30,2025-11-17
2026-05-31,100000.0,350000000.0,,,3500.0,7742000.0,no_rows,S100Y939,clean,ミナトホールディングス株式会社,1,board,3500.0,7742000.0,2.2,2026-05-27,6862,7925714.0,2026-06-05,488904.0,2026-05-31,2026-05-28
2026-05-31,2000000.0,1600000000.0,,,1409300.0,1233265300.0,no_rows,S100Y93I,clean,株式会社　東　祥,1,board,374300.0,290792300.0,77.08,2026-02-03,8920,38315000.0,2026-06-05,2791293.0,2026-07-31,2026-02-04
2026-05-31,890000.0,1000000000.0,,,603500.0,999969200.0,no_rows,S100Y93W,clean,株式会社中央倉庫,1,board,26200.0,53088900.0,99.99,2025-11-10,9319,19064897.0,2026-06-05,1287691.0,2026-10-31,2025-11-11
2026-05-31,9000000.0,40000000000.0,,,1862000.0,10750286500.0,no_rows,S100Y88L,clean,鹿島建設株式会社,1,board,1862000.0,10750286500.0,26.87,2026-05-14,1812,528656011.0,2026-06-05,62711704.0,2026-09-30,2026-05-15
2026-05-31,900000.0,1700000000.0,,,115400.0,235045400.0,no_rows,S100Y7WC,clean,中部鋼鈑株式会社,1,board,115400.0,235045400.0,13.83,2026-05-12,5461,28000000.0,2026-06-05,1024078.0,2026-11-30,2026-05-14
2026-05-31,300000.0,1500000000.0,,,25800.0,108222000.0,no_rows,S100Y8EK,clean,株式会社ニチリン,1,board,25800.0,108222000.0,7.21,2026-05-13,5184,14371500.0,2026-06-05,1187733.0,2026-12-18,2026-05-14
2026-05-31,5500000.0,5000000000.0,,,5428100.0,4999932400.0,no_rows,S100Y95A,clean,シンプレクス・ホールディングス株式会社,1,board,,,100.0,2026-01-29,4373,237208300.0,2026-06-05,13351476.0,2026-05-31,2026-01-30
2026-05-31,5000000.0,25000000000.0,,,1702400.0,16016844500.0,no_rows,S100Y8P1,clean,株式会社オープンハウスグループ,1,board,3516924800.0,,64.07,2025-11-14,3288,116735700.0,2026-06-05,5874877.0,2026-09-30,2025-11-17
2026-05-31,6000000.0,10000000000.0,,,1840000.0,4322508600.0,no_rows,S100Y93C,clean,株式会社武蔵野銀行,1,board,600000.0,1481941100.0,43.22,2026-03-16,8336,100216368.0,2026-06-05,2637189.0,2026-12-30,2026-03-17
2026-05-31,46000000.0,60000000000.0,,,38948300.0,59999856150.0,no_rows,S100Y8Z0,clean,オリンパス株式会社,1,board,38948300.0,59999856150.0,100.0,2026-05-12,7733,1114485700.0,2026-06-05,52327484.0,2027-03-31,2026-05-13
2026-05-31,10000000.0,50000000000.0,,,10000000.0,45277525917.0,no_rows,S100Y8VZ,clean,豊田合成株式会社,1,board,,,90.56,2025-11-20,7282,117614147.0,2026-06-05,361647.0,2027-01-06,2026-01-07
2026-05-31,100000000.0,150000000000.0,,,,,no_rows,S100Y8A7,clean,日本郵政株式会社,1,board,72115300.0,149999824000.0,99.99,2026-05-15,6178,2808194600.0,2026-06-05,72215697.0,2027-03-31,2026-05-18
2026-05-31,1300000.0,2000000000.0,,,598400.0,1454605163.0,no_rows,S100Y92H,clean,藤倉コンポジット株式会社,1,board,119900.0,297347392.0,72.73,2025-12-25,5121,20074968.0,2026-06-05,598534.0,2026-07-31,2026-01-05
2026-05-31,10000000.0,20000000000.0,,,514200.0,1817354000.0,no_rows,S100Y8S1,clean,ブラザー工業株式会社,1,board,514200.0,1817354000.0,9.09,2026-05-08,6448,257755930.0,2026-06-05,9220349.0,2027-04-30,2026-05-11
2026-05-31,1600000.0,3000000000.0,,,1416700.0,2999838700.0,no_rows,S100Y959,clean,ノーリツ鋼機株式会社,1,board,205800.0,426182700.0,100.0,2026-02-13,7744,108818916.0,2026-06-05,2807305.0,2026-06-30,2026-02-24
2026-05-31,45000000.0,250000000000.0,,,,,clean,S100Y95H,unverified,信越化学工業株式会社,1,board,,,,2026-04-28,4063,1984995865.0,2026-06-05,125447089.0,2027-04-27,2026-05-21
2026-05-31,20000000.0,50000000000.0,,,14368400.0,49999921400.0,no_rows,S100Y88V,clean,ＴＩＳ株式会社,1,board,1844500.0,6443148870.0,100.0,2026-03-10,3626,228400000.0,2026-06-05,17410865.0,2026-09-30,2026-03-11
2026-05-31,30000000.0,50000000000.0,,,1442600.0,4027003550.0,no_rows,S100Y95L,clean,大日本印刷株式会社,1,board,1442600.0,4027003550.0,8.05,2026-05-13,7912,439480692.0,2026-06-05,9467547.0,2027-03-31,2026-05-14
2026-05-31,2100000.0,5000000000.0,,,1981500.0,4999851200.0,no_rows,S100Y917,clean,ガンホー・オンライン・エンターテイメント株式会社,1,board,131000.0,326231600.0,99.99,2026-02-13,3765,69161416.0,2026-06-05,16794417.0,2026-06-23,2026-02-16
2026-05-31,2000000.0,4000000000.0,,,1008300.0,2829044950.0,no_rows,S100Y912,clean,エクシオグループ株式会社,1,board,293900.0,829304500.0,70.73,2026-02-06,1951,205624838.0,2026-06-05,1997849.0,2026-06-30,2026-02-09
2026-05-31,1400000.0,7000000000.0,,,,,no_rows,S100Y946,unverified,株式会社カネカ,1,board,,,,2026-05-14,4118,63000000.0,2026-06-05,2770645.0,2027-03-24,2026-05-15
2026-05-31,600000.0,426000000.0,,,,,no_rows,S100Y971,unverified,伊澤タオル株式会社,1,board,,,,2026-05-21,365A,10000000.0,2026-06-05,300000.0,2026-05-22,2026-05-22
2026-05-31,20000000.0,20000000000.0,,,,,no_rows,S100Y97F,unverified,エムスリー株式会社,1,board,,,,2026-05-01,2413,679124300.0,2026-06-05,11695137.0,2027-04-30,2026-05-02
2026-05-31,500000.0,2000000000.0,,,375300.0,1999905000.0,no_rows,S100Y97Q,clean,株式会社ティラド,1,board,,,100.0,2025-05-12,7236,5900000.0,2026-06-05,217452.0,2026-05-12,2025-05-13
2026-05-31,11000000.0,2600000000.0,,,92000.0,18168000.0,no_rows,S100Y94H,clean,ＲＩＺＡＰグループ株式会社,1,board,92000.0,18168000.0,0.7,2026-05-14,2928,596664367.0,2026-06-05,93477.0,2027-05-14,2026-05-15
2026-05-31,650000.0,1300000000.0,,,402300.0,923726400.0,no_rows,S100Y8X1,clean,丸大食品株式会社,1,board,102300.0,230040300.0,71.06,2026-02-24,2288,26505581.0,2026-06-08,2299992.0,2026-09-30,2026-03-12
2026-05-31,1820000.0,2000000000.0,,,939500.0,1079459100.0,no_rows,S100Y9AG,clean,ＺＡＣＲＯＳ株式会社,1,board,59500.0,74110400.0,53.97,2025-11-06,7917,77071040.0,2026-06-08,5520712.0,2026-06-30,2025-11-07
2026-05-31,220000.0,200000000.0,,,66000.0,64470600.0,no_rows,S100Y9B2,clean,理想科学工業株式会社,1,board,66000.0,64470600.0,32.2,2026-05-08,6413,72000000.0,2026-06-08,9160616.0,2026-06-22,2026-05-22
2026-05-31,100000.0,100000000.0,,,31900.0,42700500.0,no_rows,S100Y9BB,clean,東部ネットワーク株式会社,1,board,31900.0,42700500.0,42.7,2025-08-08,9036,5749000.0,2026-06-08,146334.0,2026-08-07,2025-08-12
2026-05-31,5000000.0,12000000000.0,25000000.0,28956167500.0,,,clean,S100Y9BC,unverified,スルガ銀行株式会社,1,board,,,,2026-04-24,8358,172139248.0,2026-06-08,1997046.0,2026-12-31,2026-05-15
2026-05-31,5200000.0,12000000000.0,,,2617700.0,7636602994.0,no_rows,S100Y8V0,clean,日本テレビホールディングス株式会社,1,board,2617700.0,7636602994.0,63.64,2026-05-14,9404,261220180.0,2026-06-08,8818676.0,2026-08-31,2026-05-15
2026-05-31,30000000.0,80000000000.0,,,10775000.0,43277395600.0,no_rows,S100Y996,clean,味の素株式会社,1,board,1087000.0,5709091689.0,54.1,2025-11-06,2802,977735616.0,2026-06-08,21078761.0,2026-11-30,2025-12-01
2026-05-31,310000.0,700000000.0,,,232000.0,532447800.0,no_rows,S100Y9CF,clean,株式会社　宮崎太陽銀行,1,board,4600.0,10548700.0,76.06,2026-02-09,8560,5942444.0,2026-06-08,288808.0,2027-02-09,2026-02-10
2026-05-31,3000000.0,5500000000.0,,,3000000.0,4829517000.0,no_rows,S100Y9CE,clean,ＤＣＭホールディングス株式会社,1,board,393900.0,594951200.0,87.8,2025-12-26,3050,146500000.0,2026-06-08,4868667.0,2026-06-30,2025-12-29
2026-05-31,1600000.0,2000000000.0,,,281500.0,368875800.0,no_rows,S100Y9CS,clean,株式会社リテールパートナーズ,1,board,196000.0,257040900.0,18.44,2026-04-13,8167,46646059.0,2026-06-08,3994431.0,2026-08-31,2026-04-15
2026-05-31,1500000.0,5300000000.0,,,,,no_rows,S100Y9D1,unverified,株式会社ＫＯＫＵＳＡＩ　ＥＬＥＣＴＲＩＣ,1,board,,,,2026-05-13,6525,238115614.0,2026-06-08,4462130.0,2026-07-31,2026-05-14
2026-05-31,44429000.0,130000000000.0,,,,,no_rows,S100Y9D4,unverified,川崎汽船株式会社,1,board,,,,2026-05-29,9107,639172067.0,2026-06-08,1114418.0,2026-09-30,2026-06-01
2026-05-31,10000000.0,50000000000.0,111063.0,310919758.0,,,clean,S100Y8W5,unverified,ファナック株式会社,1,board,,,,2026-04-24,6954,982272430.0,2026-06-08,49114046.0,2027-04-30,2026-05-01
2026-05-31,77500.0,35960000.0,,,77500.0,35960000.0,no_rows,S100Y9DU,clean,日本プラスト株式会社,1,board,77500.0,35960000.0,100.0,2026-05-27,7291,19410000.0,2026-06-08,250204.0,2026-05-28,2026-05-28
2026-05-31,,,,,222900.0,79222600.0,no_rows,S100Y9E6,clean,ａｂｃ株式会社,1,board,,,19.8,2025-11-19,8783,40152219.0,2026-06-08,73341.0,2026-08-14,2025-08-15
2026-05-31,450000.0,500000000.0,,,263700.0,427915400.0,no_rows,S100Y9ED,clean,株式会社アシロ,1,board,,,85.58,2025-12-11,7378,7418568.0,2026-06-08,344881.0,2026-06-30,2025-12-23
2026-05-31,700000.0,800000000.0,,,508000.0,799977900.0,clean,S100Y9D6,clean,北興化学工業株式会社,1,board,,,99.99,2025-07-11,4992,27485531.0,2026-06-08,1545352.0,2026-07-13,2025-07-14
2026-05-31,4000000.0,20000000000.0,,,1553000.0,9999913900.0,no_rows,S100Y9F4,clean,日本電気硝子株式会社,1,board,,,50.0,2026-02-06,5214,89523246.0,2026-06-08,15839496.0,2026-12-23,2026-02-09
2026-05-31,,,,,11018500.0,28114659000.0,no_rows,S100Y9EU,clean,キリンホールディングス株式会社,1,board,4112200.0,10497130950.0,35.14,2026-02-13,2503,816000000.0,2026-06-08,15274741.0,2027-02-12,2026-03-06
2026-05-31,150000.0,200000000.0,,,,,no_rows,S100Y9F8,unverified,株式会社コスモスイニシア,1,board,,,,2026-05-20,8844,33911219.0,2026-06-08,15779.0,2026-09-30,2026-06-25
2026-05-31,,,,,746600.0,499938100.0,no_rows,S100Y9FW,clean,株式会社オーバル,1,board,,,99.99,2025-08-08,7727,21000000.0,2026-06-08,639586.0,2026-08-17,2025-08-18
2026-05-31,2000000.0,2500000000.0,,,1183100.0,2323114300.0,no_rows,S100Y8OZ,clean,株式会社　百五銀行,1,board,1183100.0,2323114300.0,92.92,2026-05-12,8368,254119000.0,2026-06-08,12634747.0,2026-09-30,2026-05-13
2026-05-31,350000.0,500000000.0,,,153800.0,286963300.0,no_rows,S100Y9HD,clean,株式会社セレス,1,board,153800.0,286963300.0,57.4,2026-04-30,3696,12187300.0,2026-06-08,521888.0,2026-12-30,2026-05-01
2026-05-31,250000.0,50000000.0,,,34700.0,10086500.0,no_rows,S100Y9I7,clean,サノヤスホールディングス株式会社,1,board,34700.0,10086500.0,20.17,2025-05-12,7022,33977282.0,2026-06-08,483149.0,2026-07-31,2026-05-13
2026-05-31,4048500.0,2999938500.0,1400000.0,1112720000.0,4048500.0,2999938500.0,clean,S100Y9GZ,clean,大豊建設株式会社,1,board,4048500.0,2999938500.0,100.0,2026-05-20,1822,89015815.0,2026-06-08,4204485.0,2026-05-21,2026-05-21
2026-05-31,6000000.0,24000000000.0,,,,,no_rows,S100Y9MA,unverified,株式会社クスリのアオキホールディングス,1,board,,,,2025-12-25,3549,95616980.0,2026-06-09,653913.0,2026-12-25,2025-12-26
2026-05-31,9000000.0,25000000000.0,,,7256800.0,24999676000.0,no_rows,S100Y9MG,clean,大東建託株式会社,1,board,,,100.0,2026-01-30,1878,344594895.0,2026-06-09,19706599.0,2027-01-31,2026-01-31
2026-05-31,80000.0,50000000.0,,,54700.0,42992100.0,no_rows,S100Y9MH,clean,スローガン株式会社,1,board,5000.0,3783500.0,86.0,2025-11-13,9253,2771875.0,2026-06-09,278274.0,2026-11-16,2025-11-17
2026-05-31,588000.0,1000000000.0,,,,,no_rows,S100Y9K5,unverified,株式会社ベルテクスコーポレーション,1,board,,,,2026-05-28,5290,57706700.0,2026-06-09,7656220.0,2026-09-30,2026-06-01
2026-05-31,,,,,457500.0,690509600.0,no_rows,S100Y9LU,clean,株式会社チノー,1,board,69000.0,109208400.0,53.12,2025-11-12,6850,18520232.0,2026-06-09,1936538.0,2026-11-12,2025-11-13
2026-05-31,25000000.0,100000000000.0,,,7287100.0,46782027500.0,no_rows,S100Y9N6,clean,株式会社小松製作所,1,board,7287100.0,46782027500.0,46.8,2026-04-28,6301,930340620.0,2026-06-09,34665165.0,2026-09-30,2026-04-30
2026-05-31,100000.0,100000000.0,,,62000.0,69469200.0,no_rows,S100Y9HG,clean,ビリングシステム株式会社,1,board,,,69.5,2026-02-13,3623,6564400.0,2026-06-09,330357.0,2026-05-31,2026-02-20
2026-05-31,2500000.0,2000000000.0,,,,,no_rows,S100Y9OL,unverified,株式会社チェンジホールディングス,1,board,,,,2026-05-14,3962,73852362.0,2026-06-09,4273415.0,2026-11-30,2026-05-15
2026-05-31,24000000.0,30000000000.0,,,0.0,0.0,no_rows,S100Y9ON,clean,キッコーマン株式会社,1,board,,,0.0,2026-04-24,2801,969416010.0,2026-06-09,41675732.0,2027-03-31,2026-05-07
2026-05-31,2500000.0,5000000000.0,,,111100.0,349664899.0,no_rows,S100Y9P0,clean,Ｈ．Ｕ．グループホールディングス株式会社,1,board,111100.0,349664899.0,6.99,2026-05-14,4544,57492622.0,2026-06-09,605244.0,2027-03-31,2026-05-15
2026-05-31,1500000.0,2700000000.0,,,301800.0,518712400.0,no_rows,S100Y9OC,clean,東京製鐵株式会社,1,board,301800.0,518712400.0,19.21,2026-04-24,5423,110064249.0,2026-06-09,7845934.0,2026-09-30,2026-05-01
2026-05-31,280000.0,1000000000.0,,,22600.0,82884000.0,no_rows,S100Y9OP,clean,デンヨー株式会社,1,board,22600.0,82884000.0,8.29,2025-11-13,6517,21859660.0,2026-06-09,910656.0,2026-05-13,2025-11-17
2026-05-31,7000000.0,15000000000.0,,,796700.0,2610916986.0,no_rows,S100Y9NU,clean,株式会社サンエー,1,board,377700.0,1219403492.0,17.41,2026-04-07,2659,63963308.0,2026-06-09,2912409.0,2027-02-26,2026-04-08
,720000.0,558000000.0,720000.0,339784137.0,720000.0,558000000.0,clean,S100Y9GV,clean,株式会社ＵＥＸ,1,board,720000.0,558000000.0,100.0,2026-05-13,9888,11280000.0,2026-06-09,980594.0,2026-05-14,2026-05-14
2026-05-31,4000000.0,10000000000.0,,,1044400.0,4153706600.0,no_rows,S100Y9OM,clean,キユーピー株式会社,1,board,305200.0,1232419300.0,41.5,2025-07-03,2809,141500000.0,2026-06-09,5149801.0,2026-05-31,2025-07-04
2026-05-31,1800000.0,2000000000.0,,,,,no_rows,S100Y9QE,unverified,日本トランスシティ株式会社,1,board,,,,2026-05-29,9310,66405517.0,2026-06-09,4541535.0,2027-03-31,2026-06-01
2026-05-31,13000000.0,20000000000.0,,,2624600.0,4289160950.0,no_rows,S100Y8WV,clean,東急株式会社,1,board,2624600.0,4289160950.0,21.45,2026-05-12,9005,624869876.0,2026-06-09,54475270.0,2027-03-31,2026-05-13
2026-05-31,3900000.0,525000000.0,,,564900.0,98609100.0,no_rows,S100Y9U2,clean,ＵＴグループ株式会社,1,board,564900.0,98609100.0,18.78,2026-02-12,2146,601286745.0,2026-06-09,6451635.0,2026-05-13,2026-02-13
2026-05-31,250000.0,450000000.0,,,36200.0,61483500.0,unverified,S100Y9UF,clean,株式会社サイバーセキュリティクラウド,1,board,36200.0,61483500.0,13.66,2026-05-22,4493,10390644.0,2026-06-09,135257.0,2026-07-31,2026-05-25
2026-05-31,125000.0,500000000.0,,,20600.0,73244000.0,no_rows,S100Y9JM,clean,株式会社プレミアムウォーターホールディングス,1,board,,,14.65,2026-05-12,2588,30929969.0,2026-06-09,343634.0,2026-12-30,2026-05-13
2026-05-31,5000000.0,10000000000.0,,,1298900.0,3681833550.0,clean,S100Y9ZG,clean,株式会社山口フィナンシャルグループ,1,board,1298900.0,3681833550.0,36.81,2026-05-08,8418,234767616.0,2026-06-10,31121739.0,2026-10-30,2026-05-11
,280000.0,700000000.0,,,186800.0,699772487.0,no_rows,S100Y9ZJ,clean,多木化学株式会社,1,board,,,99.97,2025-08-07,4025,9458768.0,2026-06-10,1111322.0,2026-05-31,2025-08-14
2026-05-31,28000000.0,80000000000.0,,,1453900.0,8167526494.0,no_rows,S100Y9MP,clean,大阪瓦斯株式会社,1,board,1453900.0,8167526494.0,10.21,2026-05-08,9532,397881800.0,2026-06-10,16531279.0,2027-03-31,2026-05-11
2026-05-31,11000000.0,10000000000.0,,,2272100.0,3227557050.0,no_rows,S100Y9TC,clean,三菱倉庫株式会社,1,board,1041800.0,1509436400.0,32.28,2026-02-27,9301,362135395.0,2026-06-10,20194869.0,2026-10-31,2026-04-01
2026-05-31,13000000.0,15000000000.0,11300000.0,16216630000.0,168300.0,362844200.0,clean,S100Y9ZS,clean,日本化薬株式会社,1,board,168300.0,362844200.0,2.42,2026-05-12,4272,148700000.0,2026-06-10,365605.0,2027-03-31,2026-05-13
2026-05-31,2000000.0,3000000000.0,,,1248300.0,2276618900.0,clean,S100Y9ZX,clean,東亞合成株式会社,1,board,98300.0,171543900.0,75.89,2026-02-12,4045,108000000.0,2026-06-10,1323283.0,2026-12-31,2026-02-13
2026-05-31,,,,,50000.0,98609400.0,no_rows,S100Y9V9,clean,フィデアホールディングス株式会社,1,board,50000.0,98609400.0,44.82,2026-05-15,8713,18142122.0,2026-06-10,132678.0,2026-06-19,2026-05-18
2026-05-31,300000.0,600000000.0,,,35300.0,59208500.0,no_rows,S100Y9ME,clean,株式会社シイエム・シイ,1,board,,,9.9,2025-11-11,2185,14364000.0,2026-06-10,1442462.0,2026-09-30,2025-11-12
2026-05-31,400000.0,500000000.0,,,58600.0,80010000.0,no_rows,S100Y9RR,clean,燦ホールディングス株式会社,1,board,58600.0,80010000.0,16.0,2026-05-15,9628,24200000.0,2026-06-10,256252.0,2026-10-31,2026-05-18
2026-05-31,430000.0,520000000.0,,,310500.0,361217000.0,no_rows,S100YA07,clean,クリエートメディック株式会社,1,board,58400.0,66504500.0,69.4,2026-03-27,5187,9664327.0,2026-06-10,1589720.0,2026-10-31,2026-03-30
2026-05-31,1400000.0,2100000000.0,,,1243400.0,1727547500.0,no_rows,S100Y9GN,clean,ＮＣＳ＆Ａ株式会社,1,board,96700.0,137296600.0,82.26,2025-08-19,9709,18000000.0,2026-06-10,3042383.0,2026-07-31,2025-08-20
2026-05-31,1000000.0,15000000000.0,,,308900.0,5328558000.0,clean,S100Y9ZH,clean,ヒロセ電機株式会社,1,board,,,35.52,2025-12-25,6806,35693969.0,2026-06-10,2972529.0,2026-07-31,2026-01-05
2026-05-31,1000000.0,7000000000.0,,,648000.0,5327048000.0,no_rows,S100YA08,clean,倉敷紡績株式会社,1,board,52600.0,539176000.0,76.1,2025-11-11,3106,17000000.0,2026-06-10,935319.0,2026-09-30,2025-11-12
2026-05-31,900000.0,3000000000.0,,,592600.0,2475077456.0,no_rows,S100Y9HC,clean,株式会社カナモト,1,board,74500.0,356879488.0,82.5,2025-12-05,9678,38742241.0,2026-06-10,4481264.0,2026-06-30,2025-12-08
2026-05-31,700000.0,1000000000.0,,,425600.0,999870700.0,no_rows,S100Y9MY,clean,株式会社　西部技研,1,board,,,99.9,2026-02-13,6223,20500000.0,2026-06-10,1066100.0,2026-06-23,2026-02-16
2026-05-31,4400000.0,5000000000.0,,,3312300.0,4461435800.0,no_rows,S100YA12,clean,ショーボンドホールディングス株式会社,1,board,419400.0,539754200.0,89.23,2025-08-12,1414,218980720.0,2026-06-10,18019080.0,2026-06-30,2025-08-13
2026-05-31,1500000.0,2500000000.0,,,493000.0,889987400.0,no_rows,S100Y8LQ,clean,大崎電気工業株式会社,1,board,202000.0,365140900.0,35.6,2026-02-19,6644,46917180.0,2026-06-10,2813266.0,2026-09-30,2026-02-20
,25000000.0,30000000000.0,,,1256700.0,1949427700.0,no_rows,S100Y7RB,clean,京浜急行電鉄株式会社,2,board,1256700.0,1949427700.0,6.5,2026-05-11,9006,275760547.0,2026-06-10,7900098.0,2027-03-31,2026-05-12
2026-05-31,1100000.0,1000000000.0,,,129100.0,131876200.0,no_rows,S100YA1A,clean,アルインコ株式会社,1,board,129100.0,131876200.0,13.2,2026-05-01,5933,21039326.0,2026-06-10,1195172.0,2027-04-27,2026-05-07
2026-05-31,3000000.0,1500000000.0,,,966700.0,784160300.0,no_rows,S100Y9LP,clean,株式会社ワコム,1,board,966700.0,784160300.0,52.3,2026-05-12,6727,135000000.0,2026-06-10,1290469.0,2026-06-30,2026-05-13
2026-05-31,9000000.0,27000000000.0,,,1357400.0,5914755200.0,no_rows,S100YA2N,unverified,株式会社京都フィナンシャルグループ,1,board,431400.0,1914808800.0,,2026-05-14,5844,301362752.0,2026-06-10,18660676.0,2027-01-31,2025-11-17
2026-05-31,25000000.0,50000000000.0,,,,,no_rows,S100YA2O,unverified,株式会社アマダ,1,board,,,,2026-05-14,6113,317451417.0,2026-06-10,6760749.0,2027-03-31,2026-06-01
2026-05-31,700000.0,2000000000.0,,,0.0,0.0,no_rows,S100YA2I,clean,日本セラミック株式会社,1,board,,,0.0,2026-05-08,6929,27231257.0,2026-06-10,6526749.0,2026-07-31,2026-05-11
2026-05-31,4600000.0,12000000000.0,,,,,no_rows,S100YA2V,unverified,タカラスタンダード株式会社,1,board,,,,2026-04-30,7981,63361494.0,2026-06-10,130364.0,2027-02-19,2026-05-01
2026-05-31,6307800.0,15000000000.0,,,6307800.0,14999948400.0,no_rows,S100YA1N,clean,アルフレッサホールディングス株式会社,1,board,6307800.0,14999948400.0,100.0,2026-05-15,2784,191300000.0,2026-06-10,15405703.0,2026-05-18,2026-05-18
2026-05-31,900000.0,2000000000.0,,,,,no_rows,S100YA33,unverified,理研ビタミン株式会社,1,board,,,,2026-05-13,4526,30705100.0,2026-06-10,1329301.0,2026-09-30,2026-06-01
2026-05-31,30000.0,220000000.0,,,,,no_rows,S100YA3B,unverified,北海道中央バス株式会社,1,board,,,,2026-04-30,9085,3146000.0,2026-06-10,231500.0,2026-11-13,2026-05-01
2026-05-31,250000.0,100000000.0,,,124400.0,52531500.0,no_rows,S100Y9W1,clean,株式会社光陽社,1,board,27900.0,10536700.0,52.53,2025-12-19,7946,4250500.0,2026-06-10,1804560.0,2026-12-21,2025-12-22
2026-05-31,1250000.0,1000000000.0,,,89600.0,75088600.0,no_rows,S100Y9IV,clean,朝日放送グループホールディングス株式会社,1,board,89600.0,75088600.0,7.51,2026-05-21,9405,41833000.0,2026-06-10,132945.0,2027-03-31,2026-05-22
2026-05-31,250000.0,100000000.0,,,178200.0,99959200.0,no_rows,S100Y91Q,clean,株式会社ピアズ,1,board,,,100.0,2026-03-19,7066,10185600.0,2026-06-10,1181157.0,2026-09-30,2026-03-23
2026-05-31,3500000.0,5008500000.0,,,3469400.0,4964711400.0,no_rows,S100YA4M,clean,ＮＳグループ株式会社,1,board,3469400.0,4964711400.0,99.13,2026-05-28,471A,52155600.0,2026-06-10,3469400.0,2026-05-29,2026-05-29
2026-05-31,8000000.0,10000000000.0,,,0.0,0.0,no_rows,S100Y9JC,clean,日本パーカライジング株式会社,1,board,0.0,0.0,0.0,2026-05-14,4095,132604524.0,2026-06-10,21161323.0,2026-05-31,2026-05-15
2026-05-31,,,,,1167200.0,19497700500.0,clean,S100YA4K,clean,株式会社シマノ,1,board,107800.0,1801401500.0,39.0,2026-02-10,7309,86530000.0,2026-06-10,1228201.0,2027-01-31,2026-02-12
2026-05-31,120000.0,500000000.0,83600.0,391666000.0,83600.0,499707996.0,clean,S100YA5U,clean,株式会社戸上電機製作所,1,board,,,99.9,2025-07-31,6643,4711858.0,2026-06-10,75342.0,2026-07-31,2025-08-07
2026-05-31,750000.0,700000000.0,,,750000.0,377788200.0,no_rows,S100YA6B,clean,株式会社ライズ・コンサルティング・グループ,1,board,,,54.0,2026-01-13,9168,24980340.0,2026-06-10,1031900.0,2026-05-31,2026-01-14
2026-05-31,4000000.0,10000000000.0,,,168700.0,577333500.0,clean,S100Y9WU,clean,雪印メグミルク株式会社,1,board,168700.0,577333500.0,5.77,2026-05-14,2270,63835455.0,2026-06-10,3213134.0,2027-03-12,2026-05-15
2026-05-31,2300000.0,7000000000.0,,,1644400.0,6540052500.0,no_rows,S100YA6X,clean,ライト工業株式会社,1,board,242700.0,940700000.0,93.4,2026-02-05,1926,42970450.0,2026-06-10,1672617.0,2026-12-31,2026-02-06
2026-05-31,1200000.0,1000000000.0,,,341200.0,315887300.0,no_rows,S100Y9ZA,clean,大同メタル工業株式会社,1,board,223300.0,210899100.0,31.59,2026-03-10,7245,47520253.0,2026-06-10,343752.0,2026-08-31,2026-04-20
2026-05-31,550000.0,1000000000.0,,,61800.0,145601900.0,no_rows,S100Y9IQ,clean,株式会社ノーリツ,1,board,16900.0,40117700.0,14.6,2026-02-10,5943,48554930.0,2026-06-10,2695433.0,2026-12-31,2026-02-12
2026-05-31,1380000.0,2000000000.0,,,1108400.0,1999923987.0,no_rows,S100Y9ZF,clean,株式会社技研製作所,1,board,,,100.0,2025-10-10,6289,27074728.0,2026-06-10,1708686.0,2026-05-31,2025-10-14
2026-05-31,500000.0,693000000.0,404100.0,560082600.0,404100.0,560082600.0,clean,S100Y8WA,clean,株式会社協和日成,1,board,404100.0,560082600.0,80.8,2026-05-14,1981,10085374.0,2026-06-10,256826.0,2026-05-15,2026-05-15
2026-05-31,,,25000000.0,55215500000.0,,,clean,S100YA7D,partial,積水化学工業株式会社,1,board,,,,2026-04-28,4204,405507285.0,2026-06-10,414845.0,2027-03-31,2026-04-30
2026-05-31,7500000.0,13000000000.0,,,7500000.0,11865000000.0,no_rows,S100Y9OZ,clean,東宝株式会社,1,board,,,91.3,2026-04-14,9602,850000000.0,2026-06-10,18148738.0,2026-05-22,2026-04-15
2026-05-31,6600000.0,30000000000.0,,,1950800.0,10434421898.0,no_rows,S100YA4P,clean,株式会社ベイカレント,1,board,877300.0,4551219498.0,34.78,2026-03-18,6532,155411410.0,2026-06-10,5520146.0,2026-07-31,2026-04-15
2026-05-31,64000000.0,350000000000.0,,,7063300.0,52398221900.0,clean,S100Y9GX,clean,株式会社リクルートホールディングス,1,board,1532500.0,12211373400.0,14.97,2026-03-31,6098,1472504149.0,2026-06-10,35531585.0,2026-11-30,2026-04-01
2026-05-31,500000.0,1000000000.0,100000.0,166135162.0,308400.0,490338400.0,clean,S100YA89,clean,株式会社ユーザーローカル,1,board,90800.0,156200700.0,49.0,2026-02-13,3984,16161800.0,2026-06-10,439839.0,2026-08-05,2026-02-16
2026-05-31,2500000.0,1740000000.0,,,476500.0,395323600.0,no_block,S100YA82,clean,株式会社エアトリ,1,board,476500.0,395323600.0,22.72,2026-05-15,6191,22772065.0,2026-06-10,476809.0,2026-09-30,2026-05-18
2026-05-31,3000000.0,3000000000.0,,,1557200.0,2480327300.0,no_rows,S100YA5M,clean,カバー株式会社,1,board,1557200.0,2480327300.0,82.68,2026-05-14,5253,65650100.0,2026-06-10,1557284.0,2026-07-08,2026-05-15
,200000.0,120000000.0,,,136200.0,69937000.0,no_rows,S100Y9S3,clean,株式会社トーア紡コーポレーション,2,board,66300.0,34077100.0,58.3,2026-03-27,3204,8940448.0,2026-06-10,150544.0,2026-06-30,2026-04-01
2026-05-31,,,,,187400.0,104816000.0,no_rows,S100YA6D,clean,リスクモンスター株式会社,1,board,18300.0,10302100.0,69.88,2025-11-07,3768,7636922.0,2026-06-10,210668.0,2026-06-30,2025-11-11
2026-05-31,227000.0,205435000.0,,,227000.0,205435000.0,no_rows,S100YA9D,clean,株式会社高見沢サイバネティックス,1,board,227000.0,205435000.0,100.0,2026-05-14,6424,4525000.0,2026-06-10,353432.0,2026-05-15,2026-05-15
2026-05-31,,,,,,,clean,S100Y9SY,partial,株式会社タクマ,1,board,199400.0,649650995.0,16.24,2026-05-14,6013,75689100.0,2026-06-10,2852789.0,2026-09-07,2026-05-15
2026-05-31,30000.0,52500000.0,,,7400.0,7443800.0,clean,S100YA4S,clean,株式会社プロジェクトホールディングス,1,board,7400.0,7443800.0,14.18,2026-05-15,9246,5487450.0,2026-06-10,155784.0,2026-08-12,2026-05-18
2026-05-31,1450000.0,1000000000.0,,,1433200.0,999996300.0,no_rows,S100YAA3,clean,株式会社エムアップホールディングス,1,board,174600.0,128017800.0,100.0,2026-02-20,3661,72992776.0,2026-06-10,4215304.0,2026-07-31,2026-02-24
2026-05-31,4000000.0,7100000000.0,,,,,no_rows,S100Y9VY,unverified,マックス株式会社,1,board,,,,2026-04-30,6454,186149704.0,2026-06-10,6334980.0,2026-12-31,2026-05-01
2026-05-31,7500000.0,150000000000.0,,,,,clean,S100Y8XM,unverified,東京エレクトロン株式会社,1,board,,,,2026-05-29,8035,468032733.0,2026-06-10,11868971.0,2027-03-31,2026-06-01
2026-05-31,18400000.0,30000000000.0,,,15000400.0,29999877785.0,no_rows,S100YAAL,clean,三井化学株式会社,1,board,,,100.0,2026-02-05,4183,401687630.0,2026-06-10,40188897.0,2026-07-31,2026-02-06
2026-05-31,10000000.0,15000000000.0,,,5161700.0,11332373150.0,no_rows,S100YA04,clean,株式会社千葉銀行,1,board,2052900.0,4635948950.0,75.54,2026-03-25,8331,775521087.0,2026-06-10,82838528.0,2026-06-30,2026-04-01
2026-05-31,7500000.0,15000000000.0,,,4788300.0,12999834200.0,no_rows,S100YAAY,clean,株式会社ヤクルト本社,1,board,2670700.0,7402658100.0,86.67,2026-02-10,2267,308285236.0,2026-06-10,19609208.0,2026-06-18,2026-02-12
2026-05-31,3300000.0,3000000000.0,,,2119100.0,2999910900.0,no_rows,S100YABK,clean,株式会社ＴＳＩホールディングス,1,board,,,100.0,2026-04-10,3608,63438793.0,2026-06-10,6468396.0,2026-10-30,2026-04-13
2026-05-30,800000.0,2000000000.0,,,0.0,0.0,no_rows,S100YAC1,clean,株式会社ｍｅｉｔｏ,1,board,,,0.0,2025-10-14,2207,16651708.0,2026-06-10,349193.0,2026-10-29,2025-10-30
2026-05-31,150000.0,300000000.0,,,22300.0,32293100.0,no_rows,S100Y9S2,clean,ブティックス株式会社,1,board,22300.0,32293100.0,10.76,2026-02-12,9272,10160400.0,2026-06-10,290650.0,2026-12-31,2026-02-13
2026-05-31,80000000.0,150000000000.0,,,,,no_rows,S100YADQ,clean,株式会社ＳＵＢＡＲＵ,1,board,,,0.0,2026-05-15,7270,717335273.0,2026-06-10,1507201.0,2027-03-16,2026-05-18
2026-05-31,330000.0,1463550000.0,,,322500.0,1430287500.0,no_block,S100YAH2,clean,日本甜菜製糖株式会社,1,board,322500.0,1430287500.0,97.73,2026-05-13,2108,12487589.0,2026-06-11,721961.0,2026-05-14,2026-05-14
2026-05-31,2644800.0,9999988800.0,,,2644800.0,9999988800.0,no_block,S100YAH8,clean,太平洋セメント株式会社,1,board,2644800.0,9999988800.0,100.0,2026-05-12,5233,111841816.0,2026-06-11,8994562.0,2026-05-13,2026-05-13
2026-05-31,1500000.0,3000000000.0,,,0.0,0.0,no_rows,S100Y9XG,clean,ロート製薬株式会社,1,board,,,0.0,2026-03-26,4527,236178310.0,2026-06-11,10214018.0,2026-12-31,2026-03-27
2026-05-31,1650000.0,1600000000.0,,,1150300.0,1599873490.0,no_rows,S100YAHK,clean,株式会社アバントグループ,1,board,,,100.0,2026-02-25,3836,36009551.0,2026-06-11,912600.0,2026-05-29,2026-02-26
2026-05-31,,,,,1421400.0,2000818739.0,no_rows,S100YAFX,clean,レンゴー株式会社,1,board,1421400.0,2000818739.0,8.0,2026-05-14,3941,271056029.0,2026-06-11,24330188.0,2027-01-29,2026-05-15
2026-05-31,14516700.0,349997637000.0,,,14516700.0,349997637000.0,clean,S100Y9W0,clean,ダイキン工業株式会社,1,board,14516700.0,349997637000.0,,2026-05-12,6367,293113973.0,2026-06-11,14777853.0,2026-05-13,
2026-05-31,6500000.0,36000000000.0,4500000.0,20548878004.0,,,clean,S100YA65,unverified,株式会社ＴＢＳホールディングス,1,board,,,,2026-05-14,9401,161091065.0,2026-06-11,528762.0,2027-02-26,2026-05-15
2026-05-31,45000000.0,100000000000.0,,,,,clean,S100YAIW,clean,株式会社三菱ＵＦＪフィナンシャル・グループ,1,board,10720000.0,32828681427.0,32.8,2026-05-15,8306,11867710920.0,2026-06-11,567670280.0,2026-06-30,2026-05-18
2026-05-31,40000000.0,20000000000.0,,,,,no_rows,S100Y9YC,unverified,株式会社日本取引所グループ,1,board,,,,2026-04-28,8697,1031785336.0,2026-06-11,,2026-10-26,2026-06-01
2026-05-31,1897000.0,2000000000.0,,,159800.0,204999100.0,no_rows,S100YA5Q,clean,高周波熱錬株式会社,1,board,159800.0,204999100.0,10.25,2026-05-13,5976,32805400.0,2026-06-11,360480.0,2027-03-31,2026-05-14
2026-05-31,130000000.0,200000000000.0,,,,,no_rows,S100YA9C,unverified,東京海上ホールディングス株式会社,1,board,,,,2026-03-23,8766,1934000000.0,2026-06-11,20738180.0,2026-09-18,2026-04-01
2026-05-31,5000000.0,12000000000.0,,,3900700.0,11999823078.0,no_rows,S100YAHF,clean,月島ホールディングス株式会社,1,board,,,100.0,2025-05-09,6332,40125800.0,2026-06-11,566810.0,2026-08-10,2025-08-12
2026-05-31,1155000.0,2951025000.0,,,1050000.0,2682750000.0,no_rows,S100Y9R0,clean,東プレ株式会社,1,board,1050000.0,2682750000.0,90.91,2026-05-14,5975,54021824.0,2026-06-11,5480270.0,2026-05-15,2026-05-15
2026-05-31,,,,,,,no_rows,S100Y7EG,partial,ＡＬＳＯＫ株式会社,1,board,,,,2026-05-13,2331,510200210.0,2026-06-11,24129517.0,2026-09-30,2026-05-14
2026-05-31,500000.0,584000000.0,,,500000.0,584000000.0,no_rows,S100YAMF,clean,中部日本放送株式会社,1,board,500000.0,584000000.0,100.0,2026-05-15,9402,26400000.0,2026-06-11,571797.0,2026-05-18,
2026-05-31,12000000.0,26000000000.0,6400000.0,18964080154.0,968200.0,3291768800.0,clean,S100YAMQ,clean,ハウス食品グループ本社株式会社,1,board,968200.0,3291768800.0,12.6,2026-05-11,2810,92098416.0,2026-06-11,1854967.0,2027-04-23,2026-05-12
2026-05-31,500000.0,2000000000.0,,,50300.0,148121800.0,no_rows,S100YAI5,clean,第一実業株式会社,1,board,50300.0,148121800.0,7.41,2026-05-12,8059,32759200.0,2026-06-11,879070.0,2026-09-30,2026-05-13
2026-05-31,12000000.0,18000000000.0,,,10332900.0,17999911800.0,no_rows,S100YAN6,clean,株式会社ユー・エス・エス,1,board,10332900.0,17999911800.0,99.99,2026-05-12,4732,474000000.0,2026-06-11,19959502.0,2026-05-13,2026-05-13
2026-05-31,650000.0,1000000000.0,,,564900.0,999904800.0,no_rows,S100YAIE,clean,ＴＲＥホールディングス株式会社,1,board,,,99.99,2026-02-13,9247,52610712.0,2026-06-11,4840377.0,2026-05-31,2026-02-16
2026-05-31,1500000.0,568500000.0,,,1435000.0,543865000.0,no_rows,S100Y9H4,clean,株式会社大水,1,board,1435000.0,543865000.0,95.6,2026-05-21,7538,13774819.0,2026-06-11,1587572.0,2026-05-22,2026-05-22
2026-05-31,600000.0,1000000000.0,,,45100.0,83146700.0,no_rows,S100YAPD,clean,極東貿易株式会社,1,board,45100.0,83146700.0,8.31,2026-05-14,8093,12152736.0,2026-06-11,162923.0,2027-02-28,2026-05-15
2026-05-31,25000000.0,100000000000.0,,,2085100.0,14800736200.0,clean,S100YAQH,clean,株式会社みずほフィナンシャルグループ,1,board,2085100.0,14800736200.0,14.8,2026-05-15,8411,2442831994.0,2026-06-11,3022793.0,2026-08-31,2026-05-18
2026-05-31,1500000.0,1500000000.0,,,,,no_rows,S100YAQN,clean,スターゼン株式会社,1,board,,,0.0,2026-05-26,8043,58567656.0,2026-06-11,1425095.0,2026-12-31,2026-07-01
2026-05-31,,,,,1012000.0,9990464000.0,no_rows,S100YAQU,clean,ＤＯＷＡホールディングス株式会社,1,board,,,99.9,2026-02-10,5714,61989206.0,2026-06-11,2840909.0,2026-05-29,2026-02-12
2026-05-31,1200000.0,800000000.0,,,431900.0,333839900.0,no_rows,S100YAR1,clean,株式会社共和電業,1,board,80600.0,67157600.0,41.73,2025-12-22,6853,25961100.0,2026-06-11,889763.0,2026-12-18,2026-01-05
2026-05-31,100000.0,500000000.0,,,60800.0,444429000.0,clean,S100YARM,clean,シナネンホールディングス株式会社,1,board,20100.0,155554000.0,88.9,2026-02-10,8132,11046591.0,2026-06-11,227727.0,2026-07-31,2026-02-12
2026-05-31,500000.0,500000000.0,,,49100.0,41020100.0,no_rows,S100YARP,clean,株式会社シーティーエス,1,board,49100.0,41020100.0,8.2,2026-04-28,4345,42000000.0,2026-06-11,784021.0,2026-12-25,2026-05-01
2026-05-31,1700000.0,1500000000.0,,,1363800.0,1323986400.0,no_rows,S100YASH,clean,岡部株式会社,1,board,389400.0,354495800.0,88.26,2026-02-13,5959,47290632.0,2026-06-11,2729588.0,2026-07-24,2026-02-16
2026-05-31,20000000.0,50000000000.0,,,5839900.0,18499675500.0,no_rows,S100Y9N5,clean,日東電工株式会社,1,board,2466000.0,7499720700.0,37.0,2026-03-30,6988,678659700.0,2026-06-11,10839850.0,2026-08-31,2026-04-08
,225000.0,50000000.0,,,61800.0,10273800.0,no_rows,S100YAS7,clean,カワセコンピュータサプライ株式会社,2,board,61800.0,10273800.0,20.55,2026-05-14,7851,5160000.0,2026-06-11,531012.0,2026-06-30,2026-05-15
2026-05-31,1400000.0,1000000000.0,,,918100.0,999988544.0,no_rows,S100Y9ZM,clean,ワイエイシイホールディングス株式会社,1,board,63300.0,80969891.0,100.0,2025-11-13,6298,19517894.0,2026-06-11,1967808.0,2026-05-29,2025-11-14
2026-05-31,1000000.0,1500000000.0,1242000.0,1626584253.0,1000000.0,1344434100.0,clean,S100YAFD,clean,ダイト株式会社,1,board,,,89.6,2025-10-10,4577,28854880.0,2026-06-11,16718.0,2026-05-22,2025-10-15
2026-05-31,29400000.0,10000000000.0,,,21600200.0,9693068600.0,clean,S100YATT,clean,いちご株式会社,1,board,1976700.0,968068800.0,96.93,2025-11-06,2337,416596792.0,2026-06-11,23938626.0,2026-10-31,2025-11-07
2026-05-31,7000000.0,50000000000.0,,,2061400.0,22165018577.0,no_rows,S100YATQ,clean,大塚ホールディングス株式会社,1,board,464800.0,5238691990.0,44.3,2026-02-13,4578,542988917.0,2026-06-11,16858754.0,2026-12-23,2026-02-16
2026-05-31,7500000.0,30000000000.0,,,1891400.0,8949588100.0,no_rows,S100YAUV,clean,阪急阪神ホールディングス株式会社,1,board,1891400.0,8949588100.0,29.83,2026-05-15,9042,251498234.0,2026-06-11,14060375.0,2026-10-29,2026-05-18
2026-05-31,4000000.0,20000000000.0,,,2065800.0,19999326100.0,no_rows,S100YAV5,clean,住友金属鉱山株式会社,1,board,2065800.0,19999326100.0,100.0,2026-05-11,5713,290814015.0,2026-06-11,22155326.0,2026-07-31,2026-05-12
2026-05-31,,,,,184100.0,1103562994.0,no_rows,S100YAWU,clean,株式会社エクセディ,1,board,184100.0,1103562994.0,13.79,2026-04-27,7278,48593736.0,2026-06-12,12241068.0,2026-12-31,2026-05-01
2026-05-31,3500000.0,10000000000.0,,,1644600.0,6708910000.0,no_rows,S100YAZF,clean,オークマ株式会社,1,board,176500.0,778688000.0,67.09,2025-12-09,6103,67510308.0,2026-06-12,8642365.0,2026-08-31,2026-01-19
2026-05-31,700000.0,1100000000.0,,,299500.0,441443500.0,no_rows,S100YAH9,clean,株式会社南陽,1,board,42700.0,63359500.0,40.1,2025-11-10,7417,13230140.0,2026-06-12,1082394.0,2026-11-10,2025-11-11
2026-05-31,200000.0,500000000.0,,,110800.0,242324700.0,no_rows,S100YAIP,clean,ヨシコン株式会社,1,board,110800.0,242324700.0,48.5,2026-04-30,5280,8030248.0,2026-06-12,1147242.0,2027-03-31,2026-05-01
2026-05-31,1500000.0,4000000000.0,,,0.0,0.0,no_rows,S100YAZR,clean,ＥＩＺＯ株式会社,1,board,,,0.0,2026-05-12,6737,42330820.0,2026-06-12,2796975.0,2027-04-30,2026-05-25
2026-05-31,220000.0,300000000.0,,,123600.0,197993600.0,no_rows,S100YAZS,clean,Ｓｏｌｖｖｙ株式会社,1,board,67700.0,110133300.0,66.0,2026-02-13,7320,11997254.0,2026-06-12,844880.0,2026-05-31,2026-02-16
2026-05-31,14000000.0,50000000000.0,,,3493700.0,19585723700.0,no_rows,S100YB08,clean,三井住友トラストグループ株式会社,1,board,3493700.0,19585723700.0,39.17,2026-05-14,8309,698812980.0,2026-06-12,4067634.0,2026-09-30,2026-05-15
2026-05-31,33500100.0,223680167700.0,,,,,no_rows,S100YB0B,unverified,株式会社きんでん,1,board,,,,2026-04-27,1944,199954180.0,2026-06-12,1970208.0,2026-06-30,2026-04-28
2026-05-31,12000000.0,50000000000.0,,,1433800.0,9440120800.0,no_rows,S100YB09,clean,東京瓦斯株式会社,1,board,1433800.0,9440120800.0,18.88,2026-04-28,9531,334959259.0,2026-06-12,2692752.0,2026-09-30,2026-05-07
2026-05-31,250000.0,200000000.0,,,40700.0,49992600.0,no_rows,S100Y53O,clean,株式会社オオバ,1,board,20300.0,24665500.0,25.0,2026-04-09,9765,16500000.0,2026-06-12,677842.0,2027-03-31,2026-04-10
2026-05-31,54000000.0,200000000000.0,,,24390200.0,106953809500.0,clean,S100YB0I,clean,キヤノン株式会社,1,board,9235700.0,38421637900.0,53.48,2026-01-29,7751,1333763464.0,2026-06-12,479496037.0,2027-01-29,2026-01-30
2026-05-31,700000.0,1000000000.0,,,179000.0,324906600.0,no_rows,S100YB0S,clean,プレミアグループ株式会社,1,board,4900.0,9263400.0,32.49,2026-02-10,7199,40710663.0,2026-06-12,1839434.0,2026-12-30,2026-02-12
2026-05-31,1700000.0,5000000000.0,,,72100.0,259476000.0,no_rows,S100YB0Q,clean,沖縄セルラー電話株式会社,1,board,72100.0,259476000.0,5.19,2026-05-08,9436,92303304.0,2026-06-12,249893.0,2026-04-16,2026-05-22
2026-05-31,200000.0,400000000.0,,,14400.0,24970400.0,no_rows,S100YA79,clean,株式会社Ｍｉｓｕｍｉ,1,board,1600.0,2828200.0,6.2,2025-09-26,7441,6100503.0,2026-06-12,422169.0,2026-09-30,2025-10-01
2026-05-31,,,,,1526100.0,9659037281.0,no_rows,S100Y9ES,clean,セコム株式会社,1,board,1526100.0,9659037281.0,9.66,2026-05-12,9735,466599796.0,2026-06-12,63437717.0,2027-02-25,2026-05-13
2026-05-31,2750000.0,11000000000.0,,,251600.0,1369104600.0,clean,S100YB0O,clean,コムシスホールディングス株式会社,1,board,251600.0,1369104600.0,12.44,2026-05-12,1721,118000000.0,2026-06-12,2198590.0,2027-03-31,2026-05-13
2026-05-31,800000.0,500000000.0,,,385000.0,422199600.0,no_rows,S100YB0T,clean,タイガースポリマー株式会社,1,board,95200.0,93351400.0,84.44,2026-02-09,4231,20111598.0,2026-06-12,591894.0,2027-02-09,2026-02-10
2026-05-31,280000.0,672000000.0,,,272500.0,671913900.0,no_rows,S100YB14,clean,株式会社ステップ,1,board,,,99.99,2025-09-25,9795,16670000.0,2026-06-12,1175772.0,2026-09-30,2025-10-01
2026-05-31,,,,,767300.0,6999198988.0,clean,S100YAJY,clean,サン電子株式会社,1,board,,,100.0,2025-08-08,6736,24007728.0,2026-06-12,2489636.0,2026-08-10,2025-08-12
2026-05-31,12000000.0,20000000000.0,,,7684100.0,19999862500.0,clean,S100YB1A,clean,セガサミーホールディングス株式会社,1,board,,,100.0,2026-02-13,6460,213545376.0,2026-06-12,10802862.0,2026-07-31,2026-02-16
2026-05-31,4000000.0,5000000000.0,,,545900.0,980143800.0,no_rows,S100YA36,clean,阪和興業株式会社,1,board,545900.0,980143800.0,19.6,2025-11-07,8078,211663200.0,2026-06-12,17576420.0,2026-09-30,2025-11-10
2026-05-31,530000.0,2000000000.0,,,35300.0,124315000.0,no_rows,S100YB1K,clean,持田製薬株式会社,1,board,35300.0,124315000.0,6.2,2026-03-30,4534,36390000.0,2026-06-12,969663.0,2026-12-18,2026-05-18
2026-05-31,6000000.0,10000000000.0,,,,,no_rows,S100YANS,clean,カシオ計算機株式会社,1,board,1346400.0,2241076350.0,22.41,2026-05-14,6952,234461814.0,2026-06-12,10966775.0,2026-07-30,2026-05-15
2026-05-31,2500000.0,3000000000.0,,,505600.0,502829100.0,no_rows,S100YB24,clean,株式会社アドバンスト・メディア,1,board,505600.0,502829100.0,16.76,2026-03-27,3773,18392724.0,2026-06-12,3237933.0,2027-03-27,2026-03-28
2026-05-31,127500.0,300000000.0,,,74900.0,178948300.0,no_rows,S100YB2X,clean,株式会社丸山製作所,1,board,8400.0,20730000.0,59.6,2026-02-09,6316,5029332.0,2026-06-12,1152830.0,2026-10-09,2026-02-10
2026-05-31,2000000.0,5500000000.0,1309700.0,2308647481.0,2000000.0,5012306500.0,clean,S100YB38,clean,株式会社　富山第一銀行,1,board,2000000.0,5012306500.0,91.13,2026-05-12,7184,63000000.0,2026-06-12,2149545.0,2026-05-29,2026-05-13
2026-05-31,500000.0,227500000.0,,,490000.0,222950000.0,no_rows,S100Y96I,clean,中山福株式会社,1,board,490000.0,222950000.0,98.0,2026-05-08,7442,20214480.0,2026-06-12,963629.0,2026-05-11,2026-05-11
2026-05-31,,,,,4927600.0,5479576600.0,no_rows,S100YAKQ,clean,日本紙パルプ商事株式会社,1,board,1476200.0,1721981200.0,99.63,2026-02-09,8032,120215510.0,2026-06-12,7986870.0,2026-08-07,2026-02-10
2026-05-31,18000000.0,30000000000.0,,,2265500.0,6974284100.0,no_rows,S100YAY8,clean,株式会社三越伊勢丹ホールディングス,1,board,775600.0,2502125250.0,23.2,2026-02-06,3099,367449054.0,2026-06-12,17151173.0,2027-02-08,2026-02-09
2026-05-31,300000.0,1500000000.0,,,,,no_rows,S100Y9KV,unverified,株式会社ツガミ,1,board,,,,2025-11-13,6101,48000000.0,2026-06-12,1498674.0,2026-05-12,2025-11-13
2026-05-31,34000.0,510000000.0,,,,,no_rows,S100YB4O,unverified,イワブチ株式会社,1,board,,,,2026-05-15,5983,1100000.0,2026-06-12,58433.0,2026-12-31,2026-07-01
2026-05-31,3600000.0,5000000000.0,,,1395400.0,2622244750.0,no_rows,S100YB50,clean,五洋建設株式会社,1,board,1395400.0,2622244750.0,52.44,2026-05-08,1893,286013910.0,2026-06-12,13454014.0,2026-07-31,2026-05-11
2026-05-31,,,,,120000.0,154560000.0,no_rows,S100YB5E,clean,株式会社シーボン,1,board,0.0,0.0,77.2,2026-02-05,4926,4281200.0,2026-06-12,120690.0,2026-05-29,2026-02-05
2026-05-31,60000.0,150000000.0,,,50300.0,85665800.0,no_rows,S100YB60,clean,株式会社イメージ・マジック,1,board,7800.0,12363600.0,57.1,2026-02-13,7793,2572235.0,2026-06-12,110356.0,2026-07-31,2026-02-16
2026-05-31,100000.0,200000000.0,,,45800.0,153464500.0,no_rows,S100YB66,clean,グローバルセキュリティエキスパート株式会社,1,board,45800.0,153464500.0,76.7,2026-05-22,4417,15309600.0,2026-06-12,303412.0,2026-06-30,2026-05-25
2026-05-31,3000000.0,27500000000.0,,,,,no_rows,S100YAZO,unverified,東洋水産株式会社,1,board,,,,2025-05-12,2875,110881044.0,2026-06-12,13489689.0,2026-05-12,2025-05-13
2026-05-31,4200000.0,9802800000.0,,,4190200.0,9779926800.0,clean,S100YB0C,clean,三菱鉛筆株式会社,1,board,4190200.0,9779926800.0,99.76,2026-04-30,7976,60042592.0,2026-06-12,7437357.0,2026-05-01,2026-05-01
2026-05-31,5000000.0,20000000000.0,,,,,no_rows,S100YAJF,unverified,山九株式会社,1,board,,,,2026-05-14,9065,52901749.0,2026-06-12,2774023.0,2027-02-26,2026-05-15
2026-05-31,,,,,,,no_rows,S100YB6Z,partial,豊田通商株式会社,1,board,,,,2026-04-30,8015,1062169548.0,2026-06-12,6393479.0,2026-06-30,2026-05-01
2026-05-31,1600000.0,2800000000.0,,,,,no_rows,S100YB76,unverified,澁澤倉庫株式会社,1,board,,,,2026-05-22,9304,60870988.0,2026-06-12,3015901.0,2026-10-30,2026-06-01
2026-05-31,,,,,1192330962.0,3656879060454.0,no_rows,S100YB7M,clean,トヨタ自動車株式会社,1,board,1192330962.0,3656879060454.0,84.24,2025-06-03,7203,15794987460.0,2026-06-12,3953387480.0,2026-06-30,2026-03-31
2026-05-31,,,,,,,no_rows,S100YAYE,partial,株式会社デンソー,1,board,,,,2026-04-28,6902,2910979691.0,2026-06-12,218936607.0,2026-06-01,2026-04-30
2026-05-31,40000.0,100000000.0,,,40000.0,61324200.0,no_rows,S100YB88,clean,株式会社オプロ,1,board,6000.0,9133100.0,61.32,2026-03-16,228A,2340050.0,2026-06-12,40000.0,2026-07-31,2026-03-17
2026-05-31,150000.0,100000000.0,,,33100.0,24198900.0,no_rows,S100YB8J,clean,Ｃｏｃｏｌｉｖｅ株式会社,1,board,13800.0,9914300.0,24.2,2026-04-10,137A,3046840.0,2026-06-12,33100.0,2027-01-31,2026-04-13
2026-05-31,1000000.0,500000000.0,,,975000.0,494235200.0,no_rows,S100Y7QZ,clean,株式会社ＣＩＪ,1,board,270000.0,132036600.0,98.8,2026-02-09,4826,64798288.0,2026-06-12,8948482.0,2026-05-29,2026-02-10
2026-05-31,120000.0,500000000.0,,,,,no_rows,S100YB3K,unverified,株式会社モスフードサービス,1,board,,,,2026-05-15,8153,32009910.0,2026-06-12,681424.0,2026-12-30,2026-05-18
2026-05-31,45000.0,74250000.0,,,40000.0,66000000.0,no_rows,S100YBA1,clean,株式会社オーケーエム,1,board,40000.0,66000000.0,88.9,2026-05-25,6229,4562200.0,2026-06-12,195048.0,2026-05-26,
2026-05-31,5050000.0,5000000000.0,,,1219800.0,1238083400.0,no_rows,S100YB4H,clean,株式会社ＤＴＳ,1,board,1219800.0,1238083400.0,24.76,2026-05-01,9682,163954928.0,2026-06-12,5837599.0,2026-09-18,2026-05-02
2026-05-31,800000.0,1000000000.0,,,322000.0,530757500.0,no_rows,S100YBAM,clean,株式会社パイオラックス,1,board,80000.0,124782800.0,53.07,2026-02-12,5988,37054100.0,2026-06-12,12790613.0,2026-12-31,2026-02-13
2026-05-31,,,,,91500.0,720965997.0,no_rows,S100YBAD,clean,株式会社東光高岳,1,board,91500.0,720965997.0,14.4,2026-04-28,6617,16276305.0,2026-06-12,154065.0,2026-09-30,2026-05-01
2026-05-31,,,,,638800.0,5591615600.0,no_rows,S100YB15,clean,栗田工業株式会社,1,board,638800.0,5591615600.0,15.98,2026-05-14,6370,116200694.0,2026-06-12,7301144.0,2027-03-31,2026-05-15
2026-05-31,,,,,1677800.0,1392075500.0,no_rows,S100YBB3,clean,明和産業株式会社,1,board,572700.0,511505900.0,55.68,2026-02-19,8103,40332400.0,2026-06-12,1694865.0,2026-10-30,2026-03-10
2026-05-31,6000000.0,10700000000.0,,,1111200.0,2773972850.0,no_rows,S100YA1O,clean,エイチ・ツー・オー　リテイリング株式会社,1,board,,,25.9,2026-05-12,8242,125201396.0,2026-06-12,11309365.0,2027-03-31,2026-05-13
2026-05-31,67500000.0,150000000000.0,,,27241400.0,80451413908.0,no_rows,S100YBBB,clean,ＡＮＡホールディングス株式会社,1,board,6808100.0,18823508535.0,53.63,2025-11-10,9202,484293561.0,2026-06-12,37237533.0,2026-12-15,2025-12-16
2026-05-31,20000000.0,50000000000.0,,,1245100.0,5064137600.0,no_rows,S100YA8A,clean,三菱地所株式会社,1,board,1245100.0,5064137600.0,10.13,2026-05-13,8802,1217233706.0,2026-06-12,12172725.0,2026-11-13,2026-05-14
2026-05-31,100000000.0,60000000000.0,,,46861200.0,59999879300.0,no_rows,S100YAGQ,clean,野村ホールディングス株式会社,1,board,,,100.0,2026-01-30,8604,3088562601.0,2026-06-12,165591765.0,2026-09-30,2026-02-17
2026-05-31,37000000.0,50000000000.0,,,21501600.0,49999821500.0,no_rows,S100YBAJ,clean,株式会社小糸製作所,1,board,816200.0,2247557600.0,100.0,2025-05-29,7276,307833172.0,2026-06-12,45425732.0,2026-05-29,2025-06-02
2026-05-31,40000000.0,40000000000.0,37378558.0,62152668306.0,26250100.0,39999884800.0,clean,S100YA0N,clean,三井不動産株式会社,1,board,26250100.0,39999884800.0,100.0,2026-05-13,8801,2718535953.0,2026-06-12,27250100.0,2026-10-31,2026-05-14
2026-05-31,,,184494319.0,577566845402.0,19069900.0,67259813688.0,clean,S100YBBD,clean,ソニーグループ株式会社,1,board,19069900.0,67259813688.0,13.45,2025-05-14,6758,5965316326.0,2026-06-12,75449772.0,2026-05-14,2025-05-15
2026-05-31,190000.0,1000000000.0,,,37200.0,206029000.0,no_rows,S100YBBK,clean,オカモト株式会社,1,board,34000.0,188401000.0,20.6,2025-11-07,5122,17699367.0,2026-06-12,644574.0,2026-09-30,2025-11-10
2026-05-31,,,,,,,no_rows,S100YBAG,partial,ＪＸ金属株式会社,1,board,,,,2026-05-11,5016,928463102.0,2026-06-12,232.0,2026-07-31,2026-05-21
2026-05-31,,,,,440907300.0,69849621475.0,no_rows,S100YAH7,clean,ソニーフィナンシャルグループ株式会社,1,board,,,69.85,2025-08-08,8729,6770358214.0,2026-06-12,30933021.0,2026-08-08,2025-09-29
2026-05-31,30000000.0,19000000000.0,,,19411600.0,18999976587.0,no_rows,S100YAZL,clean,ユニ・チャーム株式会社,1,board,,,100.0,2026-02-12,8113,1862502957.0,2026-06-12,141702637.0,2026-12-17,2026-02-13
2026-05-31,13000000.0,30000000000.0,,,9726900.0,29999994350.0,no_rows,S100YBDP,clean,富士フイルムホールディングス株式会社,1,board,611700.0,1794404400.0,100.0,2026-03-30,4901,1243877184.0,2026-06-12,47588487.0,2026-05-29,2026-04-01
2026-05-31,2000000.0,6000000000.0,,,0.0,0.0,no_rows,S100YBE2,clean,セーレン株式会社,1,board,,,0.0,2026-05-13,3569,64633646.0,2026-06-12,5825905.0,2027-03-31,2026-05-14
2026-05-31,160000000.0,500000000000.0,,,7920500.0,39438574500.0,clean,S100YAQI,clean,株式会社日立製作所,1,board,7920500.0,39438574500.0,7.89,2026-04-27,6501,4535560985.0,2026-06-12,38766667.0,2027-03-31,2026-04-28
2026-05-31,1000000.0,1000000000.0,,,547100.0,847948300.0,clean,S100YBE5,clean,株式会社ＬＩＴＡＬＩＣＯ,1,board,547100.0,847948300.0,84.8,2026-05-11,7366,35717312.0,2026-06-12,1543279.0,2026-05-31,2026-05-12
2026-05-31,,,,,2182700.0,7789404467.0,no_rows,S100Y9AQ,clean,東海旅客鉄道株式会社,1,board,2182700.0,7789404467.0,38.9,2026-04-28,9022,1001177100.0,2026-06-15,46906891.0,2026-07-31,2026-05-01
2026-05-31,320000.0,900000000.0,,,122300.0,471345500.0,no_rows,S100YBEY,clean,日本食品化工株式会社,1,board,20100.0,79730500.0,52.37,2025-10-31,2892,4942868.0,2026-06-15,123300.0,2026-10-31,2025-11-01
2026-05-31,500000.0,1000000000.0,,,353700.0,999761568.0,no_rows,S100Y389,clean,株式会社アバールデータ,2,board,,,,2025-11-13,6918,6367842.0,2026-06-15,552539.0,2026-07-31,2025-11-14
2026-05-31,8000000.0,10000000000.0,,,5209200.0,9999951700.0,no_rows,S100YBHW,clean,株式会社ＭｏｎｏｔａＲＯ,1,board,552700.0,1005123550.0,100.0,2026-02-03,3064,501362800.0,2026-06-15,9591958.0,2026-12-30,2026-02-04
2026-05-31,,,,,2770100.0,63567406000.0,clean,S100YBGO,clean,株式会社アドバンテスト,1,board,574400.0,16211731000.0,42.38,2025-10-28,6857,732000000.0,2026-06-15,7186332.0,2026-10-28,2025-11-04
2026-05-31,2000000.0,2000000000.0,,,520000.0,741821000.0,no_rows,S100YB4Q,clean,Ｓａｎｓａｎ株式会社,1,board,520000.0,741821000.0,37.1,2026-05-19,4443,126800600.0,2026-06-15,662658.0,2026-06-30,2026-05-20
2026-05-31,3000000.0,10000000000.0,,,2626700.0,7148731100.0,no_rows,S100YAQT,clean,株式会社タカラトミー,1,board,582400.0,1543828050.0,71.49,2026-02-10,7867,93616650.0,2026-06-15,6713469.0,2026-07-31,2026-02-12
2026-05-31,300000.0,800000000.0,,,12500.0,31703500.0,no_rows,S100YAYD,clean,株式会社ファルコホールディングス,1,board,12500.0,31703500.0,3.96,2026-05-12,4671,10680177.0,2026-06-15,384009.0,2027-01-29,2026-05-25
2026-05-31,45000000.0,40000000000.0,,,4513200.0,7795914423.0,no_rows,S100YBGC,clean,旭化成株式会社,1,board,4513200.0,7795914423.0,19.49,2025-11-05,3407,1365751932.0,2026-06-15,10630704.0,2026-10-31,2025-11-06
2026-05-31,,,,,193800.0,253490400.0,no_rows,S100YBI5,clean,株式会社さくらケーシーエス,1,board,193800.0,253490400.0,64.0,2026-05-13,4761,11200000.0,2026-06-15,194589.0,2026-05-14,2026-05-14
2026-05-31,1000000.0,700000000.0,,,920200.0,545271000.0,no_rows,S100YBIM,clean,ヤマシンフィルタ株式会社,1,board,920200.0,545271000.0,77.89,2026-05-15,6240,69618020.0,2026-06-15,1240658.0,2026-06-30,2026-05-18
2026-05-31,50000.0,50000000.0,,,37900.0,39042600.0,no_rows,S100Y9LO,clean,株式会社杉村倉庫,1,board,37900.0,39042600.0,78.1,2026-04-30,9307,16419110.0,2026-06-15,105206.0,2026-06-15,2026-05-01
2026-05-31,40000000.0,180000000000.0,,,5439500.0,32393160200.0,no_rows,S100YBID,clean,株式会社三井住友フィナンシャルグループ,1,board,5439500.0,32393160200.0,18.0,2026-05-13,8316,3827498140.0,2026-06-15,13201575.0,2026-07-31,2026-05-14
2026-05-31,4000000.0,10000000000.0,,,1259500.0,6553835800.0,no_rows,S100YBIJ,clean,住友重機械工業株式会社,1,board,490600.0,2553891800.0,65.54,2026-02-10,6302,122905481.0,2026-06-15,3850830.0,2026-05-31,2026-05-01
2026-05-31,400000.0,700000000.0,500000.0,648174092.0,217800.0,347866400.0,clean,S100YBIR,clean,シノブフーズ株式会社,1,board,217800.0,347866400.0,49.7,2026-05-11,2903,12000000.0,2026-06-15,1272081.0,2026-09-30,2026-05-12
2026-05-31,13000000.0,30000000000.0,,,302000.0,1075744791.0,no_rows,S100Y98V,clean,株式会社　ミスミグループ本社,1,board,302000.0,1075744791.0,3.59,2026-04-30,9962,285235397.0,2026-06-15,20522924.0,2027-03-31,2026-05-22
2026-05-31,425000.0,550000000.0,,,408700.0,472635800.0,no_rows,S100YBIX,clean,オリオンビール株式会社,1,board,408700.0,472635800.0,85.93,2026-05-14,409A,42467400.0,2026-06-15,408739.0,2026-06-15,2026-05-15
2026-05-31,600000.0,1000000000.0,,,289000.0,730867175.0,clean,S100YBJ9,clean,荏原実業株式会社,1,board,73800.0,180024793.0,73.1,2026-02-09,6328,25860000.0,2026-06-15,2027807.0,2026-08-31,2026-02-10
2026-05-31,5000000.0,11635000000.0,4617700.0,10544518969.0,4617700.0,10745387900.0,unverified,S100YB23,partial,株式会社マツキヨココカラ＆カンパニー,1,board,4617700.0,10745387900.0,92.35,2026-05-13,3088,405658130.0,2026-06-15,12338622.0,2026-05-14,2026-05-14
2026-05-31,,,,,26719400.0,90780792100.0,clean,S100YBIG,clean,株式会社ブリヂストン,1,board,5312200.0,17604118400.0,60.5,2026-02-16,5108,1334037042.0,2026-06-15,84036465.0,2026-08-31,2026-02-17
2026-05-31,2000000.0,7000000000.0,,,157200.0,615327500.0,no_rows,S100Y89O,clean,株式会社住友倉庫,1,board,157200.0,615327500.0,8.8,2026-05-12,9303,76614215.0,2026-06-15,552409.0,2027-03-24,2026-05-13
2026-05-31,17000000.0,50000000000.0,,,1096500.0,5314194892.0,no_rows,S100YA7A,clean,ＮＩＰＰＯＮ　ＥＸＰＲＥＳＳホールディングス株式会社,1,board,1096500.0,5314194892.0,10.63,2026-05-13,9147,243000000.0,2026-06-15,1221440.0,2026-11-30,2026-05-14
2026-05-31,7000000.0,40000000000.0,,,,,no_rows,S100YBJR,unverified,日本ハム株式会社,1,board,,,,2026-05-08,2282,94245000.0,2026-06-15,111672.0,2027-03-31,2026-05-08
2026-05-31,2100000.0,10500000000.0,,,200000.0,1468307100.0,no_rows,S100YBJQ,clean,日産化学株式会社,1,board,200000.0,1468307100.0,13.98,2026-05-15,4021,134800000.0,2026-06-15,709252.0,2027-03-31,2026-05-18
2026-05-31,800000.0,50000000000.0,,,93400.0,6175333000.0,no_rows,S100YBJY,clean,ＳＭＣ株式会社,1,board,93400.0,6175333000.0,12.4,2026-05-14,6273,63869359.0,2026-06-15,792700.0,2027-03-24,2026-05-20
2026-05-31,12000000.0,12000000000.0,,,,,no_rows,S100YBJU,unverified,株式会社九州フィナンシャルグループ,1,board,,,,2026-05-14,7180,463375978.0,2026-06-15,39180824.0,2027-03-31,2026-06-01
2026-05-31,,,6000000.0,7572000000.0,2395900.0,9999681100.0,clean,S100YBKH,clean,株式会社オービック,1,board,1713300.0,7075465000.0,20.0,2026-04-21,4684,492000000.0,2026-06-15,61062510.0,2027-03-31,2026-04-22
2026-05-31,16000000.0,15000000000.0,,,4197800.0,5332533561.0,no_rows,S100YBL1,clean,東邦瓦斯株式会社,1,board,2039800.0,2544387602.0,35.55,2026-03-31,9533,366267140.0,2026-06-15,6497045.0,2026-09-30,2026-04-01
2026-05-31,1300000.0,2000000000.0,,,68600.0,149924800.0,no_rows,S100YBLL,clean,バンドー化学株式会社,1,board,68600.0,149924800.0,7.5,2026-05-14,5195,44213536.0,2026-06-15,3225837.0,2027-04-30,2026-05-15
2026-05-31,5000000.0,100000000000.0,3576300.0,97919695230.0,3576300.0,99998992000.0,clean,S100Y9PE,clean,ＨＯＹＡ株式会社,1,board,,,100.0,2026-01-30,7741,334838020.0,2026-06-15,323524.0,2026-07-17,2026-02-02
2026-05-31,4100000.0,820000000.0,,,2618000.0,591344100.0,no_rows,S100YBEW,clean,マーチャント・バンカーズ株式会社,1,board,1276000.0,275253000.0,72.12,2025-12-12,3121,32806190.0,2026-06-15,2697706.0,2026-12-11,2026-01-30
2026-05-31,10000000.0,30000000000.0,,,8437000.0,29999906200.0,no_block,S100YBI0,clean,キヤノンマーケティングジャパン株式会社,1,board,1741600.0,6524493000.0,100.0,2026-01-28,8060,222159944.0,2026-06-15,16164325.0,2026-10-30,2026-02-02
2026-05-31,1800000.0,2000000000.0,,,138900.0,184781600.0,no_rows,S100YBM7,clean,ザ・パック株式会社,1,board,138900.0,184781600.0,9.2,2026-02-13,3950,59700000.0,2026-06-15,4204751.0,2026-12-31,2026-02-13
2026-05-31,190000.0,200000000.0,,,187400.0,199989100.0,no_rows,S100YBMB,clean,セレンディップ・ホールディングス株式会社,1,board,,,100.0,2026-01-07,7318,19062316.0,2026-06-15,881728.0,2026-05-29,2026-01-13
2026-05-31,150000.0,100000000.0,,,700.0,699800.0,no_rows,S100YAQX,clean,株式会社ＩＤホールディングス,1,board,700.0,699800.0,0.7,2026-04-30,4709,34459424.0,2026-06-15,54358.0,2026-10-30,2026-05-01
2026-05-31,16000000.0,20000000000.0,,,1266400.0,2114465097.0,no_rows,S100YBMN,clean,小田急電鉄株式会社,1,board,,,10.6,2026-05-13,9007,368497717.0,2026-06-15,21921688.0,2026-12-31,2026-05-14
2026-05-31,22000000.0,80000000000.0,,,3789200.0,27329467100.0,no_rows,S100YBMV,clean,住友商事株式会社,1,board,3789200.0,27329467100.0,34.16,2026-05-01,8053,1195115184.0,2026-06-15,5112642.0,2027-03-31,2026-05-07
2026-05-31,130000.0,134030000.0,,,124600.0,128462600.0,no_rows,S100YBMA,clean,株式会社オリジン,1,board,124600.0,128462600.0,95.85,2026-05-12,6513,6699986.0,2026-06-15,1531821.0,2026-05-13,2026-05-13
2026-05-31,630000.0,2000000000.0,,,96300.0,268384700.0,no_rows,S100YBNY,clean,株式会社ＰＫＳＨＡ　Ｔｅｃｈｎｏｌｏｇｙ,1,board,45700.0,124479300.0,13.42,2026-02-12,3993,31948000.0,2026-06-15,954837.0,2026-06-30,2026-02-13
2026-05-31,24000000.0,19000000000.0,,,2324700.0,3618552900.0,no_rows,S100YBOG,clean,マブチモーター株式会社,1,board,2324700.0,3618552900.0,19.0,2025-08-14,6592,260649848.0,2026-06-15,16011632.0,2026-09-30,2025-10-01
2026-05-31,5000000.0,10000000000.0,,,3613500.0,8383381766.0,no_rows,S100YBOK,clean,Ｊ．フロント　リテイリング株式会社,1,board,2277700.0,5175140948.0,83.83,2026-04-14,3086,270565764.0,2026-06-15,23930550.0,2026-06-26,2026-04-15
2026-03-31,400000.0,300000000.0,,,306900.0,292321100.0,no_rows,S100Y9M0,clean,株式会社ハリマビステム,2,board,0.0,0.0,97.4,2026-02-06,9780,9624490.0,2026-06-15,709861.0,2027-02-05,2026-02-06
2026-05-31,95000000.0,190000000000.0,,,3499600.0,14956553900.0,clean,S100YBP6,clean,ＭＳ＆ＡＤインシュアランスグループホールディングス株式会社,1,board,3499600.0,14956553900.0,7.9,2026-05-20,8725,1492551732.0,2026-06-15,39018714.0,2026-11-18,2026-05-21
2026-05-31,4500000.0,10000000000.0,,,3059400.0,9999973000.0,no_rows,S100YB1M,clean,ａｒｔｉｅｎｃｅ株式会社,1,board,,,99.99,2025-05-09,4634,50286544.0,2026-06-15,3388852.0,2026-05-11,2025-05-12
2026-05-31,364900.0,1000000000.0,,,364900.0,999826000.0,no_rows,S100YB6V,clean,株式会社カーリット,1,board,364900.0,999826000.0,100.0,2026-05-15,4275,22940600.0,2026-06-15,457263.0,2026-05-18,2026-05-18
2026-05-31,15000000.0,20000000000.0,,,9096900.0,16122149200.0,no_rows,S100YB7C,clean,浜松ホトニクス株式会社,1,board,403200.0,1122384750.0,80.6,2025-11-07,6965,319257365.0,2026-06-15,28989658.0,2026-09-30,2025-11-10
2026-05-31,500000.0,2000000000.0,,,248100.0,979125500.0,no_rows,S100YBQF,clean,株式会社三陽商会,1,board,54600.0,204335500.0,49.0,2025-12-26,8011,10197034.0,2026-06-15,229823.0,2026-08-31,2026-01-19
2026-05-31,800000.0,1500000000.0,,,,,no_rows,S100Y9V8,unverified,株式会社ヤギ,1,board,,,,2026-05-11,7460,9140000.0,2026-06-15,870616.0,2027-03-31,2026-07-01
2026-05-31,82000000.0,50000000000.0,,,6621100.0,8562519800.0,no_rows,S100Y8QL,clean,ＥＮＥＯＳホールディングス株式会社,1,board,6621100.0,8562519800.0,17.13,2026-05-14,5020,2706766549.0,2026-06-15,13987551.0,2026-09-30,2026-05-21
2026-05-31,2200000.0,2500000000.0,,,1997200.0,2499875700.0,no_rows,S100YBRF,clean,株式会社船井総研ホールディングス,1,board,,,100.0,2025-08-08,9757,100000000.0,2026-06-15,8826118.0,2026-07-31,2025-08-12
,1200000.0,410400000.0,,,1110000.0,379620000.0,no_rows,S100Y9NB,clean,株式会社アイダ設計,1,board,1110000.0,379620000.0,92.5,2026-05-14,,37742700.0,2026-06-15,3203702.0,2026-05-15,2026-05-15
2026-05-31,1000000.0,6000000000.0,,,,,no_rows,S100YBRW,unverified,アリアケジャパン株式会社,1,board,,,,2026-05-13,2815,32808683.0,2026-06-15,959184.0,2027-05-12,2026-05-14
2026-05-31,1177100.0,1107651100.0,,,,,no_rows,S100YBS4,unverified,田中精密工業株式会社,1,board,,,,2026-05-14,7218,9763600.0,2026-06-15,9126.0,2026-07-31,2026-05-15
2026-05-31,900000.0,1500000000.0,,,457300.0,1147452000.0,no_rows,S100YBSA,clean,グローブライド株式会社,1,board,457300.0,1147452000.0,76.5,2026-05-13,7990,22800000.0,2026-06-15,1458425.0,2026-09-30,2026-05-14
2026-05-31,5500000.0,34000000000.0,,,4585100.0,17151884800.0,no_rows,S100YBFO,clean,三井倉庫ホールディングス株式会社,1,board,633500.0,2473913800.0,50.45,2026-02-06,9302,77991106.0,2026-06-15,2482133.0,2026-07-31,2026-02-09
2026-05-31,6000000.0,7000000000.0,,,745200.0,1538879150.0,no_rows,S100YBP9,clean,株式会社ひろぎんホールディングス,1,board,745200.0,1538879150.0,21.98,2026-05-13,7337,305327921.0,2026-06-15,4201644.0,2026-07-31,2026-05-15
2026-05-31,1050000.0,3000000000.0,,,160200.0,522290400.0,no_rows,S100YBSI,clean,西華産業株式会社,1,board,160200.0,522290400.0,17.41,2026-05-13,8061,36961950.0,2026-06-15,934216.0,2026-08-31,2026-05-14
2026-04-30,,,,,,,no_rows,S100YBSW,partial,富士通株式会社,1,board,,,,2026-04-28,6702,1739778265.0,2026-06-15,5000420.0,2027-03-31,2026-05-01
2026-05-31,420000.0,900000000.0,,,208800.0,377397000.0,no_rows,S100YBRS,clean,リビン・テクノロジーズ株式会社,1,board,16400.0,26813000.0,41.93,2025-11-14,4445,2690968.0,2026-06-15,299684.0,2026-09-18,2025-11-19
2026-05-31,2000000.0,4000000000.0,,,1898300.0,3956057200.0,no_rows,S100YA1W,clean,日本毛織株式会社,1,board,,,98.9,2026-01-15,3201,74278858.0,2026-06-15,9145806.0,2026-05-22,2026-01-19
2026-05-31,,,,,,,no_rows,S100YBT9,partial,富士通株式会社,2,board,,,,2026-04-28,6702,1739778265.0,2026-06-15,5000550.0,2027-03-31,2026-05-01
2026-05-31,165000.0,500000000.0,,,,,no_rows,S100YBRG,unverified,株式会社丸千代山岡家,1,board,,,,2026-05-25,3399,20112800.0,2026-06-15,193504.0,2026-06-30,2026-06-01
2026-05-31,,,,,125000.0,51000000.0,no_rows,S100YBTH,clean,関通ホールディングス株式会社,1,board,125000.0,51000000.0,100.0,2026-05-15,9326,10308150.0,2026-06-15,174243.0,2026-05-18,2026-05-18
2026-05-31,1500000.0,300000000.0,,,878800.0,299976500.0,no_rows,S100YBUC,clean,株式会社ダイレクトマーケティングミックス,1,board,,,99.9,2026-02-13,7354,47614836.0,2026-06-15,2064640.0,2026-05-29,2026-02-16
2026-05-31,3800000.0,1000000000.0,,,0.0,0.0,no_rows,S100YBUE,clean,ＢＡＳＥ株式会社,1,board,,,0.0,2026-02-12,4477,117931657.0,2026-06-15,2774286.0,2026-12-31,2026-02-13
2026-05-31,1500000.0,795000000.0,,,352000.0,171290300.0,no_rows,S100YANP,clean,オエノンホールディングス株式会社,1,board,352000.0,171290300.0,21.55,2026-05-12,2533,65586196.0,2026-06-15,9116021.0,2026-10-30,2026-05-13
2026-05-31,4000000.0,4500000000.0,,,,,no_rows,S100YA54,unverified,ＴＰＲ株式会社,1,board,,,,2026-05-15,6463,66542998.0,2026-06-15,1529547.0,2027-03-31,2026-06-01
2026-05-31,,,,,,,no_rows,S100YBOO,partial,株式会社マキヤ,1,board,,,,2026-05-26,9890,10540200.0,2026-06-15,535193.0,2026-07-31,2026-05-27
2026-05-31,1000000.0,1600000000.0,,,,,no_rows,S100YBX6,unverified,株式会社　ヤマウラ,1,board,,,,2026-05-13,1780,21103514.0,2026-06-15,1876332.0,2026-12-31,2026-06-01
2026-05-31,260000.0,800000000.0,,,260000.0,793189900.0,no_rows,S100YBTR,clean,手間いらず株式会社,1,board,2600.0,6458300.0,99.15,2025-09-12,2477,6480961.0,2026-06-15,579879.0,2026-05-29,2025-09-16
2026-05-31,10000000.0,20000000000.0,,,1240600.0,3707664850.0,no_rows,S100Y9YT,clean,株式会社　丸井グループ,1,board,550500.0,1645094900.0,18.54,2025-11-11,8252,183660417.0,2026-06-15,4950100.0,2026-05-15,2025-11-17
2026-05-31,1500000.0,1000000000.0,,,260400.0,194259392.0,no_rows,S100YBX3,clean,株式会社クイック,1,board,260400.0,194259392.0,19.43,2026-04-30,4318,56552028.0,2026-06-15,271164.0,2026-10-31,2026-05-07
2026-05-31,3000000.0,10000000000.0,,,356500.0,1892042003.0,no_rows,S100YB2Q,clean,株式会社荏原製作所,1,board,356500.0,1892042003.0,18.9,2026-02-13,6361,457439185.0,2026-06-15,625514.0,2026-12-31,2026-02-16
2026-05-31,3000000.0,3300000000.0,,,803300.0,872176700.0,no_rows,S100YBOL,clean,株式会社ノジマ,1,board,,,26.43,2026-02-17,7419,307737696.0,2026-06-15,15906025.0,2027-02-17,2026-02-18
2026-05-31,,,,,382600.0,186126700.0,no_rows,S100YBK7,clean,クリアル株式会社,1,board,382600.0,186126700.0,45.4,2026-05-15,2998,36066200.0,2026-06-15,383740.0,2026-06-26,2026-05-18
2026-05-31,2500000.0,21000000000.0,,,1404600.0,20998986500.0,no_rows,S100YBCQ,clean,富士電機株式会社,1,board,1404600.0,20998986500.0,100.0,2026-04-28,6504,149296991.0,2026-06-15,3090217.0,2027-03-31,2026-05-01
2026-05-31,1700000.0,358000000.0,,,1686700.0,357996800.0,no_rows,S100YB57,clean,株式会社ホープ,1,board,19600.0,4202200.0,100.0,2025-06-13,6195,16465800.0,2026-06-15,2944344.0,2026-06-15,2025-06-16
2026-05-31,1852000.0,248168000.0,,,1852000.0,248168000.0,no_rows,S100YBLT,clean,株式会社テイツー,1,board,1852000.0,248168000.0,100.0,2026-05-19,7610,68664338.0,2026-06-15,6344823.0,2026-05-20,2026-05-20
2026-05-31,2300000.0,5000000000.0,,,,,no_rows,S100YC10,unverified,ニチアス株式会社,1,board,,,,2026-05-11,5393,190985751.0,2026-06-15,1740839.0,2026-09-30,2026-05-12
2026-05-31,200000.0,1000000000.0,,,13500.0,49664000.0,no_rows,S100YC29,partial,株式会社ＴＥＮＴＩＡＬ,1,board,13500.0,49664000.0,6.75,2026-05-21,325A,7733041.0,2026-06-15,163500.0,2026-08-31,2026-05-22
2026-05-31,14000000.0,50000000000.0,,,310100.0,1440887690.0,no_rows,S100YC1D,clean,ＴＯＰＰＡＮホールディングス株式会社,1,board,310100.0,1440887690.0,2.88,2025-05-14,7911,294706240.0,2026-06-15,9590796.0,2026-05-14,2025-05-15
2026-05-31,3650000.0,10000000000.0,,,275800.0,939528900.0,no_rows,S100YC2N,clean,三和ホールディングス株式会社,1,board,275800.0,939528900.0,9.4,2026-05-14,5929,221000000.0,2026-06-15,11355720.0,2026-09-30,2026-05-21
2026-05-31,350000.0,10000000000.0,,,207600.0,8672950000.0,clean,S100YBGI,clean,株式会社光通信,1,board,27800.0,1041700000.0,86.7,2025-11-11,9435,43989642.0,2026-06-15,203280.0,2026-06-30,2025-11-12
2026-05-31,1000000.0,6000000000.0,,,1000000.0,5628414983.0,no_rows,S100YC3U,clean,福山通運株式会社,1,board,0.0,0.0,93.81,2026-02-10,9075,39194163.0,2026-06-15,3845302.0,2026-06-30,2026-02-12
2026-05-31,150000.0,300000000.0,,,,,no_rows,S100YC9G,unverified,株式会社テセック,1,board,,,,2026-05-26,6337,5578695.0,2026-06-16,364442.0,2026-05-31,2026-05-26
2026-05-31,600000.0,2000000000.0,,,,,no_rows,S100YC94,unverified,株式会社日伝,1,board,,,,2026-05-08,9902,30000800.0,2026-06-16,462472.0,2026-12-23,2026-06-01
2026-05-31,21000.0,60000000.0,,,20000.0,47200000.0,no_rows,S100YCE7,clean,香陵住販株式会社,1,board,20000.0,47200000.0,78.66,2026-05-26,3495,2782518.0,2026-06-16,20303.0,2026-05-27,2026-05-27
2026-04-30,200000.0,200000000.0,,,196000.0,199911100.0,no_rows,S100YCQ7,clean,株式会社アドヴァン,1,board,,,99.96,2026-02-12,7463,43312692.0,2026-06-16,9732047.0,2026-05-29,2026-02-13
2026-05-31,200000.0,200000000.0,,,196000.0,199911100.0,no_rows,S100YCR0,clean,株式会社アドヴァン,2,board,,,99.96,2026-02-12,7463,43312692.0,2026-06-16,9732047.0,2026-05-29,2026-02-13
2026-05-31,20000.0,18200000.0,,,15700.0,14287000.0,no_rows,S100YD0P,clean,株式会社大森屋,1,board,15700.0,14287000.0,78.5,2026-05-18,2917,5098096.0,2026-06-17,133064.0,2026-05-19,2026-05-19
2026-05-31,172000.0,300000000.0,,,140700.0,299912400.0,no_rows,S100YD7S,clean,株式会社ｅＷｅＬＬ,1,board,,,99.97,2026-02-17,5038,15271802.0,2026-06-17,140942.0,2026-08-18,2026-02-18
2026-05-31,1300000.0,6000000000.0,,,,,no_rows,S100YDA7,clean,キッセイ薬品工業株式会社,1,board,,,0.0,2026-05-11,4547,46541985.0,2026-06-17,5090040.0,2026-12-31,2026-05-12
2026-05-31,800000.0,800000000.0,,,700000.0,675500000.0,no_rows,S100YD5H,clean,ＴＤＣソフト株式会社,1,board,700000.0,675500000.0,84.44,2026-05-13,4687,50227200.0,2026-06-17,3088225.0,2026-05-14,2026-05-14
2026-06-30,400000.0,800000000.0,,,69700.0,178887200.0,no_rows,S100YN96,clean,株式会社くすりの窓口,1,board,69700.0,178887200.0,22.4,2026-06-29,5592,11459482.0,2026-07-01,69700.0,2026-12-07,2026-06-08
2026-06-30,1000000.0,2500000000.0,,,181600.0,482873800.0,no_rows,S100YNW0,clean,オイレス工業株式会社,2,board,122100.0,328520200.0,19.31,2026-05-12,6282,33300505.0,2026-07-01,3404711.0,2026-09-18,2026-05-18
2026-06-30,,,,,67400.0,90467500.0,no_rows,S100YKBZ,clean,ダイニック株式会社,2,board,52200.0,69448100.0,23.81,2026-05-15,3551,8504747.0,2026-07-01,375645.0,2027-03-31,2026-05-22
2026-06-30,300000.0,270000000.0,,,0.0,0.0,no_rows,S100YNW6,clean,株式会社淺沼組,1,board,,,0.0,2026-06-25,1852,80786290.0,2026-07-01,59474.0,2026-07-31,2026-07-01
2026-06-30,200000.0,100000000.0,,,107100.0,49963000.0,no_rows,S100YNW8,clean,株式会社　桜井製作所,2,board,,,50.0,2026-03-31,7255,4000000.0,2026-07-01,785644.0,2026-09-30,2026-04-01
2026-06-30,2000000.0,1700000000.0,,,1341400.0,1088790600.0,no_rows,S100YNVF,clean,小松マテーレ株式会社,2,board,161900.0,113635700.0,64.0,2025-10-30,3580,39240999.0,2026-07-01,1466963.0,2026-10-31,2025-11-01
2026-06-30,1000.0,6000000.0,,,700.0,3829000.0,no_block,S100YNWY,clean,株式会社佐賀銀行,1,board,700.0,3829000.0,63.82,2026-06-16,8395,16935909.0,2026-07-01,34947.0,2026-06-30,2026-06-17
2026-06-30,400000.0,160000000.0,,,164600.0,86492700.0,no_rows,S100YNNG,clean,ＳＥホールディングス・アンド・インキュベーションズ株式会社,2,board,78400.0,40240800.0,54.06,2026-05-08,9478,16284226.0,2026-07-01,1159609.0,2026-06-19,2026-05-11
2026-06-30,2000000.0,2000000000.0,,,716700.0,761699891.0,no_rows,S100YMO4,clean,アクシアル　リテイリング株式会社,2,board,662500.0,706252690.0,38.08,2026-05-26,8255,93552156.0,2026-07-01,5681493.0,2026-12-31,2026-05-27
2026-06-30,150000.0,300000000.0,,,39500.0,99794600.0,no_rows,S100YNY8,clean,株式会社テセック,2,board,39500.0,99794600.0,33.26,2026-05-26,6337,5578695.0,2026-07-01,403942.0,2026-09-30,2026-06-01
2026-06-30,350000.0,500000000.0,350000.0,396509900.0,350000.0,396509900.0,clean,S100YCUC,clean,旭情報サービス株式会社,2,board,11300.0,10314800.0,79.3,2025-11-05,9799,16179700.0,2026-07-01,927076.0,2026-06-23,2025-11-06
2026-06-30,900000.0,200000000.0,,,400000.0,99885700.0,no_rows,S100YNZM,clean,株式会社ミラタップ,2,board,96300.0,23620600.0,49.9,2026-02-13,3187,19299300.0,2026-07-01,1598425.0,2026-11-30,2026-02-16
2026-06-30,,,,,300000.0,100715300.0,no_rows,S100YO0L,clean,株式会社京写,3,board,119600.0,45289100.0,83.9,2026-03-13,6837,58000000.0,2026-07-01,323887.0,2026-09-30,2026-03-16
2026-06-30,2000000.0,1000000000.0,,,1337200.0,999955688.0,no_rows,S100YO10,clean,ＹＵＳＨＩＮ株式会社,2,board,,,100.0,2025-11-14,6482,35638066.0,2026-07-01,4327661.0,2026-11-13,2025-11-17
2026-06-30,,,,,840300.0,4999764992.0,no_rows,S100YNSD,clean,ＯＢＡＲＡ　ＧＲＯＵＰ株式会社,2,board,,,99.99,2026-02-13,6877,20869380.0,2026-07-01,6455393.0,2027-02-15,2026-02-16
2026-06-30,230000.0,200000000.0,194500.0,199933000.0,20200.0,25834200.0,clean,S100YNVY,clean,株式会社ナ・デックス,1,board,20200.0,25834200.0,12.91,2026-06-11,7435,8606000.0,2026-07-01,261186.0,2026-11-30,2026-06-12
2026-06-30,2200000.0,2500000000.0,,,1997200.0,2499875700.0,no_rows,S100YO1V,clean,株式会社船井総研ホールディングス,2,board,,,100.0,2025-08-08,9757,100000000.0,2026-07-01,8826388.0,2026-07-31,2025-08-12
2026-06-30,400000.0,3000000000.0,,,,,no_rows,S100YO1W,unverified,日置電機株式会社,1,board,,,,2026-06-05,6866,14024365.0,2026-07-01,618913.0,2026-11-30,2026-06-15
2026-06-30,410000.0,120000000.0,,,309300.0,119982900.0,no_rows,S100YO22,clean,株式会社トレードワークス,2,board,178200.0,70189100.0,99.99,2026-05-21,3997,41042000.0,2026-07-01,366750.0,2026-06-30,2026-05-22
2026-06-30,500000.0,50000000.0,,,16500.0,8768800.0,no_rows,S100YNYQ,clean,光世証券株式会社,2,board,8300.0,4385400.0,17.5,2026-04-24,8617,9486400.0,2026-07-01,53334.0,2027-03-29,2026-04-27
2026-07-01,,,,,0.0,0.0,clean,S100YO2N,clean,日本駐車場開発株式会社,1,board,0.0,0.0,0.0,2026-06-05,2353,348398600.0,2026-07-01,36235077.0,2026-09-30,2026-07-17
,,,,,14200.0,23350900.0,no_rows,S100YO2Z,clean,株式会社　高田工業所,,board,,,80.24,2026-05-13,1966,7334350.0,2026-07-01,24666.0,2026-06-30,2026-05-14
2026-06-30,100000.0,600000000.0,,,35900.0,237151000.0,no_rows,S100YO36,clean,泉州電業株式会社,2,board,20000.0,137975000.0,39.53,2026-04-24,9824,18000000.0,2026-07-01,929930.0,2026-10-31,2026-05-01
2026-06-30,200000.0,100000000.0,,,152900.0,99980700.0,no_rows,S100YO33,clean,株式会社東京機械製作所,2,board,22400.0,14593900.0,99.98,2026-05-20,6335,8728920.0,2026-07-01,809050.0,2026-08-31,2026-05-21
2026-06-23,,,,,1204900.0,3012164100.0,no_rows,S100YO30,clean,日鉄鉱業株式会社,2,board,372700.0,902373300.0,30.12,2026-02-27,1515,80000000.0,2026-07-01,1234477.0,2027-01-29,2026-04-01
2026-06-30,500000.0,1000000000.0,,,500000.0,938000000.0,no_rows,S100YO3U,clean,前田工繊株式会社,2,board,,,93.8,2026-05-14,7821,68080612.0,2026-07-01,1394575.0,2026-09-30,2026-05-15
2026-06-30,1000000.0,1000000000.0,,,397300.0,487239289.0,no_rows,S100YM2B,clean,アニコム　ホールディングス株式会社,2,board,397300.0,487239289.0,48.7,2026-05-12,8715,74939160.0,2026-07-01,1698040.0,2026-07-31,2026-06-01
2026-06-30,400000.0,400000000.0,,,270200.0,398984100.0,no_rows,S100YO4P,clean,株式会社セラク,2,board,38400.0,45226700.0,99.75,2025-08-07,6199,13710000.0,2026-07-01,464905.0,2026-07-31,2025-08-08
2026-06-30,200000.0,35000000.0,,,21100.0,4913400.0,no_rows,S100YNWB,clean,ＺＥＴＡ株式会社,2,board,100.0,23400.0,14.03,2026-03-04,6031,25768600.0,2026-07-01,5357960.0,2026-09-30,2026-03-05
2026-06-30,1400000000.0,200000000000.0,,,0.0,0.0,no_rows,S100YNXM,clean,ＮＴＴ株式会社,2,board,,,0.0,2026-05-08,9432,90550316400.0,2026-07-01,9063346652.0,2027-03-31,2026-05-11
2026-06-30,1500000.0,500000000.0,,,1341100.0,499977600.0,no_rows,S100YNQT,clean,株式会社ＴＯＫＹＯ　ＢＡＳＥ,2,board,,,100.0,2026-05-18,3415,43959482.0,2026-07-01,1341113.0,2026-06-30,2026-05-19
2026-06-30,166000.0,265600000.0,,,113200.0,129926000.0,no_rows,S100YNXU,clean,ＧＭＯコマース株式会社,2,board,17700.0,18844000.0,48.92,2026-03-23,410A,5565168.0,2026-07-01,113200.0,2026-06-30,2026-04-01
2026-06-30,3000000.0,3000000000.0,,,933900.0,2237665388.0,no_rows,S100YNUS,clean,サイボウズ株式会社,2,board,656900.0,1549093094.0,74.59,2026-05-14,4776,52757800.0,2026-07-01,7394195.0,2026-07-31,2026-05-15
2026-06-30,550000.0,200000000.0,,,356800.0,117766600.0,no_rows,S100YO4Z,clean,株式会社セルム,2,board,232500.0,77032900.0,58.9,2026-05-14,7367,23138000.0,2026-07-01,1791560.0,2026-07-14,2026-05-15
2026-06-30,350000.0,500000000.0,,,82900.0,176705000.0,no_rows,S100YNYN,clean,弁護士ドットコム株式会社,1,board,82900.0,176705000.0,35.3,2026-06-11,6027,22867600.0,2026-07-01,84422.0,2026-11-30,2026-06-12
2026-06-30,600000.0,1000000000.0,,,46700.0,82545500.0,no_rows,S100YNWC,clean,ナガイレーベン株式会社,1,board,46700.0,82545500.0,8.3,2026-06-29,7447,30736000.0,2026-07-01,813226.0,2026-10-31,2026-06-30
2026-06-30,330000.0,200000000.0,,,171500.0,114599500.0,no_rows,S100YO0B,clean,株式会社エディア,2,board,171500.0,114599500.0,57.29,2026-05-15,3935,6228000.0,2026-07-01,444342.0,2027-05-14,2026-05-18
2026-06-30,500000.0,200000000.0,,,77900.0,35661900.0,no_rows,S100YO58,clean,株式会社ジャストプランニング,2,board,64700.0,29200000.0,17.83,2026-05-20,4287,12229888.0,2026-07-01,953196.0,2026-12-31,2026-05-21
2026-06-30,160000.0,100000000.0,,,58900.0,38821300.0,no_rows,S100YO52,clean,株式会社アルチザネットワークス,1,board,58900.0,38821300.0,38.8,2026-06-17,6778,9562000.0,2026-07-01,841370.0,2026-07-31,2026-06-19
2026-06-30,600000.0,300000000.0,,,446700.0,208473800.0,no_rows,S100YNTA,clean,ペイクラウドホールディングス株式会社,2,board,153700.0,73894500.0,69.49,2026-04-15,4015,16018148.0,2026-07-01,447471.0,2026-08-31,2026-04-16
2026-06-30,150000000.0,75000000000.0,,,,,no_rows,S100YO5F,unverified,株式会社メタプラネット,2,board,,,,2025-10-28,3350,1281256899.0,2026-07-01,26725.0,2026-10-28,2025-10-29
2026-06-30,,,,,17400.0,3975600.0,no_rows,S100YO54,clean,株式会社アエリア,1,board,17400.0,3975600.0,1.99,2026-06-10,3758,21249428.0,2026-07-01,894674.0,2027-03-31,2026-06-18
2026-06-30,2000000.0,3000000000.0,,,609200.0,1280060590.0,no_rows,S100YO3G,clean,株式会社山陰合同銀行,2,board,423800.0,899580595.0,42.66,2026-05-15,8381,156977472.0,2026-07-01,5763672.0,2026-08-31,2026-05-18
2026-06-30,600000.0,300000000.0,,,313100.0,172593200.0,no_rows,S100YNWD,clean,株式会社シグマクシス・ホールディングス,2,board,183600.0,97970700.0,57.53,2026-05-08,6088,86000000.0,2026-07-01,4291027.0,2026-07-31,2026-05-11
2026-06-30,280000.0,210000000.0,,,211000.0,149499700.0,no_rows,S100YNT7,clean,株式会社Ｇｌｏｂｅｅ,2,board,18500.0,11717100.0,71.19,2026-01-14,5575,5116869.0,2026-07-01,201985.0,2026-10-31,2026-01-15
2026-06-30,166000.0,1000000000.0,,,78200.0,301251000.0,no_rows,S100YO5H,clean,デジタルアーツ株式会社,2,board,47500.0,174216500.0,30.1,2026-05-11,2326,14133000.0,2026-07-01,766615.0,2026-08-17,2026-05-15
2026-06-30,12000000.0,6000000000.0,,,4398100.0,2499947590.0,no_rows,S100YO4D,clean,株式会社リンクアンドモチベーション,2,board,,,41.67,2026-02-12,2170,110937011.0,2026-07-01,4352644.0,2026-08-31,2026-02-13
2026-06-30,25000000.0,35000000000.0,,,10026200.0,20922127350.0,clean,S100YNRA,clean,株式会社　りそなホールディングス,2,board,4692500.0,9920882900.0,59.77,2026-05-12,8308,2307136666.0,2026-07-01,55117278.0,2026-08-07,2026-05-13
2026-06-30,120000.0,60000000.0,,,120000.0,30635200.0,no_rows,S100YO5R,clean,株式会社キャリア,2,board,14500.0,3467200.0,51.06,2025-06-26,6198,8624320.0,2026-07-01,238600.0,2026-06-30,2025-07-01
2026-06-30,,,,,222900.0,79222600.0,no_rows,S100YO6R,clean,ａｂｃ株式会社,2,board,,,19.8,2025-11-19,8783,41259119.0,2026-07-01,73591.0,2026-08-14,2025-08-15
2026-06-30,4300000.0,3800000000.0,,,3876500.0,3799974900.0,clean,S100YO6W,clean,株式会社クオンツ総研ホールディングス,2,board,2196100.0,2331545700.0,100.0,2026-05-15,9552,54101335.0,2026-07-01,3405888.0,2026-06-30,2026-06-01
2026-06-30,1000000.0,250000000.0,,,273500.0,67774000.0,no_rows,S100YO72,clean,アライドテレシスホールディングス株式会社,1,board,273500.0,67774000.0,27.11,2026-06-16,6835,105012176.0,2026-07-01,1273519.0,2026-07-17,2026-06-17
2026-06-30,20000.0,60000000.0,,,11500.0,29059000.0,no_rows,S100YO8T,clean,ノバシステム株式会社,2,board,5700.0,14301100.0,48.43,2026-05-21,5257,1402500.0,2026-07-02,12711.0,2026-06-30,2026-05-22
2026-06-30,265000.0,700000000.0,,,132800.0,428633600.0,no_rows,S100YNFB,clean,株式会社ユシロ,2,board,74700.0,238678600.0,61.2,2026-05-15,5013,13900065.0,2026-07-02,1008445.0,2026-07-31,2026-05-18
2026-06-30,350000.0,200000000.0,,,191200.0,101280600.0,no_rows,S100YNVW,clean,株式会社小林洋行,2,board,3800.0,2089900.0,50.64,2026-03-26,8742,12554379.0,2026-07-02,799071.0,2026-09-30,2026-04-01
2026-06-30,1200000.0,4200000000.0,,,516900.0,1532975200.0,no_rows,S100YNX8,clean,株式会社マースグループホールディングス,2,board,245800.0,726451500.0,36.5,2026-05-14,6419,22720000.0,2026-07-02,4788815.0,2026-10-30,2026-05-15
2026-06-30,1000000.0,750000000.0,,,,,no_rows,S100YO5J,unverified,日本フエルト株式会社,1,board,,,,2026-06-26,3512,18342089.0,2026-07-02,1590841.0,2027-01-15,2026-07-01
2026-06-30,300000.0,700000000.0,,,145400.0,359025700.0,no_rows,S100YO9L,clean,株式会社ＧＳＩクレオス,2,board,31500.0,73344200.0,51.2,2026-02-09,8101,12629942.0,2026-07-02,493907.0,2026-10-31,2026-02-10
2026-06-30,350000.0,500000000.0,,,273600.0,500000000.0,no_rows,S100YO77,clean,東京鐵鋼株式会社,2,board,147700.0,266493500.0,100.0,2026-05-07,5445,25335915.0,2026-07-02,299802.0,2026-06-30,2026-05-11
2026-06-30,150000.0,150000000.0,,,150000.0,127491100.0,no_rows,S100YOB0,clean,株式会社ＫＧ情報,2,board,36500.0,32990300.0,85.0,2026-05-11,2408,7398000.0,2026-07-02,227971.0,2026-11-30,2026-05-12
2026-06-30,350000.0,500000000.0,,,249000.0,316137900.0,no_rows,S100YOAT,clean,ＪＴＰ株式会社,2,board,51000.0,67901900.0,63.23,2026-02-10,2488,6015600.0,2026-07-02,563032.0,2026-08-31,2026-02-12
2026-06-30,7000000.0,15000000000.0,,,1544900.0,4971241983.0,clean,S100YOBO,clean,株式会社サンエー,2,board,748200.0,2360324997.0,33.14,2026-04-07,2659,63963308.0,2026-07-02,3650209.0,2027-02-26,2026-04-08
2026-06-30,4000000.0,7100000000.0,,,24300.0,40249800.0,no_rows,S100YOC3,clean,マックス株式会社,2,board,24300.0,40249800.0,0.57,2026-04-30,6454,186149704.0,2026-07-02,6359876.0,2026-12-31,2026-05-01
2026-06-30,4000000.0,11200000000.0,,,0.0,0.0,no_rows,S100YOCI,clean,株式会社バッファロー,2,board,,,0.0,2026-05-14,6676,24000000.0,2026-07-02,292256.0,2027-04-30,2026-05-15
2026-06-30,1000000.0,1600000000.0,,,600000.0,854400000.0,no_rows,S100YOCU,clean,株式会社　ヤマウラ,2,board,600000.0,854400000.0,53.4,2026-05-13,1780,21103514.0,2026-07-02,2476332.0,2026-12-31,2026-06-01
2026-06-30,1800000.0,3400000000.0,,,64700.0,151516300.0,clean,S100YOD2,clean,日本証券金融株式会社,2,board,64700.0,151516300.0,4.5,2026-05-14,8511,83000000.0,2026-07-02,1437692.0,2027-03-31,2026-05-15
2026-06-30,106700.0,300147100.0,,,106700.0,300147100.0,no_rows,S100YODU,clean,株式会社さくらさくプラス,1,board,106700.0,300147100.0,100.0,2026-06-12,7097,4629100.0,2026-07-02,282584.0,2026-06-15,2026-06-15
2026-06-30,440000.0,374000000.0,,,390000.0,331500000.0,no_rows,S100YOCY,clean,株式会社トーエル,1,board,390000.0,331500000.0,88.6,2026-06-11,3361,20884440.0,2026-07-02,2550514.0,2026-06-12,
2026-06-30,900000.0,1700000000.0,,,302100.0,619857800.0,no_rows,S100YMHA,clean,中部鋼鈑株式会社,2,board,186700.0,384812400.0,36.46,2026-05-12,5461,28000000.0,2026-07-02,1210778.0,2026-11-30,2026-05-14
2026-06-30,840000.0,1000000000.0,,,270800.0,347220200.0,no_rows,S100YOEA,clean,住友精化株式会社,2,board,152100.0,196780400.0,34.7,2026-05-12,4008,64683785.0,2026-07-02,270860.0,2026-09-30,2026-05-13
2026-06-30,4600000.0,25000000000.0,,,2349200.0,13373559000.0,no_rows,S100YO35,clean,江崎グリコ株式会社,2,board,563500.0,3020314300.0,53.49,2026-02-13,2206,68468569.0,2026-07-02,7159857.0,2026-12-30,2026-03-01
2026-06-30,,,,,3600.0,2774000.0,no_rows,S100YO42,clean,株式会社コマースＯｎｅホールディングス,1,board,3600.0,2774000.0,6.16,2026-05-14,4496,7193400.0,2026-07-02,247549.0,2026-06-30,2026-06-01
2026-06-30,1960000.0,1500000000.0,,,1149400.0,1499948767.0,no_rows,S100YOE1,clean,株式会社ジャノメ,2,board,,,100.0,2025-11-14,6445,16979205.0,2026-07-02,256124.0,2026-11-16,2025-11-17
2026-06-30,250000.0,200000000.0,,,207800.0,138903200.0,no_rows,S100YOB6,clean,ヒューマン・メタボローム・テクノロジーズ株式会社,2,board,64900.0,40877700.0,69.5,2026-02-12,6090,5919797.0,2026-07-02,500018.0,2026-12-31,2026-02-13
2026-06-30,300000.0,50000000.0,,,189700.0,25862600.0,no_rows,S100YO87,clean,パレモ・ホールディングス株式会社,2,board,,,51.7,2026-01-20,2778,12051384.0,2026-07-02,199299.0,2026-12-30,2026-01-21
2026-06-30,15000000.0,30000000000.0,,,5789900.0,19527267070.0,no_rows,S100YOAV,clean,コカ・コーラボトラーズジャパンホールディングス株式会社,2,board,598600.0,2218641792.0,65.09,2025-08-01,2579,171268593.0,2026-07-02,6964956.0,2026-10-31,2025-11-01
2026-06-30,6000000.0,10000000000.0,,,2120000.0,4995193000.0,no_rows,S100YOCM,clean,株式会社武蔵野銀行,2,board,280000.0,672684400.0,49.95,2026-03-16,8336,100216368.0,2026-07-02,2917475.0,2026-12-30,2026-03-17
2026-06-30,3300000.0,5000000000.0,,,368300.0,774033150.0,no_rows,S100YO92,clean,シップヘルスケアホールディングス株式会社,1,board,368300.0,774033150.0,15.48,2026-06-05,3360,94350134.0,2026-07-02,2699500.0,2026-12-31,2026-06-08
2026-06-30,1200000.0,700000000.0,,,1009700.0,502487200.0,no_rows,S100YO8I,clean,株式会社アイモバイル,1,board,1009700.0,502487200.0,71.78,2026-06-11,6535,58147188.0,2026-07-02,3062015.0,2026-06-30,2026-06-12
2026-06-30,,,,,16300.0,58660000.0,no_rows,S100YO6Q,clean,ＧＭＯメディア株式会社,2,board,5000.0,40731500.0,58.66,2026-05-14,6180,1868839.0,2026-07-02,72332.0,2026-12-31,2026-05-15
2026-06-30,250000.0,450000000.0,,,202700.0,347686800.0,unverified,S100YOFO,clean,株式会社サイバーセキュリティクラウド,2,board,166500.0,286203300.0,77.26,2026-05-22,4493,10390644.0,2026-07-02,290957.0,2026-07-31,2026-05-25
2026-06-30,2500000.0,5500000000.0,,,2447500.0,5384500000.0,no_rows,S100Y9M1,clean,株式会社ナガセ,1,board,2447500.0,5384500000.0,97.9,2026-06-08,9733,30445227.0,2026-07-02,6566641.0,2026-06-09,
2026-06-30,1524000.0,500000000.0,,,251700.0,105459800.0,no_rows,S100YOCR,clean,株式会社ドリコム,1,board,140300.0,56336200.0,21.09,2026-05-12,3793,29446212.0,2026-07-02,299295.0,2027-05-12,2026-05-13
2026-06-30,1500000.0,1500000000.0,,,,,no_rows,S100YOG8,unverified,川田テクノロジーズ株式会社,2,board,,,,2026-02-13,3443,52422630.0,2026-07-02,1144672.0,2026-06-24,2026-04-01
2026-06-30,1000000.0,2000000000.0,,,134400.0,331011797.0,no_rows,S100YOG6,clean,株式会社ユナイテッドアローズ,2,board,134400.0,331011797.0,16.55,2026-05-11,7606,30213676.0,2026-07-02,2610012.0,2026-08-31,2026-05-12
2026-06-30,2100000.0,8400000000.0,,,1950000.0,6698250000.0,clean,S100YOGX,clean,日比谷総合設備株式会社,2,board,,,79.74,2026-05-13,1982,44000000.0,2026-07-02,2734970.0,2027-03-31,2026-05-14
2026-06-30,270000.0,300000000.0,,,242000.0,299977700.0,clean,S100YOJZ,clean,株式会社カウリス,2,board,,,100.0,2026-03-18,153A,6534800.0,2026-07-03,188400.0,2026-06-19,2026-03-19
2026-06-30,1000000.0,2500000000.0,,,140000.0,594013993.0,no_rows,S100YOK3,clean,イノテック株式会社,2,board,103500.0,436515494.0,23.76,2026-05-14,9880,13700000.0,2026-07-03,1665353.0,2026-12-31,2026-05-15
2026-06-30,1100000.0,1000000000.0,,,241200.0,247648400.0,no_rows,S100YOK7,clean,アルインコ株式会社,2,board,112100.0,115772200.0,24.8,2026-05-01,5933,21039326.0,2026-07-03,1307272.0,2027-04-27,2026-05-07
2026-06-30,6500000.0,11000000000.0,,,2036000.0,4999763377.0,no_rows,S100YO99,clean,株式会社　京葉銀行,2,board,1005600.0,2496300790.0,45.45,2026-02-09,8544,126427858.0,2026-07-03,8218918.0,2027-01-29,2026-02-10
2026-06-30,,,,,,,no_rows,S100YOK9,partial,株式会社リーガルコーポレーション,2,board,,,,2026-05-14,7938,3250000.0,2026-07-03,265090.0,2027-02-28,2026-05-15
2026-06-30,600000.0,436800000.0,,,600000.0,436800000.0,no_rows,S100YOKC,clean,伊澤タオル株式会社,1,board,600000.0,436800000.0,100.0,2026-06-25,365A,10000000.0,2026-07-03,900000.0,2026-06-26,2026-06-26
2026-06-30,4000000.0,12000000000.0,,,679000.0,2723648285.0,no_rows,S100YOJX,clean,グローリー株式会社,1,board,476100.0,1886842889.0,22.7,2026-05-15,6457,54898510.0,2026-07-03,1820817.0,2027-03-31,2026-05-18
2026-06-30,2000000.0,1300000000.0,,,1020900.0,825586700.0,no_rows,S100YNXG,clean,三共生興株式会社,2,board,115400.0,100104200.0,63.51,2025-11-06,8018,46000000.0,2026-07-03,8736769.0,2026-11-06,2025-11-07
2026-06-30,120000.0,500000000.0,,,83600.0,499707996.0,no_rows,S100YOKN,clean,株式会社戸上電機製作所,2,board,,,99.9,2025-07-31,6643,4711858.0,2026-07-03,75342.0,2026-07-31,2025-08-07
2026-06-30,750000.0,2000000000.0,,,215500.0,558396000.0,no_rows,S100YOKW,clean,株式会社ＮＳＤ,2,board,88900.0,229314850.0,27.91,2026-05-08,9759,86000000.0,2026-07-03,10293217.0,2026-10-09,2026-05-11
2026-06-30,30000000.0,30000000000.0,,,17982100.0,25119307934.0,no_rows,S100YOI6,clean,シスメックス株式会社,2,board,4516400.0,6478688198.0,83.73,2026-03-05,6869,629480076.0,2026-07-03,19326091.0,2026-09-18,2026-03-06
2026-06-30,600000.0,500000000.0,,,396300.0,404759000.0,no_rows,S100YO4F,partial,楽待株式会社,2,board,312100.0,321843400.0,81.0,2026-03-13,6037,19753800.0,2026-07-03,763142.0,2026-06-15,2026-03-16
2026-06-30,110000.0,75350000.0,,,110000.0,75350000.0,no_rows,S100YOFS,clean,株式会社日本オーエー研究所,1,board,110000.0,75350000.0,100.0,2026-06-15,5241,1608000.0,2026-07-03,110000.0,2026-06-16,
2026-06-30,6000000.0,10000000000.0,,,,,no_rows,S100YOM7,unverified,丸一鋼管株式会社,2,board,,,,2026-05-13,5463,252000000.0,2026-07-03,30376866.0,2027-03-31,2026-05-14
2026-06-30,300000.0,1500000000.0,,,62600.0,259460500.0,no_rows,S100YO6V,clean,株式会社ニチリン,2,board,36800.0,151238500.0,17.3,2026-05-13,5184,14371500.0,2026-07-03,1224533.0,2026-12-18,2026-05-14
2026-06-30,500000.0,700000000.0,,,246100.0,178355600.0,no_rows,S100YOKT,clean,株式会社ラキール,2,board,17100.0,12399700.0,25.5,2026-05-15,4074,7707500.0,2026-07-03,1021823.0,2027-01-31,2026-02-16
,380000.0,647900000.0,,,380000.0,647900000.0,no_rows,S100YOL0,clean,栗林商船株式会社,1,board,380000.0,647900000.0,100.0,2026-06-23,9171,12739696.0,2026-07-03,403856.0,2026-06-24,2026-06-23
2026-06-30,2000000.0,6000000000.0,,,749700.0,2917336200.0,no_rows,S100YOEN,clean,株式会社ミライト・ワン,2,board,387400.0,1491750200.0,48.62,2026-05-12,1417,91325329.0,2026-07-03,2965621.0,2026-10-31,2026-05-13
2026-06-30,125000.0,100000000.0,,,,,no_rows,S100YONH,clean,株式会社きちりホールディングス,2,board,,,0.0,2025-08-08,3082,11324600.0,2026-07-03,24923.0,2026-06-30,2025-08-24
2026-06-30,280000.0,500000000.0,,,,,no_rows,S100YOE8,unverified,ブルドックソース株式会社,2,board,,,,2026-04-24,2804,13208780.0,2026-07-03,441763.0,2027-03-19,2026-05-18
2026-06-30,80000.0,50000000.0,,,54400.0,36650900.0,no_rows,S100YOOI,clean,株式会社シノプス,2,board,12400.0,7794300.0,73.3,2026-02-12,4428,6259000.0,2026-07-03,50607.0,2026-08-13,2026-02-13
2026-06-30,1424900.0,1600000000.0,,,34100.0,70463200.0,no_rows,S100YOO7,clean,日本トムソン株式会社,2,board,34100.0,70463200.0,4.4,2026-05-11,6480,73501425.0,2026-07-03,2276057.0,2026-09-30,2026-05-12
2026-06-30,15000000.0,30000000000.0,,,11104900.0,29999887350.0,no_rows,S100YOI9,clean,株式会社　クボタ,2,board,11104900.0,29999887350.0,100.0,2026-04-21,6326,1138716846.0,2026-07-03,11131181.0,2026-12-18,2026-04-22
2026-06-30,17000000.0,69000000000.0,,,1596800.0,9746977500.0,unverified,S100YO67,clean,ＳＯＭＰＯホールディングス株式会社,2,board,1596800.0,9746977500.0,14.1,2026-05-20,8630,934228767.0,2026-07-03,41996275.0,2026-11-18,2026-06-02
2026-06-30,700000.0,700000000.0,,,463400.0,498897400.0,no_rows,S100YOJC,clean,藤倉化成株式会社,1,board,463400.0,498897400.0,71.27,2026-05-14,4620,30850000.0,2026-07-03,2152026.0,2026-08-31,2026-06-01
2026-06-30,625000.0,2500000000.0,,,228000.0,1078154000.0,no_rows,S100YOLG,clean,日本カーボン株式会社,2,board,122800.0,578412500.0,43.13,2026-02-10,5302,11832504.0,2026-07-03,1003913.0,2026-08-31,2026-03-02
2026-06-30,800000.0,50000000000.0,,,270200.0,17886095000.0,no_rows,S100YOQB,clean,ＳＭＣ株式会社,2,board,176800.0,11710762000.0,35.8,2026-05-14,6273,63869359.0,2026-07-03,989381.0,2027-03-24,2026-05-20
2026-06-30,150000.0,20000000.0,,,149700.0,19999300.0,no_rows,S100YO4A,clean,ダイトウボウ株式会社,2,board,15400.0,2227300.0,100.0,2026-05-08,3202,30360000.0,2026-07-03,500726.0,2026-06-12,2026-05-18
2026-06-30,125000.0,150000000.0,,,63000.0,75505700.0,no_rows,S100YOJT,clean,株式会社クレオ,2,board,39900.0,47754900.0,50.3,2026-05-08,9698,8585688.0,2026-07-03,533311.0,2026-11-30,2026-05-11
2026-06-30,80000.0,40000000.0,,,69100.0,39949400.0,no_rows,S100YO8J,clean,株式会社ＰＯＰＥＲ,2,board,,,99.87,2026-03-12,5134,3944478.0,2026-07-03,69198.0,2026-09-30,2026-03-13
2026-06-30,5000000.0,25000000000.0,,,2113400.0,19473234100.0,no_rows,S100YOH7,clean,株式会社オープンハウスグループ,2,board,411000.0,3456389600.0,77.89,2025-11-14,3288,116735700.0,2026-07-03,6285877.0,2026-09-30,2025-11-17
2026-06-30,6000000.0,600000000.0,,,4883000.0,485869900.0,no_rows,S100YOQT,clean,ＭＲＫホールディングス株式会社,2,board,488900.0,47073400.0,80.98,2026-02-25,9980,101295071.0,2026-07-03,9645603.0,2027-02-25,2026-02-26
2026-06-30,1500000.0,3000000000.0,,,63800.0,172637450.0,no_rows,S100YOPV,clean,日本瓦斯株式会社,2,board,63100.0,170749200.0,5.75,2026-05-15,8174,107951798.0,2026-07-03,1425779.0,2027-03-31,2026-05-18
2026-06-30,600000.0,1200000000.0,,,555700.0,1041554000.0,no_rows,S100YOKM,clean,モリト株式会社,2,board,120700.0,212143400.0,86.8,2026-01-14,9837,25357091.0,2026-07-03,1442909.0,2027-01-14,2026-01-15
2026-06-30,100000000.0,250000000000.0,,,6350700.0,39647189900.0,no_rows,S100YODN,clean,オリックス株式会社,2,board,4657100.0,29072591100.0,15.86,2026-05-11,8591,1095267781.0,2026-07-03,28838843.0,2027-03-31,2026-05-22
2026-06-30,25000000.0,50000000000.0,,,17958500.0,46976711650.0,clean,S100YOOT,clean,株式会社ディー・エヌ・エー,2,board,4099400.0,10570759000.0,93.95,2026-02-27,2432,122145545.0,2026-07-03,28428345.0,2027-02-26,2026-03-02
2026-06-30,450000.0,1000000000.0,,,207500.0,529577791.0,no_rows,S100YORX,clean,ＳＥＣカーボン株式会社,2,board,94100.0,235139493.0,52.96,2026-05-14,5304,20694340.0,2026-07-03,854195.0,2026-11-30,2026-05-15
2026-06-30,1250000.0,500000000.0,,,637300.0,302188300.0,no_rows,S100YOS3,clean,ＡｎｙＭｉｎｄ　Ｇｒｏｕｐ株式会社,2,board,428100.0,196382100.0,60.44,2026-05-14,5027,61400200.0,2026-07-03,1887300.0,2026-08-31,2026-05-18
2026-06-30,7200000.0,30000000000.0,,,3463100.0,26412939172.0,no_rows,S100YOQX,clean,日本特殊陶業株式会社,2,board,316400.0,3253989600.0,88.0,2025-10-31,5334,199247720.0,2026-07-03,3792682.0,2026-10-31,2025-11-01
2026-06-30,200000.0,140000000.0,,,50200.0,28456700.0,no_rows,S100YOSJ,clean,笹徳印刷株式会社,2,board,8400.0,4666000.0,20.33,2026-02-12,3958,6185000.0,2026-07-03,745186.0,2027-02-12,2026-02-13
2026-06-30,16000000.0,30000000000.0,,,534900.0,1847580500.0,no_rows,S100YORW,clean,ＧＭＯインターネットグループ株式会社,2,board,534900.0,1847580500.0,6.16,2026-02-12,9449,107349121.0,2026-07-03,9818474.0,2027-02-10,2026-02-13
2026-06-30,,,,,25000.0,31903856.0,clean,S100YOE9,clean,タビオ株式会社,2,board,,,85.08,2025-10-07,2668,6813880.0,2026-07-03,18275.0,2026-10-07,2025-10-08
2026-06-30,9000000.0,40000000000.0,,,5639500.0,32395677600.0,clean,S100YNKB,clean,鹿島建設株式会社,2,board,3777500.0,21645391100.0,80.98,2026-05-14,1812,528656011.0,2026-07-03,66439331.0,2026-09-30,2026-05-15
2026-06-30,500000.0,5305000000.0,,,453500.0,4811635000.0,no_rows,S100YOLW,clean,株式会社メガチップス,2,board,453500.0,4811635000.0,90.7,2026-02-06,6875,19046900.0,2026-07-03,4975257.0,2026-12-30,2026-02-09
2026-06-30,400000.0,300000000.0,,,262200.0,207089300.0,no_rows,S100YOSY,clean,株式会社Ｅｎｊｉｎ,2,board,56600.0,40196200.0,69.03,2026-01-13,7370,7298200.0,2026-07-03,534482.0,2026-07-31,2026-01-14
2026-06-30,202000.0,700000000.0,,,130000.0,457255000.0,no_rows,S100YOT4,clean,株式会社Ａｒｅｎｔ,2,board,19100.0,65455500.0,65.32,2026-01-05,5254,6954295.0,2026-07-03,130336.0,2027-01-05,2026-01-06
2026-06-30,650000.0,1300000000.0,,,535200.0,1216728900.0,no_rows,S100YOVF,clean,丸大食品株式会社,2,board,132900.0,293002500.0,93.59,2026-02-24,2288,26505581.0,2026-07-06,2432892.0,2026-09-30,2026-03-12
2026-06-30,1500000.0,2500000000.0,,,0.0,0.0,no_rows,S100YO3X,clean,株式会社ナカニシ,2,board,,,0.0,2026-02-12,7716,92218200.0,2026-07-06,9166718.0,2026-12-30,2026-02-13
2026-06-30,1000000.0,1000000000.0,,,854600.0,999946867.0,no_rows,S100YOQ7,clean,株式会社プロネクサス,2,board,,,100.0,2025-11-10,7893,27716688.0,2026-07-06,3062209.0,2026-06-23,2025-11-11
2026-06-30,2000000.0,2500000000.0,,,1277500.0,2499843500.0,no_rows,S100YOGK,clean,株式会社　百五銀行,2,board,94400.0,176729200.0,99.99,2026-05-12,8368,254119000.0,2026-07-06,12729282.0,2026-09-30,2026-05-13
2026-06-30,,,,,402100.0,1264604500.0,no_rows,S100YOMF,clean,千代田インテグレ株式会社,1,board,402100.0,1264604500.0,100.0,2026-06-11,6915,9628929.0,2026-07-06,1215901.0,2026-06-12,
2026-06-30,240000.0,600000000.0,250000.0,500189522.0,206100.0,489715400.0,clean,S100YOVT,clean,タキヒヨー株式会社,2,board,,,81.6,2026-01-14,9982,8550000.0,2026-07-06,115665.0,2027-01-14,2026-01-15
2026-06-30,400000.0,360000000.0,,,400000.0,299416500.0,no_rows,S100YO45,clean,フジ住宅株式会社,2,board,242100.0,181957300.0,83.17,2026-05-15,8860,36849912.0,2026-07-06,985459.0,2026-08-25,2026-05-18
2026-06-30,44429000.0,130000000000.0,,,26574000.0,68702746812.0,no_rows,S100YOVZ,clean,川崎汽船株式会社,2,board,26574000.0,68702746812.0,52.84,2026-05-29,9107,639172067.0,2026-07-06,27688418.0,2026-09-30,2026-06-01
2026-06-30,60000.0,235800000.0,,,60000.0,235800000.0,no_rows,S100YOV8,clean,株式会社ＲＹＯＤＥＮ,1,board,,,100.0,2026-06-04,8084,21612037.0,2026-07-06,115301.0,2026-06-05,2026-06-05
2026-06-30,890000.0,1000000000.0,,,603500.0,999969200.0,no_rows,S100YOWH,clean,株式会社中央倉庫,2,board,,,99.99,2025-11-10,9319,19064897.0,2026-07-06,1287793.0,2026-10-31,2025-11-11
2026-06-30,100000.0,100000000.0,,,40400.0,53347600.0,no_rows,S100YOTR,clean,東部ネットワーク株式会社,2,board,8500.0,10647100.0,53.3,2025-08-08,9036,5749000.0,2026-07-06,154914.0,2026-08-07,2025-08-12
2026-06-30,20000000.0,60000000000.0,,,11766800.0,59999869500.0,no_rows,S100YOWW,clean,丸紅株式会社,2,board,7662500.0,37530283500.0,100.0,2026-05-01,8002,1660758361.0,2026-07-06,33896144.0,2027-01-29,2026-02-05
2026-06-30,550000.0,1000000000.0,,,258400.0,605330500.0,no_rows,S100YOWY,clean,安田倉庫株式会社,2,board,49400.0,112010400.0,60.53,2026-02-16,9324,28710689.0,2026-07-06,1649311.0,2027-02-26,2026-03-04
2026-06-30,4000000.0,1000000000.0,,,,,no_rows,S100YOSB,unverified,ＥＮＥＣＨＡＮＧＥ株式会社,1,board,,,,2026-06-22,4169,42917292.0,2026-07-06,1158.0,2027-06-30,2026-08-10
2026-06-30,1600000.0,2000000000.0,,,543800.0,712833600.0,no_rows,S100YOXH,clean,株式会社リテールパートナーズ,2,board,262300.0,343957800.0,35.64,2026-04-13,8167,46646059.0,2026-07-06,4256731.0,2026-08-31,2026-04-15
2026-06-30,4000000.0,20000000000.0,,,1553000.0,9999913900.0,no_rows,S100YOXI,clean,日本電気硝子株式会社,2,board,,,50.0,2026-02-06,5214,89523246.0,2026-07-06,15839576.0,2026-12-23,2026-02-09
2026-06-30,1900000.0,3000000000.0,,,1429400.0,2999793200.0,no_rows,S100YOTX,clean,宝ホールディングス株式会社,2,board,659400.0,1444475650.0,99.99,2026-05-13,2531,197252043.0,2026-07-06,5807689.0,2026-06-30,2026-05-15
2026-06-30,200000.0,150000000.0,,,200000.0,142830600.0,no_rows,S100YOOK,clean,シンクレイヤ株式会社,2,board,,,95.22,2025-11-13,1724,4743780.0,2026-07-06,264657.0,2026-10-23,2025-11-14
2026-06-30,500000.0,200000000.0,,,27400.0,9698500.0,no_rows,S100YOYM,clean,日亜鋼業株式会社,2,board,21500.0,7607200.0,4.84,2026-05-14,5658,51755478.0,2026-07-06,6845619.0,2026-06-30,2026-06-01
2026-06-30,1500000.0,3000000000.0,,,0.0,0.0,no_rows,S100YOYR,clean,ロート製薬株式会社,2,board,,,0.0,2026-03-26,4527,236178310.0,2026-07-06,10214018.0,2026-12-31,2026-03-27
2026-06-30,1580000.0,300000000.0,,,283500.0,59170200.0,no_rows,S100YOZ0,clean,株式会社スマートドライブ,1,board,283500.0,59170200.0,19.7,2026-06-16,5137,37959480.0,2026-07-06,610128.0,2026-07-16,2026-06-17
2026-06-30,680000.0,1000000000.0,,,,,no_rows,S100YOZ5,unverified,三谷セキサン株式会社,1,board,,,,2026-06-24,5273,83946396.0,2026-07-06,13694276.0,2027-06-24,2026-06-25
2026-06-30,300000.0,900000000.0,,,119300.0,270474700.0,no_rows,S100YOZH,clean,株式会社エコス,2,board,62000.0,140576400.0,30.0,2026-04-14,7520,11648917.0,2026-07-06,513936.0,2027-04-30,2026-04-21
2026-06-30,300000.0,1140000000.0,,,255600.0,1139707500.0,no_rows,S100YOZP,clean,中外炉工業株式会社,2,board,32100.0,134453500.0,100.0,2026-04-28,1964,7800000.0,2026-07-06,818497.0,2026-08-31,2026-04-30
2026-06-30,300000.0,500000000.0,,,48600.0,82074100.0,no_rows,S100YP0E,clean,株式会社ソフトクリエイトホールディングス,1,board,48600.0,82074100.0,16.4,2026-06-15,3371,27550278.0,2026-07-06,2077788.0,2026-09-30,2026-06-16
2026-07-06,24000000.0,30000000000.0,,,0.0,0.0,no_rows,S100YP1K,clean,キッコーマン株式会社,2,board,,,0.0,2026-04-24,2801,969416010.0,2026-07-06,41676038.0,2027-03-31,2026-05-07
2026-06-30,2200000.0,10000000000.0,,,710200.0,4565189100.0,clean,S100YP1S,clean,株式会社ほくほくフィナンシャルグループ,2,board,357100.0,2279715200.0,45.65,2026-05-11,8377,121120114.0,2026-07-06,1329316.0,2026-09-30,2026-05-12
2026-06-30,2300000.0,7000000000.0,,,1752600.0,6968993500.0,no_rows,S100YP2F,clean,ライト工業株式会社,2,board,108200.0,428941000.0,99.6,2026-02-05,1926,42970450.0,2026-07-06,1780889.0,2026-12-31,2026-02-06
2026-06-30,1650000.0,1800000000.0,,,1650000.0,1706049800.0,no_rows,S100YP2R,clean,株式会社ビジョン,2,board,1190300.0,1213077000.0,94.78,2026-05-22,9416,50938600.0,2026-07-06,2039337.0,2026-06-22,2026-05-25
2026-06-30,650000.0,1000000000.0,,,303300.0,604744100.0,no_rows,S100YOUL,clean,株式会社オロ,2,board,70400.0,143862100.0,60.47,2026-03-13,3983,15600453.0,2026-07-06,311051.0,2026-09-30,2026-03-18
2026-06-30,2329100.0,12091003600.0,,,,,no_rows,S100YOYX,unverified,ホシザキ株式会社,2,board,,,,2026-02-13,6465,144890100.0,2026-07-06,6615580.0,2026-11-30,2026-02-17
2026-06-30,146000000.0,300000000000.0,,,,,clean,S100YO85,unverified,ＫＤＤＩ株式会社,2,board,,,,2026-05-12,9433,4007450967.0,2026-07-06,200111982.0,2027-01-31,2026-05-13
2026-06-30,156544000.0,250000000000.0,,,19074500.0,68744905700.0,no_rows,S100YOG1,clean,京セラ株式会社,2,board,19074500.0,68744905700.0,27.5,2026-04-30,6971,1419100820.0,2026-07-06,120769576.0,2027-03-24,2026-05-01
2026-06-30,2500000.0,1000000000.0,,,1869600.0,999990100.0,no_rows,S100YP2L,clean,株式会社ＧＥＮＤＡ,2,board,177100.0,108767600.0,100.0,2026-05-01,9166,188160982.0,2026-07-06,6277976.0,2026-06-30,2026-05-07
2026-06-30,13000000.0,20000000000.0,,,5905000.0,9777724300.0,no_rows,S100YOCG,clean,東急株式会社,2,board,3280400.0,5488563350.0,48.89,2026-05-12,9005,624869876.0,2026-07-06,57756002.0,2027-03-31,2026-05-13
2026-06-30,241400.0,518768600.0,,,241400.0,518768600.0,clean,S100YP2K,clean,株式会社長栄,1,board,241400.0,518768600.0,100.0,2026-06-25,2993,4473400.0,2026-07-06,327332.0,2026-06-26,2026-06-26
2026-06-30,2500000.0,2000000000.0,,,,,no_rows,S100YP34,unverified,株式会社チェンジホールディングス,2,board,,,,2026-05-14,3962,73852362.0,2026-07-06,4273415.0,2026-11-30,2026-05-15
2026-06-30,10000000.0,20000000000.0,7307400.0,19417515576.0,933600.0,3409300000.0,clean,S100YOSI,clean,ブラザー工業株式会社,2,board,419400.0,1591946000.0,17.05,2026-05-08,6448,250448530.0,2026-07-06,2385827.0,2027-04-30,2026-05-11
2026-06-30,43000000.0,30000000000.0,,,2528300.0,2841787300.0,no_rows,S100YP36,clean,株式会社ＺＯＺＯ,1,board,2528300.0,2841787300.0,9.5,2026-06-16,3092,892032372.0,2026-07-06,10235641.0,2026-12-30,2026-06-17
2026-05-31,1600000.0,820000000.0,,,1455000.0,744960000.0,no_rows,S100YP0A,clean,株式会社ナック,1,board,1455000.0,744960000.0,90.8,2026-05-15,9788,46613500.0,2026-07-06,5972027.0,2026-05-18,2026-05-18
2026-06-30,65000000.0,100000000000.0,,,23239300.0,46153249800.0,clean,S100YOY4,clean,株式会社アイシン,2,board,23239300.0,46153249800.0,46.15,2026-04-28,7259,726023902.0,2026-07-06,24507396.0,2027-03-31,2026-04-30
2026-06-30,1700000.0,2500000000.0,,,1395100.0,2499892600.0,no_rows,S100YP3Z,partial,株式会社ＳＨＯＥＩ,2,board,,,82.1,2025-11-14,7839,52318616.0,2026-07-06,1115902.0,2026-06-30,2025-11-17
2026-06-30,1000000.0,2000000000.0,,,251200.0,380765400.0,no_rows,S100YP2O,clean,株式会社クレスコ,2,board,140200.0,208300200.0,19.0,2026-05-08,4674,42000000.0,2026-07-07,1857825.0,2026-11-30,2026-05-11
2026-06-30,3000000.0,5500000000.0,,,3000000.0,4829517000.0,no_rows,S100YOOB,clean,ＤＣＭホールディングス株式会社,2,board,,,87.8,2025-12-26,3050,146500000.0,2026-07-07,4868704.0,2026-06-30,2025-12-29
2026-06-30,23000000.0,25000000000.0,,,4417500.0,6455927150.0,no_rows,S100YOKF,clean,株式会社リコー,2,board,2741000.0,4036251100.0,25.82,2026-05-12,7752,569733178.0,2026-07-07,4514494.0,2026-11-30,2026-05-13
2026-06-30,1000000.0,1500000000.0,,,207900.0,341052900.0,no_rows,S100YP6K,clean,アネスト岩田株式会社,2,board,118200.0,192725900.0,22.7,2026-05-12,6381,41745505.0,2026-07-07,2364355.0,2026-12-31,2026-05-13
2026-06-30,10000000.0,50000000000.0,,,,,clean,S100YOKJ,unverified,ファナック株式会社,2,board,,,,2026-04-24,6954,982272430.0,2026-07-07,49114481.0,2027-04-30,2026-05-01
2026-06-30,588000.0,1000000000.0,2800000.0,1662822964.0,134400.0,191358100.0,clean,S100YP01,clean,株式会社ベルテクスコーポレーション,2,board,134400.0,191358100.0,19.1,2026-05-28,5290,54906700.0,2026-07-07,4816440.0,2026-09-30,2026-06-01
2026-06-30,1500000.0,2500000000.0,,,169100.0,375040800.0,no_rows,S100YP6L,clean,テイカ株式会社,2,board,95400.0,220299700.0,15.0,2026-05-13,4027,22914414.0,2026-07-07,252831.0,2027-03-19,2026-05-14
2026-06-30,750000.0,285000000.0,,,30800.0,10409300.0,no_rows,S100YP3Q,clean,株式会社　シャルレ,2,board,30800.0,10409300.0,3.65,2026-05-14,9885,16086250.0,2026-07-07,1202228.0,2027-03-23,2026-06-01
2026-06-30,170000.0,500000000.0,,,,,no_rows,S100YOWX,unverified,株式会社山形銀行,2,board,,,,2026-05-15,8344,32216115.0,2026-07-07,1179680.0,2026-08-31,2026-05-18
2026-06-30,560000.0,468000000.0,,,537800.0,467928700.0,no_rows,S100YOD4,clean,株式会社ウエスコホールディングス,2,board,,,100.0,2025-09-12,6091,13727553.0,2026-07-07,586234.0,2026-06-30,2025-09-16
2026-06-30,1200000.0,2500000000.0,,,185900.0,379151000.0,no_rows,S100YP73,clean,株式会社鶴見製作所,2,board,92500.0,191810000.0,15.2,2026-05-12,6351,50826972.0,2026-07-07,3048756.0,2026-11-11,2026-05-13
2026-06-30,21000000.0,70000000000.0,20044102.0,93926661972.0,14707100.0,69999503980.0,clean,S100YP7H,clean,株式会社野村総合研究所,2,board,878400.0,4679160730.0,100.0,2026-04-24,4307,561197409.0,2026-07-07,1500020.0,2026-08-31,2026-05-15
2026-06-30,700000.0,800000000.0,,,508000.0,799977900.0,no_rows,S100YP6P,clean,北興化学工業株式会社,2,board,,,99.99,2025-07-11,4992,27485531.0,2026-07-07,1545352.0,2026-07-13,2025-07-14
2026-06-30,2400000.0,6000000000.0,,,588000.0,2020435883.0,no_rows,S100YP7D,clean,ダイワボウホールディングス株式会社,2,board,345300.0,1184516789.0,33.67,2026-05-13,3107,88479028.0,2026-07-07,2153637.0,2026-10-16,2026-05-14
2026-06-30,4200000.0,10000000000.0,,,810000.0,1894368550.0,no_rows,S100YOL1,clean,株式会社八十二長野銀行,2,board,570000.0,1340052050.0,18.94,2026-05-15,8359,493767424.0,2026-07-07,38130157.0,2026-12-30,2026-05-18
2026-06-30,600000.0,200000000.0,,,3800.0,1600900.0,no_block,S100YP7P,clean,株式会社ガイアックス,1,board,3800.0,1600900.0,0.8,2026-06-22,3775,5337452.0,2026-07-07,238542.0,2026-06-23,
2026-06-30,,,,,160000.0,141660500.0,no_rows,S100YOX1,clean,株式会社ライトアップ,2,board,51700.0,40027600.0,70.8,2026-05-15,6580,5806000.0,2026-07-07,835384.0,2026-09-30,2026-05-18
2026-06-30,1000000.0,350000000.0,,,133500.0,51986300.0,no_rows,S100YLV2,clean,株式会社うるる,2,board,96300.0,37321300.0,14.9,2026-05-26,3979,27677464.0,2026-07-07,157636.0,2027-05-26,2026-05-27
2026-06-30,75000000.0,150000000000.0,,,,,no_rows,S100YP5Q,clean,株式会社村田製作所,2,board,,,0.0,2026-04-30,6981,1963001843.0,2026-07-07,142712565.0,2027-01-29,2026-05-11
2026-06-30,,,,,3574600.0,5011553808.0,no_rows,S100YP0L,clean,レンゴー株式会社,2,board,2153200.0,3010735069.0,20.05,2026-05-14,3941,271056029.0,2026-07-07,26483388.0,2027-01-29,2026-05-15
2026-06-30,1700000.0,5000000000.0,,,1700000.0,4686028950.0,no_rows,S100YP6J,clean,日油株式会社,2,board,1030700.0,2778994500.0,93.72,2026-05-11,4403,236524128.0,2026-07-07,11675630.0,2026-06-30,2026-05-12
2026-06-30,2000000.0,3000000000.0,,,1235800.0,1331158600.0,no_rows,S100YP6F,clean,株式会社サーラコーポレーション,2,board,296000.0,298040800.0,44.37,2026-03-02,2734,66041147.0,2026-07-07,2783305.0,2026-11-30,2026-03-04
2026-06-30,80000000.0,150000000000.0,,,10852100.0,27040890050.0,no_rows,S100YP7J,clean,株式会社ＳＵＢＡＲＵ,2,board,10852100.0,27040890050.0,18.03,2026-05-15,7270,717335273.0,2026-07-07,12359591.0,2027-03-16,2026-05-18
2026-06-30,15000000.0,20000000000.0,,,10086900.0,19999818350.0,no_rows,S100YOZK,clean,株式会社日清製粉グループ本社,2,board,,,100.0,2025-10-30,2002,282111891.0,2026-07-07,2360241.0,2026-06-23,2025-11-05
2026-06-30,1000000.0,2700000000.0,,,,,no_rows,S100YP85,unverified,積水樹脂株式会社,2,board,,,,2026-05-13,4212,31813598.0,2026-07-07,1764664.0,2027-03-31,2026-05-15
2026-06-30,2850000.0,2000000000.0,,,804500.0,830297490.0,no_rows,S100YP7E,clean,ダイキョーニシカワ株式会社,2,board,561100.0,576991494.0,41.5,2026-05-13,4246,70997800.0,2026-07-07,5940673.0,2026-09-30,2026-05-14
2026-06-30,150000.0,200000000.0,,,101200.0,199992700.0,no_rows,S100YP97,clean,株式会社山王,2,board,,,100.0,2026-03-13,3441,5000000.0,2026-07-07,758103.0,2026-10-30,2026-03-16
2026-06-30,20000000.0,20000000000.0,,,,,no_rows,S100YP9G,unverified,エムスリー株式会社,2,board,,,,2026-05-01,2413,679124800.0,2026-07-07,11695139.0,2027-04-30,2026-05-02
2026-06-30,32000000.0,20000000000.0,,,6648800.0,9935751200.0,no_rows,S100YOIF,clean,アズビル株式会社,2,board,2201600.0,3541707600.0,49.68,2026-05-13,6845,541372736.0,2026-07-07,30171445.0,2026-10-30,2026-05-14
2026-06-30,82000000.0,50000000000.0,,,24863100.0,31170643150.0,no_rows,S100YORM,clean,ＥＮＥＯＳホールディングス株式会社,2,board,18242000.0,22608123350.0,62.34,2026-05-14,5020,2706766549.0,2026-07-07,32230591.0,2026-09-30,2026-05-21
2026-06-30,5000000.0,5000000000.0,,,1553100.0,2884376400.0,no_rows,S100YP9R,clean,株式会社大阪ソーダ,2,board,346900.0,646601800.0,57.7,2026-05-12,4046,133660085.0,2026-07-07,12361260.0,2026-09-30,2026-05-13
2026-06-30,1300000.0,6000000000.0,,,,,no_rows,S100YPA9,clean,キッセイ薬品工業株式会社,2,board,,,0.0,2026-05-11,4547,46541985.0,2026-07-07,5090040.0,2026-12-31,2026-05-12
2026-06-30,9000000.0,30000000000.0,,,,,no_rows,S100YP84,clean,横河電機株式会社,2,board,1905600.0,9482768200.0,67.3,2026-05-07,6841,257201210.0,2026-07-07,6633848.0,2026-05-08,
2026-06-30,46000000.0,60000000000.0,,,38948300.0,59999856150.0,clean,S100YP0M,clean,オリンパス株式会社,2,board,,,100.0,2026-05-12,7733,1114485700.0,2026-07-07,51666048.0,2027-03-31,2026-05-13
2026-06-30,10000000.0,50000000000.0,,,10000000.0,45277525917.0,no_rows,S100YP6M,clean,豊田合成株式会社,2,board,,,90.56,2025-11-20,7282,117614147.0,2026-07-07,361860.0,2027-01-06,2026-01-07
2026-06-30,30000000.0,50000000000.0,,,2638400.0,7205505800.0,no_rows,S100YP5E,clean,大日本印刷株式会社,2,board,1195800.0,3178502250.0,14.41,2026-05-13,7912,439480692.0,2026-07-07,10663474.0,2027-03-31,2026-05-14
2026-06-30,20000000.0,50000000000.0,,,14368400.0,49999921400.0,no_rows,S100YOUS,clean,ＴＩＳＩ株式会社,2,board,,,100.0,2026-03-10,3626,228400000.0,2026-07-07,17410865.0,2026-09-30,2026-03-11
2026-06-30,95200.0,100000000.0,,,15500.0,15574400.0,no_rows,S100YP35,clean,ブランディングテクノロジー株式会社,2,board,10900.0,10853000.0,15.57,2026-05-21,7067,1602215.0,2026-07-07,15500.0,2026-11-25,2026-05-26
2026-06-30,1300000.0,2000000000.0,,,694700.0,1700599556.0,no_rows,S100YP95,clean,藤倉コンポジット株式会社,2,board,96300.0,245994393.0,85.03,2025-12-25,5121,20074968.0,2026-07-07,694834.0,2026-07-31,2026-01-05
2026-06-30,2100000.0,5000000000.0,16000000.0,46579745475.0,1981500.0,4999851200.0,clean,S100YPA6,clean,ガンホー・オンライン・エンターテイメント株式会社,2,board,,,99.99,2026-02-13,3765,53161416.0,2026-07-07,794532.0,2026-06-23,2026-02-16
2026-06-30,1400000.0,7000000000.0,,,86700.0,480803200.0,no_rows,S100YPA8,clean,株式会社カネカ,2,board,86700.0,480803200.0,6.9,2026-05-14,4118,63000000.0,2026-07-07,2857530.0,2027-03-24,2026-05-15
2026-06-30,,,,,13405600.0,34543233700.0,clean,S100YP9P,clean,キリンホールディングス株式会社,2,board,2387100.0,6428574700.0,43.18,2026-02-13,2503,816000000.0,2026-07-07,17662481.0,2027-02-12,2026-03-06
2026-06-30,11000000.0,2600000000.0,,,420000.0,83263100.0,no_rows,S100YNZ8,clean,ＲＩＺＡＰグループ株式会社,2,board,328000.0,65095100.0,3.2,2026-05-14,2928,596664367.0,2026-07-07,421477.0,2027-05-14,2026-05-15
2026-06-30,1820000.0,2000000000.0,,,1102900.0,1281393700.0,no_rows,S100YOLZ,clean,ＺＡＣＲＯＳ株式会社,2,board,163400.0,201934600.0,64.07,2025-11-06,7917,77071040.0,2026-07-08,5684112.0,2026-06-30,2025-11-07
2026-06-30,13000000.0,15000000000.0,,,5119000.0,8285668440.0,no_rows,S100YPE2,clean,株式会社山善,2,board,1204400.0,2107647364.0,55.2,2026-02-12,8051,95305435.0,2026-07-08,6190759.0,2027-03-03,2026-03-04
2026-06-30,5000000.0,12000000000.0,,,,,no_rows,S100YPEH,clean,スルガ銀行株式会社,2,board,99900.0,241156100.0,2.0,2026-04-24,8358,172139248.0,2026-07-08,2059737.0,2026-12-31,2026-05-15
2026-06-30,220000.0,200000000.0,,,203000.0,199931900.0,no_rows,S100YPEY,clean,理想科学工業株式会社,2,board,137000.0,135461300.0,100.0,2026-05-08,6413,72000000.0,2026-07-08,9297616.0,2026-06-22,2026-05-22
2026-06-30,900000.0,3500000000.0,,,804600.0,2830620444.0,no_rows,S100YPDY,clean,エスペック株式会社,2,board,72000.0,305679989.0,80.87,2025-11-13,6859,23781394.0,2026-07-08,2278280.0,2026-07-31,2025-11-14
2026-06-30,30000000.0,80000000000.0,,,11951600.0,49368790195.0,no_rows,S100YPDQ,clean,味の素株式会社,2,board,1176600.0,6091394595.0,61.71,2025-11-06,2802,977735616.0,2026-07-08,22381875.0,2026-11-30,2025-12-01
2026-06-30,6000000.0,7500000000.0,,,681800.0,1142921600.0,no_rows,S100YNWH,clean,株式会社イエローハット,2,board,421700.0,719167800.0,15.2,2026-05-08,9882,86021392.0,2026-07-08,1143522.0,2027-02-26,2026-05-18
2026-06-30,14000000.0,30000000000.0,,,7957400.0,17750270600.0,no_rows,S100YPF9,clean,株式会社ネクソン,2,board,5061400.0,11230142950.0,59.17,2026-05-14,3659,793516908.0,2026-07-08,7957400.0,2026-07-31,2026-05-15
2026-06-30,2000000.0,4000000000.0,,,338200.0,521704282.0,no_rows,S100YPFD,clean,株式会社バイタルケーエスケー・ホールディングス,2,board,219900.0,338945488.0,13.04,2026-05-14,3151,51902976.0,2026-07-08,3864111.0,2027-03-24,2026-05-15
2026-06-30,,,,,,,no_rows,S100YPG2,partial,富士通株式会社,3,board,,,,2026-04-28,6702,1739778265.0,2026-07-08,5000980.0,2027-03-31,2026-05-01
2026-06-30,,,,,,,no_rows,S100YPG4,partial,株式会社エフ・シー・シー,2,board,,,,2026-05-13,7296,52056530.0,2026-07-08,3622040.0,2026-08-31,2026-05-14
2026-06-30,90000.0,98550000.0,,,82000.0,89790000.0,no_rows,S100YPGB,clean,フルテック株式会社,1,board,82000.0,89790000.0,91.11,2026-06-11,6546,5367800.0,2026-07-08,82151.0,2026-06-12,2026-06-12
2026-06-30,1500000.0,5300000000.0,,,211200.0,1868236593.0,clean,S100YPH0,clean,株式会社ＫＯＫＵＳＡＩ　ＥＬＥＣＴＲＩＣ,2,board,211200.0,1868236593.0,35.25,2026-05-13,6525,238115614.0,2026-07-08,4558425.0,2026-07-31,2026-05-14
2026-06-30,610000.0,260000000.0,,,179700.0,77300300.0,no_rows,S100YPH8,clean,株式会社昭文社ホールディングス,2,board,24300.0,11639300.0,29.73,2025-11-10,9475,18178173.0,2026-07-08,180952.0,2026-11-10,2025-11-11
2026-06-30,,,,,1296800.0,799951300.0,no_rows,S100YPH9,clean,株式会社オーバル,2,board,,,99.99,2025-08-08,7727,21000000.0,2026-07-08,639586.0,2026-08-17,2025-08-18
2026-06-30,200000.0,200000000.0,,,62600.0,64967300.0,no_rows,S100YPGE,clean,共同ピーアール株式会社,1,board,62600.0,64967300.0,32.5,2026-05-14,2436,8814992.0,2026-07-08,118940.0,2026-11-30,2026-06-01
2026-06-30,350000.0,500000000.0,,,273600.0,499954100.0,no_rows,S100YPGF,clean,株式会社セレス,2,board,119800.0,212990800.0,100.0,2026-04-30,3696,12187300.0,2026-07-08,642688.0,2026-12-30,2026-05-01
2026-06-30,4000000.0,10000000000.0,,,427000.0,1502918500.0,clean,S100YP79,clean,雪印メグミルク株式会社,2,board,258300.0,925585000.0,15.03,2026-05-14,2270,63835455.0,2026-07-08,3502644.0,2027-03-12,2026-05-15
2026-06-30,3900000.0,525000000.0,,,1845900.0,323320200.0,no_rows,S100YPI3,clean,ＵＴグループ株式会社,1,board,1281000.0,224711100.0,61.58,2026-05-14,2146,601634745.0,2026-07-08,7732635.0,2026-08-06,2026-05-15
2026-06-30,18400000.0,30000000000.0,,,15000400.0,29999877785.0,no_rows,S100YPDV,clean,三井化学株式会社,2,board,,,100.0,2026-02-05,4183,401687630.0,2026-07-08,40194231.0,2026-07-31,2026-02-06
2026-06-30,300000.0,150000000.0,,,201500.0,112628900.0,no_rows,S100YPFL,clean,リスクモンスター株式会社,2,board,14100.0,7812900.0,75.09,2025-11-07,3768,7636922.0,2026-07-08,224768.0,2026-06-30,2025-11-11
2026-06-30,500000.0,1000000000.0,,,388300.0,633319400.0,clean,S100YPIL,clean,株式会社ユーザーローカル,2,board,79900.0,142981000.0,63.3,2026-02-13,3984,16161800.0,2026-07-08,431502.0,2026-08-05,2026-02-16
2026-06-30,60000.0,150000000.0,,,57800.0,96335500.0,no_rows,S100YPIX,clean,株式会社イメージ・マジック,2,board,7500.0,10669700.0,64.2,2026-02-13,7793,2572235.0,2026-07-08,117856.0,2026-07-31,2026-02-16
2026-06-30,125000.0,500000000.0,,,65800.0,227694500.0,no_rows,S100YP66,clean,株式会社プレミアムウォーターホールディングス,2,board,,,45.54,2026-05-12,2588,30940969.0,2026-07-08,388897.0,2026-12-30,2026-05-13
,225000.0,50000000.0,,,131100.0,22410100.0,no_rows,S100YPFU,clean,カワセコンピュータサプライ株式会社,,board,69300.0,12136300.0,44.82,2026-05-14,7851,5160000.0,2026-07-08,600312.0,2026-06-30,2026-05-15
2026-06-30,4000000.0,20000000000.0,,,2065800.0,19999326100.0,no_rows,S100YPJX,clean,住友金属鉱山株式会社,2,board,,,100.0,2026-05-11,5713,290814015.0,2026-07-08,22330905.0,2026-07-31,2026-05-12
2026-06-30,6000000.0,24000000000.0,,,,,no_rows,S100YPLR,unverified,株式会社クスリのアオキホールディングス,2,board,,,,2025-12-25,3549,95616980.0,2026-07-09,653913.0,2026-12-25,2025-12-26
2026-06-30,25000000.0,50000000000.0,,,209700.0,651191650.0,no_rows,S100YPLT,clean,株式会社アマダ,2,board,209700.0,651191650.0,1.3,2026-05-14,6113,317451417.0,2026-07-09,6970797.0,2027-03-31,2026-06-01
2026-06-30,1000000.0,15000000000.0,1163534.0,18773813073.0,308900.0,5328558000.0,clean,S100YPLQ,clean,ヒロセ電機株式会社,2,board,,,35.52,2025-12-25,6806,34530435.0,2026-07-09,1808925.0,2026-07-31,2026-01-05
2026-06-30,,,,,384900.0,532642000.0,no_rows,S100YPM1,clean,株式会社パルグループホールディングス,2,board,384900.0,532642000.0,38.05,2026-05-27,2726,185088000.0,2026-07-09,11826594.0,2026-08-31,2026-06-01
2026-06-30,80000.0,50000000.0,,,57600.0,45150000.0,no_rows,S100YPML,clean,スローガン株式会社,2,board,2900.0,2157900.0,90.3,2025-11-13,9253,2771875.0,2026-07-09,281174.0,2026-11-16,2025-11-17
2026-06-30,45000000.0,250000000000.0,,,,,clean,S100YPMX,unverified,信越化学工業株式会社,2,board,,,,2026-04-28,4063,1984995865.0,2026-07-09,125301104.0,2027-04-27,2026-05-21
2026-06-30,315000.0,502425000.0,,,315000.0,502425000.0,no_rows,S100YPN4,clean,株式会社プラザホールディングス,1,board,315000.0,502425000.0,100.0,2026-06-05,7502,2437993.0,2026-07-09,316705.0,2026-06-08,2026-06-08
2026-06-30,200000.0,100000000.0,,,63200.0,46811600.0,no_rows,S100YPM9,clean,株式会社タナベコンサルティンググループ,1,board,63200.0,46811600.0,46.81,2026-06-10,9644,34000000.0,2026-07-09,1953456.0,2026-07-31,2026-06-15
2026-06-30,2500000.0,5000000000.0,,,489400.0,1578817391.0,no_rows,S100YPOE,clean,Ｈ．Ｕ．グループホールディングス株式会社,2,board,378300.0,1229152492.0,31.58,2026-05-14,4544,57493222.0,2026-07-09,983622.0,2027-03-31,2026-05-15
2026-06-30,,,,,520300.0,793833800.0,no_rows,S100YPLM,clean,株式会社チノー,2,board,62800.0,103324200.0,61.06,2025-11-12,6850,18520232.0,2026-07-09,2006882.0,2026-11-12,2025-11-13
2026-06-30,1500000.0,2700000000.0,,,579300.0,996631300.0,no_rows,S100YPKP,clean,東京製鐵株式会社,2,board,277500.0,477918900.0,36.91,2026-04-24,5423,110064249.0,2026-07-09,8123434.0,2026-09-30,2026-05-01
2026-06-30,9000000.0,25000000000.0,,,7256800.0,24999676000.0,no_rows,S100YPP3,clean,大東建託株式会社,2,board,,,100.0,2026-01-30,1878,344594895.0,2026-07-09,19174124.0,2027-01-31,2026-01-31
2026-06-30,2500000.0,3000000000.0,,,645300.0,650761900.0,no_rows,S100YPIR,clean,株式会社アドバンスト・メディア,2,board,139700.0,147932800.0,21.69,2026-03-27,3773,18392724.0,2026-07-09,3377633.0,2027-03-27,2026-03-28
2026-06-30,1800000.0,2000000000.0,,,382700.0,499877300.0,no_rows,S100YPPV,clean,ザ・パック株式会社,2,board,243800.0,315095700.0,25.0,2026-02-13,3950,59700000.0,2026-07-09,4449354.0,2026-12-31,2026-02-13
2026-06-30,42000.0,90000000.0,,,,,no_rows,S100YPQ7,unverified,ジャパンエレベーターサービスホールディングス株式会社,1,board,,,,2026-06-22,6544,178784000.0,2026-07-09,20082.0,2026-07-07,2026-07-01
2026-06-30,100000.0,350000000.0,,,33300.0,71891200.0,no_rows,S100YPQ3,clean,ミナトホールディングス株式会社,2,board,29800.0,64149200.0,20.5,2026-05-27,6862,7925714.0,2026-07-09,518704.0,2026-06-30,2026-06-01
2026-06-30,200000.0,200000000.0,,,164800.0,123246900.0,no_rows,S100YPQE,clean,スペースシャワーＳＫＩＹＡＫＩホールディングス株式会社,2,board,31100.0,20150700.0,61.62,2025-11-13,4838,17029205.0,2026-07-09,818708.0,2026-11-30,2025-12-01
2026-06-30,160000000.0,500000000000.0,,,20346300.0,99999580300.0,clean,S100YPQY,clean,株式会社日立製作所,2,board,12425800.0,60561005800.0,20.0,2026-04-27,6501,4535560985.0,2026-07-09,51147667.0,2027-03-31,2026-04-28
2026-06-30,30000.0,220000000.0,,,,,no_rows,S100YPQ6,unverified,北海道中央バス株式会社,2,board,,,,2026-04-30,9085,3146000.0,2026-07-09,231500.0,2026-11-13,2026-05-01
2026-06-30,100000.0,500000000.0,,,67700.0,499478000.0,clean,S100YPSA,clean,シナネンホールディングス株式会社,2,board,6900.0,55049000.0,99.9,2026-02-10,8132,11046591.0,2026-07-09,206647.0,2026-07-31,2026-02-12
2026-06-30,95000000.0,190000000000.0,,,9701500.0,42548211500.0,clean,S100YPS5,clean,ＭＳ＆ＡＤインシュアランスグループホールディングス株式会社,2,board,6201900.0,27591657600.0,22.4,2026-05-20,8725,1492551732.0,2026-07-09,47800941.0,2026-11-18,2026-05-21
2026-06-30,1700000.0,1500000000.0,,,1559100.0,1499989500.0,no_rows,S100YPSK,clean,岡部株式会社,2,board,195300.0,176003100.0,99.99,2026-02-13,5959,47290632.0,2026-07-09,2924888.0,2026-07-24,2026-02-16
2026-06-30,3000000.0,3000000000.0,,,1879700.0,2999861600.0,no_rows,S100YPNU,clean,カバー株式会社,2,board,322500.0,519534300.0,100.0,2026-05-14,5253,65650100.0,2026-07-09,1879784.0,2026-07-08,2026-05-15
2026-06-30,7000000.0,50000000000.0,,,2798100.0,29910995065.0,no_rows,S100YPT2,clean,大塚ホールディングス株式会社,2,board,736700.0,7745976488.0,59.8,2026-02-13,4578,542988917.0,2026-07-09,17595494.0,2026-12-23,2026-02-16
2026-06-30,2500000.0,1740000000.0,,,679800.0,556005200.0,no_rows,S100YPT3,clean,株式会社エアトリ,2,board,203300.0,160681600.0,31.95,2026-05-15,6191,22772065.0,2026-07-09,680109.0,2026-09-30,2026-05-18
2026-06-30,260000.0,4000000000.0,,,145000.0,3265303000.0,no_rows,S100YOSV,clean,上村工業株式会社,2,board,23300.0,538497000.0,81.63,2026-02-09,4966,18099000.0,2026-07-10,2105714.0,2026-09-30,2026-03-02
2026-06-30,900000.0,1500000000.0,,,600700.0,1499867100.0,no_rows,S100YPUT,clean,グローブライド株式会社,2,board,143400.0,352415100.0,99.99,2026-05-13,7990,22800000.0,2026-07-10,1602017.0,2026-09-30,2026-05-14
2026-06-30,11000000.0,10000000000.0,,,3338600.0,4787123200.0,no_rows,S100YPQP,clean,三菱倉庫株式会社,2,board,1066500.0,1559566150.0,47.87,2026-02-27,9301,362135395.0,2026-07-10,21262014.0,2026-10-31,2026-04-01
2026-06-30,430000.0,520000000.0,,,372600.0,428506800.0,no_rows,S100YPUX,clean,クリエートメディック株式会社,2,board,62100.0,67289800.0,82.4,2026-03-27,5187,9664327.0,2026-07-10,1651820.0,2026-10-31,2026-03-30
2026-06-30,5200000.0,12000000000.0,,,3217600.0,9330736041.0,no_rows,S100YOS7,clean,日本テレビホールディングス株式会社,2,board,599900.0,1694133047.0,77.76,2026-05-14,9404,261220180.0,2026-07-10,9486236.0,2026-08-31,2026-05-15
2026-06-30,28000000.0,80000000000.0,14705300.0,70457945049.0,2468800.0,13726718678.0,clean,S100YPMC,clean,大阪瓦斯株式会社,2,board,1014900.0,5559192184.0,17.16,2026-05-08,9532,383176500.0,2026-07-10,2841383.0,2027-03-31,2026-05-11
2026-06-30,310000.0,700000000.0,,,236200.0,541748300.0,no_rows,S100YPV9,clean,株式会社　宮崎太陽銀行,3,board,4200.0,9300500.0,77.39,2026-02-09,8560,5942444.0,2026-07-10,293008.0,2027-02-09,2026-02-10
2026-06-30,300000.0,600000000.0,,,35300.0,59208500.0,no_rows,S100YPMG,clean,株式会社シイエム・シイ,2,board,,,9.9,2025-11-11,2185,14364000.0,2026-07-10,1442462.0,2026-09-30,2025-11-12
2026-06-30,400000.0,500000000.0,,,198600.0,267676400.0,no_rows,S100YPVD,clean,燦ホールディングス株式会社,2,board,140000.0,187666400.0,53.54,2026-05-15,9628,24200000.0,2026-07-10,396252.0,2026-10-31,2026-05-18
2026-06-30,4400000.0,5000000000.0,,,3741300.0,4999944600.0,no_rows,S100YPVF,clean,ショーボンドホールディングス株式会社,2,board,429000.0,538508800.0,100.0,2025-08-12,1414,218980720.0,2026-07-10,18448080.0,2026-06-30,2025-08-13
2026-06-30,400000.0,650000000.0,,,77000.0,118669800.0,no_rows,S100YPUC,clean,株式会社学情,1,board,77000.0,118669800.0,18.26,2026-06-08,2301,15560000.0,2026-07-10,2205335.0,2026-10-31,2026-06-09
2026-06-30,1250000.0,1000000000.0,,,177700.0,145296700.0,no_rows,S100YPUF,clean,朝日放送グループホールディングス株式会社,2,board,88100.0,70208100.0,14.53,2026-05-21,9405,41833000.0,2026-07-10,221045.0,2027-03-31,2026-05-22
2026-06-30,700000.0,1000000000.0,,,425600.0,999870700.0,no_rows,S100YA22,clean,株式会社　西部技研,2,board,,,99.9,2026-02-13,6223,20500000.0,2026-07-10,1066100.0,2026-06-23,2026-02-16
2026-06-30,1000000.0,7000000000.0,,,706200.0,5896573000.0,no_rows,S100YPMT,clean,倉敷紡績株式会社,2,board,58200.0,569525000.0,84.2,2025-11-11,3106,17000000.0,2026-07-10,993598.0,2026-09-30,2025-11-12
2026-06-30,1400000.0,2100000000.0,,,1314400.0,1814473000.0,no_rows,S100YOTM,clean,ＮＣＳ＆Ａ株式会社,2,board,71000.0,86925500.0,86.4,2025-08-19,9709,18000000.0,2026-07-10,3113483.0,2026-07-31,2025-08-20
2026-06-30,43000000.0,30000000000.0,,,21393000.0,30000000000.0,no_rows,S100YPVQ,clean,出光興産株式会社,1,board,3761100.0,5127447900.0,100.0,2025-11-11,5019,1223217590.0,2026-07-10,21642655.0,2026-11-11,2025-11-12
2026-06-30,1300000.0,5000000000.0,2000000.0,5464300000.0,683500.0,2957348450.0,clean,S100YPV1,clean,株式会社カナモト,1,board,90900.0,482270994.0,59.1,2026-06-05,9678,36742241.0,2026-07-10,2572344.0,2026-11-30,2025-12-08
2026-06-30,4170000.0,100000000.0,,,,,no_rows,S100YPVP,unverified,株式会社さいか屋,1,board,,,,2026-06-18,8254,6956314.0,2026-07-10,16315.0,2026-08-31,2026-06-18
2026-06-30,2000000.0,3000000000.0,,,1497300.0,2706525100.0,no_rows,S100YPVY,clean,東亞合成株式会社,2,board,249000.0,429906200.0,90.22,2026-02-12,4045,108000000.0,2026-07-10,1572461.0,2026-12-31,2026-02-13
2026-06-30,165000.0,500000000.0,,,155300.0,,no_rows,S100YPW2,clean,株式会社丸千代山岡家,2,board,155300.0,499867500.0,99.97,2026-05-25,3399,20112800.0,2026-07-10,348842.0,2026-06-30,2026-06-01
2026-06-30,550000.0,1000000000.0,,,81000.0,188714000.0,no_rows,S100YPW1,clean,株式会社ノーリツ,2,board,19200.0,43112100.0,18.9,2026-02-10,5943,48554930.0,2026-07-10,2710673.0,2026-12-31,2026-02-12
2026-06-30,13000000.0,15000000000.0,,,1244100.0,2604697050.0,no_rows,S100YPW6,clean,日本化薬株式会社,2,board,1075800.0,2241852850.0,17.36,2026-05-12,4272,148700000.0,2026-07-10,1441474.0,2027-03-31,2026-05-13
2026-06-30,100000.0,220000000.0,,,100000.0,196919100.0,no_rows,S100YPUL,clean,フィデアホールディングス株式会社,2,board,50000.0,98309700.0,89.5,2026-05-15,8713,18142122.0,2026-07-10,186182.0,2026-06-19,2026-05-18
2026-06-30,50000.0,400000000.0,,,1200.0,9317000.0,no_rows,S100YPSR,clean,株式会社共和工業所,1,board,1200.0,9317000.0,2.3,2026-06-15,5971,1360000.0,2026-07-10,59680.0,2027-05-31,2026-06-16
2026-06-30,9000000.0,27000000000.0,,,1886400.0,8300915700.0,no_rows,S100YPWK,unverified,株式会社京都フィナンシャルグループ,2,board,529000.0,2386160500.0,,2026-05-14,5844,301362752.0,2026-07-10,18859760.0,2027-01-31,2025-11-17
2026-06-30,3000000.0,1500000000.0,,,1789500.0,1499990300.0,no_rows,S100YPNP,clean,株式会社ワコム,2,board,822800.0,715830000.0,100.0,2026-05-12,6727,135000000.0,2026-07-10,2239369.0,2026-06-30,2026-05-13
2026-06-30,700000.0,2000000000.0,,,3400.0,12588500.0,no_rows,S100YPV2,clean,日本セラミック株式会社,2,board,3400.0,12588500.0,0.63,2026-05-08,6929,27231257.0,2026-07-10,6530149.0,2026-07-31,2026-05-11
2026-06-30,450000.0,500000000.0,,,311800.0,497185000.0,no_rows,S100YPWR,clean,株式会社アシロ,2,board,48100.0,69269600.0,99.44,2025-12-11,7378,7418568.0,2026-07-10,392981.0,2026-06-30,2025-12-23
2026-06-30,4600000.0,12000000000.0,,,,,no_rows,S100YPWN,unverified,タカラスタンダード株式会社,2,board,,,,2026-04-30,7981,63361494.0,2026-07-10,130364.0,2027-02-19,2026-05-01
2026-06-30,5000000.0,12000000000.0,,,3900700.0,11999823078.0,no_rows,S100YPVA,clean,月島ホールディングス株式会社,2,board,,,100.0,2025-05-09,6332,40125800.0,2026-07-10,567010.0,2026-08-10,2025-08-12
2026-06-30,900000.0,2000000000.0,,,165800.0,487094998.0,no_rows,S100YPWW,clean,理研ビタミン株式会社,2,board,165800.0,487094998.0,24.35,2026-05-13,4526,30705100.0,2026-07-10,1495101.0,2026-09-30,2026-06-01
2026-06-30,5000000.0,10000000000.0,,,2399000.0,6203814000.0,no_rows,S100YPW7,clean,株式会社椿本チエイン,1,board,2399000.0,6203814000.0,62.04,2026-05-13,6371,106213279.0,2026-07-10,4574155.0,2027-03-31,2026-06-01
2026-06-30,200000.0,500000000.0,,,124100.0,270604200.0,no_rows,S100YPX9,clean,ヨシコン株式会社,2,board,13300.0,28279500.0,54.1,2026-04-30,5280,8030248.0,2026-07-10,1160542.0,2027-03-31,2026-05-01
2026-06-30,250000.0,100000000.0,,,137300.0,57372800.0,no_rows,S100YPQ4,clean,株式会社光陽社,2,board,12900.0,4841300.0,57.37,2025-12-19,7946,4250500.0,2026-07-10,1738475.0,2026-12-21,2025-12-22
2026-06-30,1500000.0,2500000000.0,,,792200.0,1341211800.0,no_rows,S100YPXO,clean,大崎電気工業株式会社,2,board,299200.0,451224400.0,53.6,2026-02-19,6644,46917180.0,2026-07-10,3112466.0,2026-09-30,2026-02-20
2026-06-30,150800.0,301600000.0,,,48300.0,82815500.0,no_rows,S100YPVB,clean,ブリッジインターナショナル株式会社,1,board,48300.0,82815500.0,27.4,2026-06-05,7039,3768600.0,2026-07-10,274579.0,2026-11-30,2026-06-08
2026-06-30,3500000.0,5008500000.0,,,3469400.0,4964711400.0,clean,S100YPXZ,clean,ＮＳグループ株式会社,2,board,,,99.13,2026-05-28,471A,52155600.0,2026-07-10,902600.0,2026-05-29,2026-05-29
2026-06-30,26500000.0,55000000000.0,5531500.0,15709460000.0,,,unverified,S100YPXU,unverified,株式会社ヤクルト本社,2,board,,,,2026-02-10,2267,302753736.0,2026-07-10,15036710.0,2026-06-18,2026-02-12
2026-06-30,1500000.0,4000000000.0,,,180000.0,460825800.0,no_rows,S100YPYA,clean,ＥＩＺＯ株式会社,2,board,180000.0,460825800.0,11.5,2026-05-12,6737,42330820.0,2026-07-10,2976975.0,2027-04-30,2026-05-25
2026-06-30,250000.0,100000000.0,,,178200.0,99959200.0,no_rows,S100YOLC,clean,株式会社ピアズ,2,board,,,100.0,2026-03-19,7066,10185600.0,2026-07-10,1181157.0,2026-09-30,2026-03-23
2026-06-30,22000000.0,13000000000.0,,,5566600.0,5350302300.0,no_rows,S100YPQH,clean,株式会社ＣＣＩグループ,2,board,531700.0,539292100.0,41.15,2025-12-24,7381,229085820.0,2026-07-10,8044558.0,2026-12-23,2026-01-05
2026-06-30,,,,,1478000.0,24599311000.0,no_rows,S100YPWH,clean,株式会社シマノ,2,board,310800.0,5101610500.0,49.2,2026-02-10,7309,86530000.0,2026-07-10,1539103.0,2027-01-31,2026-02-12
2026-06-30,25000000.0,100000000000.0,,,5302700.0,39573651100.0,clean,S100YPYE,clean,株式会社みずほフィナンシャルグループ,2,board,3217600.0,24772914900.0,39.6,2026-05-15,8411,2442831994.0,2026-07-10,6243447.0,2026-08-31,2026-05-18
2026-06-30,2000000.0,6000000000.0,,,181700.0,614153000.0,no_rows,S100YPYH,clean,セーレン株式会社,2,board,181700.0,614153000.0,10.24,2026-05-13,3569,64633646.0,2026-07-10,5999405.0,2027-03-31,2026-05-14
2026-06-30,1600000.0,2800000000.0,,,211300.0,313187500.0,no_rows,S100YPYQ,clean,澁澤倉庫株式会社,2,board,211300.0,313187500.0,11.19,2026-05-22,9304,60870988.0,2026-07-10,3227201.0,2026-10-30,2026-06-01
2026-06-30,40000.0,100000000.0,,,40000.0,61324200.0,no_rows,S100YPZC,clean,株式会社オプロ,2,board,,,61.32,2026-03-16,228A,2340550.0,2026-07-10,40000.0,2026-07-31,2026-03-17
2026-06-30,1500000.0,1500000000.0,,,,,no_rows,S100YPZA,clean,スターゼン株式会社,2,board,,,0.0,2026-05-26,8043,58567656.0,2026-07-10,1425305.0,2026-12-31,2026-07-01
2026-06-30,1200000.0,1000000000.0,,,504800.0,515859000.0,no_rows,S100YPTS,clean,大同メタル工業株式会社,2,board,163600.0,199971700.0,51.59,2026-03-10,7245,47520253.0,2026-07-10,507352.0,2026-08-31,2026-04-20
2026-06-30,3300000.0,3000000000.0,,,2119100.0,2999910900.0,no_rows,S100YPZH,clean,株式会社ＴＳＩホールディングス,2,board,,,100.0,2026-04-10,3608,63438793.0,2026-07-10,6468396.0,2026-10-30,2026-04-13
2026-06-30,190000.0,1000000000.0,,,107800.0,605370000.0,no_rows,S100YPYY,clean,オカモト株式会社,2,board,70600.0,399341000.0,60.53,2025-11-07,5122,17699367.0,2026-07-10,715237.0,2026-09-30,2025-11-10
2026-06-30,900000.0,2000000000.0,,,,,no_rows,S100YPO5,unverified,トーヨーカネツ株式会社,1,board,,,,2026-06-22,6369,16046148.0,2026-07-10,461346.0,2026-09-18,2026-07-01
2026-06-30,350000.0,200000000.0,,,25100.0,9445000.0,no_rows,S100YPZT,clean,株式会社エーアイ,1,board,25100.0,9445000.0,4.72,2026-06-15,4388,6304298.0,2026-07-10,227291.0,2026-06-30,2026-06-16
2026-06-30,7500000.0,150000000000.0,,,207100.0,11474246000.0,clean,S100YPTX,clean,東京エレクトロン株式会社,2,board,207100.0,11474246000.0,7.65,2026-05-29,8035,468032733.0,2026-07-10,12072771.0,2027-03-31,2026-06-01
2026-06-30,64000000.0,350000000000.0,,,7063300.0,52398221900.0,no_rows,S100YPUJ,clean,株式会社リクルートホールディングス,2,board,,,14.97,2026-03-31,6098,1472504149.0,2026-07-10,35531650.0,2026-11-30,2026-04-01
2026-06-30,6600000.0,30000000000.0,,,4166800.0,23181231683.0,no_rows,S100YQ01,clean,株式会社ベイカレント,2,board,2216000.0,12746809785.0,77.27,2026-03-18,6532,155411410.0,2026-07-10,7736146.0,2026-07-31,2026-04-15
,57000.0,100000000.0,,,51900.0,85790700.0,no_rows,S100YQ0Q,clean,株式会社オーシャンシステム,1,board,51900.0,85790700.0,85.8,2026-06-16,3096,10833000.0,2026-07-10,1509050.0,2026-06-17,2026-06-17
,200000.0,120000000.0,,,200000.0,102308200.0,no_rows,S100YHW0,clean,株式会社トーア紡コーポレーション,,board,63800.0,32371200.0,85.26,2026-03-27,3204,8940448.0,2026-07-10,214373.0,2026-06-30,2026-04-01
,25000000.0,30000000000.0,,,2863600.0,4312276500.0,no_rows,S100YPL1,clean,京浜急行電鉄株式会社,,board,1606900.0,2362848800.0,14.37,2026-05-11,9006,275760547.0,2026-07-10,9507164.0,2027-03-31,2026-05-12
2026-06-30,10000000.0,15000000000.0,,,6693700.0,14999880250.0,no_rows,S100YQ0Z,clean,株式会社千葉銀行,2,board,1532000.0,3667507100.0,99.99,2026-03-25,8331,775521087.0,2026-07-10,84370840.0,2026-06-30,2026-04-01
2026-06-30,29400000.0,10000000000.0,,,22284000.0,9999966400.0,no_rows,S100YQ1K,clean,いちご株式会社,2,board,683800.0,306897800.0,100.0,2025-11-06,2337,416600192.0,2026-07-10,24622426.0,2026-10-31,2025-11-07
2026-06-30,30000000.0,19000000000.0,,,19411600.0,18999976587.0,no_rows,S100YPL0,clean,ユニ・チャーム株式会社,2,board,,,100.0,2026-02-12,8113,1862502957.0,2026-07-10,141702640.0,2026-12-17,2026-02-13
2026-06-30,2000000.0,4000000000.0,,,1425100.0,3999560900.0,no_rows,S100YPZI,clean,エクシオグループ株式会社,2,board,416800.0,1170515950.0,99.99,2026-02-06,1951,205624838.0,2026-07-10,2408213.0,2026-06-30,2026-02-09
2026-06-30,,,,,,,no_rows,S100YPUO,partial,株式会社タクマ,2,board,260400.0,899325491.0,38.72,2026-05-14,6013,75689100.0,2026-07-10,3146349.0,2026-09-07,2026-05-15
2026-06-30,30000.0,52500000.0,,,16900.0,17087500.0,no_rows,S100YPWC,clean,株式会社プロジェクトホールディングス,2,board,9500.0,9643700.0,32.55,2026-05-15,9246,5487450.0,2026-07-10,165284.0,2026-08-12,2026-05-18
2026-06-30,600000.0,600000000.0,,,98200.0,146275100.0,no_rows,S100YPNY,clean,ブティックス株式会社,2,board,75900.0,113982000.0,24.38,2026-02-12,9272,10160400.0,2026-07-10,366550.0,2026-12-31,2026-02-13
2026-06-30,1800000.0,2000000000.0,,,116500.0,131355000.0,no_rows,S100YQ1N,clean,日本トランスシティ株式会社,2,board,116500.0,131355000.0,6.57,2026-05-29,9310,66405517.0,2026-07-10,4658085.0,2027-03-31,2026-06-01
2026-06-30,,,,,440907300.0,69849621475.0,no_rows,S100YPLS,clean,ソニーフィナンシャルグループ株式会社,2,board,,,69.85,2025-08-08,8729,6770358214.0,2026-07-10,30933191.0,2026-08-08,2025-09-29
2026-06-30,800000.0,2000000000.0,,,0.0,0.0,no_rows,S100YQ1C,clean,株式会社ｍｅｉｔｏ,2,board,,,0.0,2025-10-14,2207,16651708.0,2026-07-10,349878.0,2026-10-29,2025-10-30
2026-06-30,34000.0,510000000.0,,,,,no_rows,S100YQ46,unverified,イワブチ株式会社,2,board,,,,2026-05-15,5983,1100000.0,2026-07-13,58433.0,2026-12-31,2026-07-01
2026-06-30,700000.0,1100000000.0,,,320100.0,471441000.0,no_rows,S100YPYF,clean,株式会社南陽,2,board,20600.0,29997500.0,42.8,2025-11-10,7417,13230140.0,2026-07-13,1105794.0,2026-11-10,2025-11-11
2026-06-30,1897000.0,2000000000.0,,,389400.0,499990400.0,no_rows,S100YQ2X,clean,高周波熱錬株式会社,2,board,229600.0,294991300.0,25.0,2026-05-13,5976,32805400.0,2026-07-13,590080.0,2027-03-31,2026-05-14
2026-06-30,1200000.0,2000000000.0,,,244900.0,507522400.0,no_rows,S100YPTB,clean,株式会社シーイーシー,1,board,244900.0,507522400.0,25.38,2026-06-11,9692,35168200.0,2026-07-13,4202636.0,2026-11-30,2026-06-12
2026-06-30,12000000.0,30000000000.0,,,1315400.0,6261835487.0,clean,S100YPI0,clean,株式会社Ｔ＆Ｄホールディングス,1,board,1315400.0,6261835487.0,20.87,2026-06-04,8795,488000000.0,2026-07-13,6711558.0,2026-09-30,2026-06-08
2026-06-30,,,,,3510600.0,22416328593.0,no_rows,S100YPH4,clean,セコム株式会社,2,board,1984500.0,12757291312.0,22.42,2026-05-12,9735,466599796.0,2026-07-13,65659927.0,2027-02-25,2026-05-13
2026-06-30,3500000.0,10000000000.0,,,1801300.0,7358425500.0,no_rows,S100YQ54,clean,オークマ株式会社,2,board,156700.0,649515500.0,73.58,2025-12-09,6103,67510308.0,2026-07-13,8799243.0,2026-08-31,2026-01-19
2026-06-30,1050000.0,3000000000.0,,,431200.0,1329758600.0,no_rows,S100YQ5K,clean,西華産業株式会社,2,board,271000.0,807468200.0,44.33,2026-05-13,8061,36961950.0,2026-07-13,1205216.0,2026-08-31,2026-05-14
2026-06-30,500000.0,2000000000.0,,,123200.0,367704400.0,no_rows,S100YQ4A,clean,第一実業株式会社,2,board,72900.0,219582600.0,18.39,2026-05-12,8059,32759200.0,2026-07-13,952370.0,2026-09-30,2026-05-13
2026-06-30,45000000.0,100000000000.0,,,,,clean,S100YQ5L,clean,株式会社三菱ＵＦＪフィナンシャル・グループ,2,board,21247100.0,67171090181.0,100.0,2026-05-15,8306,11867710920.0,2026-07-13,588918669.0,2026-06-30,2026-05-18
2026-06-30,150000.0,100000000.0,,,94500.0,63177800.0,no_rows,S100YQ5V,clean,Ｃｏｃｏｌｉｖｅ株式会社,2,board,61400.0,38978900.0,63.2,2026-04-10,137A,3046840.0,2026-07-13,94500.0,2027-01-31,2026-04-13
2026-06-30,12000000.0,26000000000.0,,,1220300.0,4173595500.0,no_rows,S100YQ5W,clean,ハウス食品グループ本社株式会社,2,board,252100.0,881826700.0,16.0,2026-05-11,2810,92098416.0,2026-07-13,2138714.0,2027-04-23,2026-05-12
2026-06-30,,,,,366900.0,2193369985.0,no_rows,S100YQ5T,clean,株式会社エクセディ,2,board,182800.0,1089806991.0,27.42,2026-04-27,7278,48593736.0,2026-07-13,12424400.0,2026-12-31,2026-05-01
2026-06-30,18000000.0,30000000000.0,,,2991200.0,9618977700.0,clean,S100YPW4,clean,株式会社三越伊勢丹ホールディングス,2,board,725700.0,2644693600.0,32.1,2026-02-06,3099,367449054.0,2026-07-13,17877344.0,2027-02-08,2026-02-09
2026-06-30,800000.0,1000000000.0,,,385500.0,629372800.0,no_rows,S100YQ6A,clean,株式会社パイオラックス,2,board,63500.0,98615300.0,62.93,2026-02-12,5988,37054100.0,2026-07-13,12854113.0,2026-12-31,2026-02-13
2026-06-30,150000.0,200000000.0,,,,,no_rows,S100YQ6B,clean,株式会社コスモスイニシア,2,board,,,0.0,2026-05-20,8844,33911219.0,2026-07-13,75409.0,2026-09-30,2026-06-25
2026-06-30,8000000.0,10000000000.0,,,2567700.0,4101900900.0,no_rows,S100YQ6C,clean,日本パーカライジング株式会社,2,board,2567700.0,4101900900.0,41.02,2026-05-14,4095,132604524.0,2026-07-13,23729037.0,2027-03-31,2026-05-15
2026-06-30,150000.0,500000000.0,,,700.0,497798500.0,no_rows,S100YQ6N,partial,株式会社ヨシックスホールディングス,1,board,700.0,2201500.0,0.47,2026-06-12,3221,10361000.0,2026-07-13,105540.0,2027-03-31,2026-06-15
2026-06-30,,,,,,,no_rows,S100YQ6F,partial,ＡＬＳＯＫ株式会社,2,board,,,,2026-05-13,2331,510200210.0,2026-07-13,24129517.0,2026-09-30,2026-05-14
2026-06-30,4000000.0,10000000000.0,,,1649000.0,6610034400.0,no_rows,S100YPWT,clean,キユーピー株式会社,1,board,604600.0,2456327800.0,66.1,2026-01-14,2809,141500000.0,2026-07-13,5754503.0,2026-11-30,2026-01-15
2026-06-30,7500000.0,30000000000.0,,,4868700.0,22310735900.0,no_rows,S100YQ74,clean,阪急阪神ホールディングス株式会社,2,board,2977300.0,13361147800.0,74.37,2026-05-15,9042,251498234.0,2026-07-13,17454454.0,2026-10-29,2026-05-18
2026-06-30,,,,,,,no_rows,S100YQ7B,partial,積水化学工業株式会社,2,board,,,,2026-04-28,4204,405507285.0,2026-07-13,414880.0,2027-03-31,2026-04-30
2026-06-30,,,1200000000.0,2463492000000.0,1192330962.0,3656879060454.0,clean,S100YQ7I,clean,トヨタ自動車株式会社,2,board,,,84.24,2025-06-03,7203,14594987460.0,2026-07-13,2752753200.0,2026-06-30,2026-03-31
2026-06-30,280000.0,672000000.0,,,272500.0,671913900.0,no_rows,S100YQ82,clean,株式会社ステップ,2,board,,,99.99,2025-09-25,9795,16670000.0,2026-07-13,1175772.0,2026-09-30,2025-10-01
2026-06-30,200000.0,400000000.0,,,19200.0,33530900.0,no_rows,S100YPQG,clean,株式会社Ｍｉｓｕｍｉ,2,board,4800.0,8560500.0,8.4,2025-09-26,7441,6100503.0,2026-07-13,426969.0,2026-09-30,2025-10-01
2026-06-30,50000.0,60250000.0,,,20000.0,24100000.0,no_rows,S100YQ8D,clean,オーベクス株式会社,1,board,20000.0,24100000.0,40.0,2026-06-25,3583,3092623.0,2026-07-13,94563.0,2026-06-26,2026-06-26
2026-06-30,,,,,184897667.0,313586443232.0,no_rows,S100YQ52,clean,株式会社デンソー,2,board,184897667.0,313586443232.0,100.0,2026-04-28,6902,2910979691.0,2026-07-13,403836954.0,2026-07-31,2026-04-30
2026-06-30,530000.0,2000000000.0,,,95900.0,317160500.0,no_rows,S100YQ8C,clean,持田製薬株式会社,2,board,60600.0,192845500.0,15.9,2026-03-30,4534,36390000.0,2026-07-13,1036263.0,2026-12-18,2026-05-18
2026-06-30,600000.0,1000000000.0,,,374900.0,931313868.0,no_rows,S100YQ9G,clean,荏原実業株式会社,2,board,85900.0,200446693.0,93.1,2026-02-09,6328,25860000.0,2026-07-13,2122407.0,2026-08-31,2026-02-10
2026-06-30,220000.0,300000000.0,,,192200.0,299889100.0,no_rows,S100YQ9O,clean,Ｓｏｌｖｖｙ株式会社,1,board,68600.0,101895500.0,99.96,2026-05-21,7320,11997254.0,2026-07-13,920000.0,2026-06-30,2026-02-16
2026-06-30,1200000.0,800000000.0,,,502400.0,396368600.0,clean,S100YQ9H,clean,株式会社共和電業,2,board,70500.0,62528700.0,49.55,2025-12-22,6853,25961100.0,2026-07-13,719463.0,2026-12-18,2026-01-05
2026-06-30,17000000.0,50000000000.0,,,3021200.0,15229641204.0,no_block,S100YPVK,clean,ＮＩＰＰＯＮ　ＥＸＰＲＥＳＳホールディングス株式会社,2,board,1924700.0,9915446312.0,30.46,2026-05-13,9147,243000000.0,2026-07-13,3146402.0,2026-11-30,2026-05-14
2026-06-30,,,,,1282600.0,11112335800.0,no_rows,S100YPR5,clean,栗田工業株式会社,2,board,643800.0,5520720200.0,31.75,2026-05-14,6370,116200694.0,2026-07-13,8055244.0,2027-03-31,2026-05-15
2026-06-30,1000000.0,6000000000.0,,,,,no_rows,S100YQ9V,unverified,アリアケジャパン株式会社,2,board,,,,2026-05-13,2815,32808683.0,2026-07-13,960396.0,2027-05-12,2026-05-14
2026-06-30,67500000.0,150000000000.0,,,32499300.0,95580298264.0,no_rows,S100YQA0,clean,ＡＮＡホールディングス株式会社,2,board,5257900.0,15128884356.0,63.72,2025-11-10,9202,484293561.0,2026-07-13,42499546.0,2026-12-15,2025-12-16
2026-06-30,6000000.0,10700000000.0,,,1598300.0,4014133700.0,clean,S100YPFP,clean,エイチ・ツー・オー　リテイリング株式会社,2,board,487100.0,1240160850.0,37.5,2026-05-12,8242,125201396.0,2026-07-13,11725144.0,2027-03-31,2026-05-13
2026-06-30,1000000.0,500000000.0,,,0.0,0.0,no_rows,S100YQ9Z,clean,Ａｂａｌａｎｃｅ株式会社,1,board,0.0,0.0,0.0,2026-05-25,3856,19033193.0,2026-07-13,83551.0,2026-12-31,2026-06-01
2026-06-30,20000000.0,50000000000.0,,,9446500.0,29439320456.0,clean,S100YQ2I,clean,日東電工株式会社,2,board,3606600.0,10939644956.0,58.88,2026-03-30,6988,678659700.0,2026-07-13,14437950.0,2026-08-31,2026-04-08
2026-06-30,25000000.0,50000000000.0,,,,,no_rows,S100YQA4,unverified,株式会社小糸製作所,1,board,,,,2026-05-29,7276,307833172.0,2026-07-13,45425935.0,2027-05-31,2026-06-01
2026-06-30,3800000.0,1000000000.0,,,0.0,0.0,no_rows,S100YQA6,clean,ＢＡＳＥ株式会社,2,board,,,0.0,2026-02-12,4477,117931657.0,2026-07-13,2774286.0,2026-12-31,2026-02-13
2026-06-30,2000000.0,3500000000.0,,,783600.0,1360197989.0,no_rows,S100YOYZ,clean,株式会社ＴＫＰ,1,board,783600.0,1360197989.0,38.86,2026-06-11,3479,42665785.0,2026-07-13,5230557.0,2026-08-24,2026-06-12
2026-06-30,120000.0,500000000.0,,,,,no_rows,S100YQAL,unverified,株式会社モスフードサービス,2,board,,,,2026-05-15,8153,32009910.0,2026-07-13,681424.0,2026-12-30,2026-05-18
2026-06-30,500000.0,500000000.0,,,110900.0,91719800.0,no_rows,S100YQAN,clean,株式会社シーティーエス,2,board,61800.0,50699700.0,18.34,2026-04-28,4345,42000000.0,2026-07-13,845821.0,2026-12-25,2026-05-01
2026-06-30,1000000.0,6000000000.0,,,1000000.0,5628414983.0,no_rows,S100YQBE,clean,福山通運株式会社,2,board,0.0,0.0,93.81,2026-02-10,9075,39194163.0,2026-07-13,3845322.0,2026-06-30,2026-02-12
2026-06-30,2000000.0,2500000000.0,,,,,no_rows,S100YQD9,unverified,日本システム技術株式会社,1,board,,,,2026-06-26,4323,24836920.0,2026-07-14,10419.0,2027-06-25,2026-07-01
2026-06-30,4000000.0,5000000000.0,,,1210000.0,2119360700.0,no_rows,S100YQ5I,clean,阪和興業株式会社,2,board,664100.0,1139216900.0,42.4,2025-11-07,8078,211663200.0,2026-07-14,18354520.0,2026-09-30,2025-11-10
2026-06-30,800000.0,500000000.0,,,429800.0,465334300.0,no_rows,S100YQD6,clean,タイガースポリマー株式会社,2,board,44800.0,43134700.0,93.07,2026-02-09,4231,20111598.0,2026-07-14,636694.0,2027-02-09,2026-02-10
2026-06-30,550000.0,77000000.0,,,500000.0,70000000.0,no_rows,S100YQDO,clean,日本パワーファスニング株式会社,1,board,500000.0,70000000.0,90.9,2026-06-12,5950,18688540.0,2026-07-14,4911066.0,2026-06-15,2026-06-15
2026-06-30,33500100.0,223680167700.0,33500000.0,218886320000.0,33500000.0,223679500000.0,clean,S100YQDX,clean,株式会社きんでん,2,board,33500000.0,223679500000.0,99.99,2026-04-27,1944,166454180.0,2026-07-14,1972462.0,2026-06-30,2026-04-28
2026-06-30,,,,,251300.0,1947776993.0,no_rows,S100YQE2,clean,株式会社東光高岳,2,board,159800.0,1226810996.0,38.96,2026-04-28,6617,16276305.0,2026-07-14,313879.0,2026-09-30,2026-05-01
2026-06-30,14000000.0,50000000000.0,,,8649200.0,49999664800.0,no_rows,S100YQEB,clean,三井住友トラストグループ株式会社,2,board,5155500.0,30413941100.0,99.99,2026-05-14,8309,698812980.0,2026-07-14,9222660.0,2026-09-30,2026-05-15
2026-06-30,1500000.0,1000000000.0,,,552000.0,404522885.0,no_rows,S100YQEC,clean,株式会社クイック,2,board,291600.0,210263493.0,40.45,2026-04-30,4318,56552028.0,2026-07-14,562764.0,2026-10-31,2026-05-07
2026-06-30,54000000.0,200000000000.0,,,29318300.0,128188976000.0,no_rows,S100YQES,clean,キヤノン株式会社,2,board,4928100.0,21235166500.0,64.09,2026-01-29,7751,1333763464.0,2026-07-14,484424702.0,2027-01-29,2026-01-30
2026-06-30,250000.0,200000000.0,,,91200.0,104122100.0,clean,S100YQEX,clean,株式会社オオバ,2,board,50500.0,54129500.0,52.1,2026-04-09,9765,16500000.0,2026-07-14,697397.0,2027-03-31,2026-04-10
2026-06-30,3000000.0,27500000000.0,,,390400.0,3829531900.0,no_rows,S100YQDM,clean,東洋水産株式会社,1,board,390400.0,3829531900.0,13.93,2026-05-15,2875,110881044.0,2026-07-14,13880089.0,2026-12-30,2026-05-18
2026-06-30,40000000.0,20000000000.0,,,7692600.0,16158743100.0,no_rows,S100YQ5F,clean,株式会社日本取引所グループ,2,board,7692600.0,16158743100.0,80.8,2026-04-28,8697,1031785336.0,2026-07-14,7692600.0,2026-10-26,2026-06-01
2026-06-30,300000.0,1500000000.0,,,,,no_rows,S100YOV7,unverified,株式会社ツガミ,1,board,,,,2026-05-13,6101,48000000.0,2026-07-14,1498785.0,2026-11-11,2026-05-13
2026-06-30,1000000.0,500000000.0,,,987000.0,499989600.0,no_rows,S100YOQ3,clean,株式会社ＣＩＪ,2,board,12000.0,5754400.0,99.9,2026-02-09,4826,64798288.0,2026-07-14,8967804.0,2026-05-29,2026-02-10
2026-06-30,6500000.0,36000000000.0,,,2739600.0,16821144000.0,no_rows,S100YQAF,clean,株式会社ＴＢＳホールディングス,2,board,2739600.0,16821144000.0,46.73,2026-05-14,9401,161091065.0,2026-07-14,3269462.0,2027-02-26,2026-05-15
2026-06-30,2750000.0,11000000000.0,,,655500.0,3548515200.0,clean,S100YQEY,clean,コムシスホールディングス株式会社,2,board,403900.0,2179410600.0,32.25,2026-05-12,1721,118000000.0,2026-07-14,2592568.0,2027-03-31,2026-05-13
2026-06-30,12000000.0,20000000000.0,,,7684100.0,19999862500.0,clean,S100YQFC,clean,セガサミーホールディングス株式会社,2,board,,,100.0,2026-02-13,6460,213545376.0,2026-07-14,10620154.0,2026-07-31,2026-02-16
2026-06-30,,,,,2229000.0,1875063100.0,no_rows,S100YQFB,clean,明和産業株式会社,2,board,551200.0,482987600.0,75.0,2026-02-19,8103,40332400.0,2026-07-14,2246065.0,2026-10-30,2026-03-10
2026-06-30,6000000.0,10000000000.0,,,,,no_rows,S100YQ8E,clean,カシオ計算機株式会社,2,board,2081100.0,3803198300.0,60.44,2026-05-14,6952,234461814.0,2026-07-14,13048073.0,2026-07-30,2026-05-15
2026-06-30,25000000.0,100000000000.0,,,9586700.0,61707970700.0,no_rows,S100YQFN,clean,株式会社小松製作所,2,board,2299600.0,14925943200.0,61.7,2026-04-28,6301,930340620.0,2026-07-14,36965030.0,2026-09-30,2026-04-30
2026-06-30,1700000.0,5000000000.0,,,237800.0,861434000.0,no_rows,S100YQFS,clean,沖縄セルラー電話株式会社,2,board,165700.0,601958000.0,17.23,2026-05-08,9436,92303304.0,2026-07-14,406725.0,2027-04-16,2026-05-22
2026-06-30,127500.0,300000000.0,,,84500.0,202862700.0,no_rows,S100YQCV,clean,株式会社丸山製作所,2,board,9600.0,23914400.0,67.6,2026-02-09,6316,5029332.0,2026-07-14,1162430.0,2026-10-09,2026-02-10
2026-06-30,,,,,2395900.0,9999681100.0,no_rows,S100YQGH,clean,株式会社オービック,2,board,,,20.0,2026-04-21,4684,492000000.0,2026-07-14,61062510.0,2027-03-31,2026-04-22
2026-06-30,,,,,4945700.0,5499893500.0,clean,S100YQGJ,clean,日本紙パルプ商事株式会社,2,board,18100.0,20316900.0,100.0,2026-02-09,8032,120215510.0,2026-07-14,7946964.0,2026-08-07,2026-02-10
2026-06-30,22000000.0,80000000000.0,,,8356300.0,57305745600.0,no_rows,S100YQEV,clean,住友商事株式会社,2,board,4567100.0,29976278500.0,71.63,2026-05-01,8053,1195115184.0,2026-07-14,10403492.0,2027-03-31,2026-05-07
2026-06-30,130000000.0,200000000000.0,,,,,no_rows,S100YQ9M,unverified,東京海上ホールディングス株式会社,2,board,,,,2026-03-23,8766,1934000000.0,2026-07-14,32662215.0,2026-09-18,2026-04-01
2026-06-30,3600000.0,5000000000.0,,,2781100.0,4974646850.0,no_rows,S100YQHC,clean,五洋建設株式会社,2,board,1385700.0,2352402100.0,99.49,2026-05-08,1893,286013910.0,2026-07-14,14839714.0,2026-07-31,2026-05-11
2026-06-30,5000000.0,20000000000.0,,,,,no_rows,S100YQ7J,unverified,山九株式会社,2,board,,,,2026-05-14,9065,52901749.0,2026-07-14,2774163.0,2027-02-26,2026-05-15
2026-06-30,,,,,118095432.0,663696327840.0,no_rows,S100YQDR,clean,豊田通商株式会社,2,board,118095432.0,663696327840.0,99.99,2026-04-30,8015,944074116.0,2026-07-14,6393628.0,2026-06-30,2026-05-01
2026-06-30,5000000.0,10000000000.0,,,0.0,0.0,no_rows,S100YQHQ,clean,関西ペイント株式会社,1,board,,,0.0,2026-06-26,4613,177976280.0,2026-07-14,3612.0,2027-08-02,2026-08-03
2026-06-30,700000.0,1000000000.0,,,418300.0,779095800.0,no_rows,S100YQHZ,clean,プレミアグループ株式会社,2,board,239300.0,454189200.0,77.91,2026-02-10,7199,40722663.0,2026-07-14,2078734.0,2026-12-30,2026-02-12
2026-06-30,300000.0,800000000.0,,,55000.0,140035500.0,clean,S100YQHX,clean,株式会社ファルコホールディングス,2,board,42500.0,108332100.0,17.5,2026-05-12,4671,10680177.0,2026-07-14,422709.0,2027-01-29,2026-05-25
2026-06-30,2000000.0,1600000000.0,,,1648200.0,1407829100.0,no_rows,S100YQI4,clean,株式会社　東　祥,2,board,238900.0,174563800.0,87.98,2026-02-03,8920,38315000.0,2026-07-14,3030193.0,2026-07-31,2026-02-04
2026-06-30,250000.0,50000000.0,,,102500.0,27318400.0,no_rows,S100YQI8,clean,サノヤスホールディングス株式会社,2,board,67800.0,17231900.0,54.64,2025-05-12,7022,33977282.0,2026-07-14,552119.0,2026-07-31,2026-05-13
2026-06-30,600000.0,1000000000.0,,,99400.0,177275100.0,no_rows,S100YQIA,clean,極東貿易株式会社,2,board,54300.0,94128400.0,17.73,2026-05-14,8093,12152736.0,2026-07-14,217277.0,2027-02-28,2026-05-15
2026-06-30,100000.0,200000000.0,,,59300.0,199679000.0,no_rows,S100YQIU,clean,グローバルセキュリティエキスパート株式会社,2,board,13500.0,46214500.0,99.8,2026-05-22,4417,15309600.0,2026-07-14,316912.0,2026-06-30,2026-05-25
2026-06-30,4000000.0,4500000000.0,,,306800.0,434780800.0,no_rows,S100YPAB,clean,ＴＰＲ株式会社,2,board,306800.0,434780800.0,9.7,2026-05-15,6463,66542998.0,2026-07-14,1836424.0,2027-03-31,2026-06-01
2026-06-30,,,,,,,no_rows,S100YQFV,partial,ＪＸ金属株式会社,2,board,,,,2026-05-11,5016,953183210.0,2026-07-14,2983.0,2026-07-31,2026-05-21
2026-06-30,20000000.0,50000000000.0,,,3179500.0,12890861100.0,no_rows,S100YQCI,clean,三菱地所株式会社,2,board,1934400.0,7826723500.0,25.78,2026-05-13,8802,1211104906.0,2026-07-14,7975960.0,2026-11-13,2026-05-14
2026-06-30,40000000.0,40000000000.0,,,26250100.0,39999884800.0,no_rows,S100YPJ8,clean,三井不動産株式会社,2,board,,,100.0,2026-05-13,8801,2718535953.0,2026-07-14,27250106.0,2026-10-31,2026-05-14
2026-06-30,100000000.0,60000000000.0,,,46861200.0,59999879300.0,clean,S100YPD1,clean,野村ホールディングス株式会社,2,board,,,100.0,2026-01-30,8604,3088562601.0,2026-07-14,165592155.0,2026-09-30,2026-02-17
2026-06-30,12000000.0,50000000000.0,,,2946700.0,18879993800.0,no_rows,S100YQJQ,clean,東京瓦斯株式会社,2,board,1512900.0,9439873000.0,37.76,2026-04-28,9531,334959259.0,2026-07-14,4206353.0,2026-09-30,2026-05-07
2026-06-30,1000000.0,1000000000.0,,,644700.0,999962700.0,no_rows,S100YQK8,clean,株式会社ＬＩＴＡＬＩＣＯ,2,board,97600.0,152014400.0,100.0,2026-05-11,7366,35730912.0,2026-07-14,1640879.0,2026-06-30,2026-06-01
2026-06-30,,,,,37076600.0,127476788305.0,clean,S100YQKE,clean,ソニーグループ株式会社,1,board,18006700.0,60216974617.0,25.5,2026-05-08,6758,5965316326.0,2026-07-14,92854256.0,2027-05-10,2026-05-11
2026-06-30,5050000.0,5000000000.0,,,2841400.0,2845950200.0,no_rows,S100YQEI,clean,株式会社ＤＴＳ,2,board,1621600.0,1607866800.0,56.92,2026-05-01,9682,163954928.0,2026-07-14,7459867.0,2026-09-18,2026-05-02
2026-06-30,,,,,5111800.0,17581254372.0,no_rows,S100YPUR,clean,東海旅客鉄道株式会社,2,board,2929100.0,9791849905.0,87.9,2026-04-28,9022,1001177100.0,2026-07-15,50108791.0,2026-07-31,2026-05-01
,500000.0,1000000000.0,,,353700.0,999761568.0,no_rows,S100Y9M6,clean,株式会社アバールデータ,,board,,,,2025-11-13,6918,6367842.0,2026-07-15,552539.0,2026-07-31,2025-11-14
2026-06-30,5500000.0,34000000000.0,,,5307000.0,19915579500.0,no_rows,S100YQMF,clean,三井倉庫ホールディングス株式会社,2,board,721900.0,2763694700.0,58.58,2026-02-06,9302,77991106.0,2026-07-15,3204080.0,2026-07-31,2026-02-09
2026-06-30,,,,,3614800.0,86416855000.0,no_rows,S100YQDP,clean,株式会社アドバンテスト,2,board,844700.0,22849449000.0,57.61,2025-10-28,6857,732000000.0,2026-07-15,8033510.0,2026-10-28,2025-11-04
2026-06-30,,,5209200.0,5874065322.0,,,clean,S100YQN7,partial,株式会社ＭｏｎｏｔａＲＯ,1,board,,,,,3064,496155600.0,2026-07-15,4383066.0,,
2026-06-30,40000000.0,180000000000.0,,,17614900.0,108513101300.0,no_rows,S100YQNB,clean,株式会社三井住友フィナンシャルグループ,2,board,12175400.0,76119941100.0,60.3,2026-05-13,8316,3827498140.0,2026-07-15,27675301.0,2026-07-31,2026-05-14
2026-03-31,400000.0,300000000.0,,,306900.0,292321100.0,no_rows,S100YQDU,clean,株式会社ハリマビステム,,board,0.0,0.0,97.4,2026-02-06,9780,9624490.0,2026-07-15,709861.0,2027-02-05,2026-02-06
2026-06-30,15000000.0,20000000000.0,,,9736800.0,17844517750.0,no_rows,S100YQN0,clean,浜松ホトニクス株式会社,2,board,639900.0,1722368550.0,89.2,2025-11-07,6965,319257365.0,2026-07-15,29629618.0,2026-09-30,2025-11-10
2026-06-30,320000.0,900000000.0,,,142200.0,550409000.0,no_rows,S100YQNV,clean,日本食品化工株式会社,2,board,19900.0,79063500.0,61.16,2025-10-31,2892,4942868.0,2026-07-15,143200.0,2026-10-31,2025-11-01
2026-06-30,4200000.0,15000000000.0,,,,,no_rows,S100YQFA,unverified,株式会社上組,1,board,,,,2026-06-26,9364,106576837.0,2026-07-15,7843800.0,2027-02-24,2026-07-01
2026-06-30,,,,,767300.0,6999198988.0,clean,S100YQM1,clean,サン電子株式会社,2,board,,,100.0,2025-08-08,6736,24007728.0,2026-07-15,2479700.0,2026-08-10,2025-08-12
2026-06-30,13000000.0,30000000000.0,,,1126100.0,4157249188.0,no_rows,S100YPLA,clean,株式会社　ミスミグループ本社,2,board,824100.0,3081504397.0,13.86,2026-04-30,9962,285257597.0,2026-07-15,21449024.0,2027-03-31,2026-05-22
2026-06-30,2100000.0,10500000000.0,,,625000.0,4707017500.0,no_rows,S100YQNY,clean,日産化学株式会社,2,board,425000.0,3238710400.0,44.83,2026-05-15,4021,134800000.0,2026-07-15,1184267.0,2027-03-31,2026-05-18
2026-06-30,7000000.0,40000000000.0,,,202100.0,1197412100.0,clean,S100YQO7,clean,日本ハム株式会社,2,board,202100.0,1197412100.0,2.99,2026-05-08,2282,94245000.0,2026-07-15,308227.0,2027-03-31,2026-05-08
2026-06-30,600000.0,2000000000.0,,,,,no_rows,S100YQO4,unverified,株式会社日伝,2,board,,,,2026-05-08,9902,30000800.0,2026-07-15,462472.0,2026-12-23,2026-06-01
2026-06-30,5000000.0,100000000000.0,,,3576300.0,99998992000.0,no_rows,S100YQO9,clean,ＨＯＹＡ株式会社,2,board,,,100.0,2026-01-30,7741,334838020.0,2026-07-15,319525.0,2026-07-17,2026-02-02
2026-06-30,6000000.0,7000000000.0,,,1902300.0,3917745750.0,no_rows,S100YQNT,clean,株式会社ひろぎんホールディングス,2,board,1157100.0,2378866600.0,55.96,2026-05-13,7337,305327921.0,2026-07-15,5359025.0,2026-07-31,2026-05-15
2026-06-30,2000000.0,7000000000.0,,,360300.0,1399504000.0,no_rows,S100YOWD,clean,株式会社住友倉庫,2,board,203100.0,784176500.0,20.0,2026-05-12,9303,76614215.0,2026-07-15,755539.0,2027-03-24,2026-05-13
2026-06-30,4000000.0,10000000000.0,,,1347700.0,6999482600.0,no_rows,S100YQOC,clean,住友重機械工業株式会社,2,board,88200.0,445646800.0,69.99,2026-02-10,6302,122905481.0,2026-07-15,3939725.0,2026-11-30,2026-03-02
2026-06-30,420000.0,900000000.0,,,214900.0,386705500.0,no_rows,S100YQO8,clean,リビン・テクノロジーズ株式会社,2,board,6100.0,9308500.0,42.97,2025-11-14,4445,2690968.0,2026-07-15,305784.0,2026-09-18,2025-11-19
2026-06-30,,,,,32118900.0,109274087000.0,clean,S100YQMD,clean,株式会社ブリヂストン,2,board,5399500.0,18493294900.0,72.8,2026-02-16,5108,1334037042.0,2026-07-15,89384759.0,2026-08-31,2026-02-17
2026-06-30,150000.0,100000000.0,,,3000.0,2990900.0,no_rows,S100YQLL,clean,株式会社ＩＤホールディングス,2,board,2300.0,2291100.0,2.99,2026-04-30,4709,34459424.0,2026-07-15,56720.0,2026-10-30,2026-05-01
2026-06-30,5000000.0,10000000000.0,,,4339900.0,9999947979.0,no_rows,S100YQOI,clean,Ｊ．フロント　リテイリング株式会社,2,board,726400.0,1616566213.0,100.0,2026-04-14,3086,270565764.0,2026-07-15,24657300.0,2026-06-26,2026-04-15
2026-06-30,2000000.0,2000000000.0,,,1331600.0,1999926495.0,no_rows,S100YPJ2,clean,Ｓａｎｓａｎ株式会社,2,board,811600.0,1258105495.0,100.0,2026-05-19,4443,126800600.0,2026-07-15,1474262.0,2026-06-30,2026-05-20
2026-06-30,,,,,250000.0,601250000.0,no_rows,S100YQOL,clean,株式会社ワールドホールディングス,1,board,250000.0,601250000.0,92.59,2026-06-18,2429,18014200.0,2026-07-15,363769.0,2026-06-19,2026-06-19
2026-06-30,425000.0,550000000.0,,,425000.0,490965100.0,no_rows,S100YQOO,clean,オリオンビール株式会社,2,board,16300.0,18329300.0,89.27,2026-05-14,409A,42576000.0,2026-07-15,425039.0,2026-06-15,2026-05-15
2026-06-30,12000000.0,12000000000.0,,,597600.0,865275850.0,no_rows,S100YQOQ,clean,株式会社九州フィナンシャルグループ,2,board,597600.0,865275850.0,7.21,2026-05-14,7180,463375978.0,2026-07-15,39778510.0,2027-03-31,2026-06-01
2026-06-30,50000.0,50000000.0,,,49300.0,49999800.0,no_rows,S100YQ5R,clean,株式会社杉村倉庫,2,board,11400.0,10957200.0,100.0,2026-04-30,9307,16419110.0,2026-07-15,116606.0,2026-06-15,2026-05-01
2026-06-30,3400.0,4426800.0,,,3400.0,4426000.0,no_rows,S100YQOX,clean,株式会社ナガオカ,1,board,3400.0,4426000.0,100.0,2026-06-01,6239,7078400.0,2026-07-15,142895.0,2026-06-02,
2026-06-30,3000000.0,3300000000.0,,,803300.0,872176700.0,clean,S100YQOR,clean,株式会社ノジマ,2,board,,,26.43,2026-02-17,7419,307737696.0,2026-07-15,14899225.0,2027-02-17,2026-02-18
2026-06-30,630000.0,2000000000.0,,,192900.0,524704800.0,no_rows,S100YQP3,clean,株式会社ＰＫＳＨＡ　Ｔｅｃｈｎｏｌｏｇｙ,2,board,96600.0,256320100.0,26.24,2026-02-12,3993,31948000.0,2026-07-15,1051487.0,2026-06-30,2026-02-13
2026-06-30,1300000.0,2000000000.0,,,165300.0,362893800.0,no_rows,S100YQOT,clean,バンドー化学株式会社,2,board,96700.0,212969000.0,18.14,2026-05-14,5195,44213536.0,2026-07-15,3322637.0,2027-04-30,2026-05-15
2026-06-30,24000000.0,19000000000.0,,,4989500.0,7764076050.0,no_rows,S100YQPB,clean,マブチモーター株式会社,2,board,2664800.0,4145523150.0,40.9,2025-08-14,6592,260649848.0,2026-07-15,18676432.0,2026-09-30,2025-10-01
2026-06-30,1000000.0,1000000000.0,,,147000.0,138328900.0,no_rows,S100YQMY,clean,レック株式会社,1,board,147000.0,138328900.0,13.83,2026-06-08,7874,38165340.0,2026-07-15,4705192.0,,
2026-06-30,3000000.0,10000000000.0,,,2794600.0,7651003750.0,clean,S100YQ28,clean,株式会社タカラトミー,2,board,167900.0,502272650.0,76.51,2026-02-10,7867,93616650.0,2026-07-15,6850494.0,2026-07-31,2026-02-12
2026-06-30,2300000.0,5000000000.0,,,625400.0,2296376600.0,no_rows,S100YQON,clean,ニチアス株式会社,2,board,625400.0,2296376600.0,45.93,2026-05-11,5393,190985751.0,2026-07-15,2366340.0,2026-09-30,2026-05-12
2026-06-30,,,,,,,no_rows,S100YQGB,partial,株式会社マキヤ,2,board,,,,2026-05-26,9890,10540200.0,2026-07-15,535193.0,2026-07-31,2026-05-27
2026-06-30,800000.0,1500000000.0,840000.0,1421313600.0,,,unverified,S100YQLT,unverified,株式会社ヤギ,2,board,,,,2026-05-11,7460,8300000.0,2026-07-15,30616.0,2027-03-31,2026-07-01
2026-06-30,400000.0,700000000.0,,,285300.0,449397600.0,clean,S100YQQ4,clean,シノブフーズ株式会社,2,board,67500.0,101531200.0,64.2,2026-05-11,2903,12000000.0,2026-07-15,1339281.0,2026-09-30,2026-05-12
2026-06-30,16000000.0,15000000000.0,,,5908300.0,7443688761.0,no_rows,S100YQPP,clean,東邦瓦斯株式会社,2,board,1710500.0,2111155200.0,49.62,2026-03-31,9533,366267140.0,2026-07-15,8208025.0,2026-09-30,2026-04-01
2026-06-30,1000000.0,700000000.0,,,1000000.0,589855800.0,no_rows,S100YQQY,clean,ヤマシンフィルタ株式会社,2,board,79800.0,44584800.0,84.26,2026-05-15,6240,69938478.0,2026-07-15,1320458.0,2026-06-30,2026-05-18
2026-06-30,500000.0,2000000000.0,,,340900.0,1333793500.0,clean,S100YQR7,clean,株式会社三陽商会,2,board,92800.0,354668000.0,66.7,2025-12-26,8011,10197034.0,2026-07-15,312928.0,2026-08-31,2026-01-19
2026-06-30,5000000.0,10000000000.0,,,2613400.0,7419305350.0,no_rows,S100YQRF,clean,株式会社山口フィナンシャルグループ,2,board,1314500.0,3737471800.0,74.19,2026-05-08,8418,234767616.0,2026-07-15,32436285.0,2026-10-30,2026-05-11
2026-06-30,4100000.0,820000000.0,,,3514700.0,785928000.0,no_block,S100YQRG,clean,マーチャント・バンカーズ株式会社,1,board,896700.0,194583900.0,95.84,2026-05-18,3121,32806190.0,2026-07-15,3534406.0,2026-12-11,2026-01-30
2026-06-30,500000.0,500000000.0,1010000.0,1569937238.0,268700.0,499887891.0,clean,S100YQRD,clean,ミライアル株式会社,1,board,268700.0,499887891.0,99.98,2026-06-01,4238,9110000.0,2026-07-15,330533.0,2027-01-31,2026-06-08
2026-06-30,3650000.0,10000000000.0,,,981000.0,3483098500.0,no_rows,S100YQRZ,clean,三和ホールディングス株式会社,2,board,705200.0,2543569600.0,34.8,2026-05-14,5929,219000000.0,2026-07-15,10060928.0,2026-09-30,2026-05-21
2026-06-30,1177100.0,1107651100.0,,,,,no_rows,S100YQS3,unverified,田中精密工業株式会社,2,board,,,,2026-05-14,7218,9763600.0,2026-07-15,9776.0,2026-07-31,2026-05-15
2026-06-30,45000000.0,40000000000.0,,,10201200.0,17861474087.0,no_rows,S100YQHE,clean,旭化成株式会社,2,board,5688000.0,10065559664.0,44.65,2025-11-05,3407,1365751932.0,2026-07-15,16319764.0,2026-10-31,2025-11-06
2026-06-30,1500000.0,795000000.0,,,649300.0,314620700.0,no_rows,S100YQHI,clean,オエノンホールディングス株式会社,2,board,297300.0,143330400.0,39.57,2026-05-12,2533,65586196.0,2026-07-15,9889121.0,2026-10-30,2026-05-13
2026-06-30,280000.0,1000000000.0,,,58700.0,213178500.0,no_rows,S100YQT6,clean,デンヨー株式会社,1,board,36100.0,130294500.0,21.32,2026-05-14,6517,21859660.0,2026-07-15,946756.0,2026-11-11,2026-05-15
2026-06-30,130000.0,300000000.0,,,35300.0,80320600.0,no_rows,S100YQTQ,clean,手間いらず株式会社,1,board,35300.0,80320600.0,26.77,2026-06-05,2477,6480961.0,2026-07-15,551888.0,2026-10-30,2026-06-08
2026-06-30,190000.0,3000000000.0,,,,,no_rows,S100YQMM,unverified,ＩＮＴＬＯＯＰ株式会社,1,board,,,,2026-06-15,9556,9414540.0,2026-07-15,324.0,2026-06-30,2026-06-15
2026-06-30,3000000.0,10000000000.0,,,1036500.0,5744203086.0,no_rows,S100YQ34,clean,株式会社荏原製作所,2,board,680000.0,3852161083.0,57.4,2026-02-13,6361,457439185.0,2026-07-15,1305694.0,2026-12-31,2026-02-16
2026-06-30,2500000.0,21000000000.0,,,1404600.0,20998986500.0,clean,S100YQQ5,clean,富士電機株式会社,2,board,,,100.0,2026-04-28,6504,149296991.0,2026-07-15,3090717.0,2027-03-31,2026-05-01
2026-06-30,300000.0,100000000.0,,,49800.0,20344700.0,no_rows,S100YQRB,clean,株式会社ＴａｌｅｎｔＸ,1,board,49800.0,20344700.0,20.34,2026-06-17,330A,49800.0,2026-07-15,20344700.0,2026-07-31,2026-06-18
2026-06-30,150000.0,500000000.0,,,67500.0,171750900.0,no_rows,S100YQTF,clean,株式会社ＡｌｂａＬｉｎｋ,1,board,67500.0,171750900.0,34.35,2026-06-17,5537,8194000.0,2026-07-15,67500.0,2026-08-12,2026-06-18
2026-06-30,1700000.0,358000000.0,,,1686700.0,357996800.0,no_rows,S100YPX7,clean,株式会社ホープ,2,board,,,100.0,2025-06-13,6195,16465800.0,2026-07-15,2944344.0,2026-06-15,2025-06-16
2026-06-30,14000000.0,50000000000.0,,,1454400.0,6507823390.0,no_rows,S100YQCB,clean,ＴＯＰＰＡＮホールディングス株式会社,1,board,1144300.0,5066935700.0,13.02,2026-05-14,7911,294706240.0,2026-07-15,10736052.0,2027-05-14,2026-05-15
2026-06-30,,,,,410000.0,198272100.0,no_rows,S100YQLY,clean,クリアル株式会社,2,board,27400.0,12145400.0,48.36,2026-05-15,2998,36073200.0,2026-07-15,411140.0,2026-06-26,2026-05-18
2026-06-30,400000.0,188000000.0,,,350900.0,164923000.0,clean,S100YP8F,clean,株式会社メディックス,1,board,350900.0,164923000.0,87.73,2026-06-15,331A,8080000.0,2026-07-15,757200.0,2026-06-16,2026-06-16
2026-06-30,,,,,66000.0,436260000.0,no_rows,S100YQUY,clean,株式会社あさくま,1,board,66000.0,436260000.0,87.25,2026-06-10,7678,5385020.0,2026-07-15,136857.0,2026-06-11,
2026-06-30,350000.0,10000000000.0,,,244500.0,9996839000.0,clean,S100YQOS,clean,株式会社光通信,2,board,36900.0,1323889000.0,99.9,2025-11-11,9435,43989642.0,2026-07-15,238189.0,2026-06-30,2025-11-12
2026-06-30,16000000.0,20000000000.0,,,3059500.0,5069070031.0,no_rows,S100YQTH,clean,小田急電鉄株式会社,2,board,1793100.0,2954604934.0,25.3,2026-05-13,9007,368497717.0,2026-07-15,23952105.0,2026-12-31,2026-05-14
2026-06-30,1000000.0,800000000.0,,,33200.0,22082000.0,no_rows,S100YQVJ,clean,株式会社ユカリア,1,board,33200.0,22082000.0,2.8,2026-06-15,286A,37982900.0,2026-07-16,2193800.0,2026-06-30,2026-06-17
2026-06-30,,,,,,,no_rows,S100YQX7,partial,堺化学工業株式会社,1,board,,,,2026-06-30,4078,17518987.0,2026-07-16,688965.0,2026-12-31,2026-07-01
2026-07-16,550000.0,200000000.0,,,478500.0,159629600.0,no_rows,S100YQXA,clean,株式会社セルム,3,board,121700.0,41863000.0,79.8,2026-05-14,7367,23138000.0,2026-07-16,1908860.0,2026-07-14,2026-05-15
2026-06-30,1450000.0,1000000000.0,,,1433200.0,999996300.0,no_rows,S100YR2D,clean,株式会社エムアップホールディングス,2,board,,,100.0,2026-02-20,3661,72992776.0,2026-07-16,4215304.0,2026-07-31,2026-02-24
2026-06-30,86000.0,220000000.0,,,48000.0,142301300.0,no_rows,S100YR3A,clean,コロンビア・ワークス株式会社,1,board,48000.0,142301300.0,64.7,2026-06-17,146A,7716600.0,2026-07-17,48000.0,2026-07-10,2026-06-19
2026-06-30,172000.0,300000000.0,,,140700.0,299912400.0,no_rows,S100YR4W,clean,株式会社ｅＷｅＬＬ,2,board,,,99.97,2026-02-17,5038,15271802.0,2026-07-17,140942.0,2026-08-18,2026-02-18
2026-06-30,600000.0,1000000000.0,,,69000.0,86432400.0,no_rows,S100YR83,clean,株式会社ＴＥＮＴＩＡＬ,2,board,28500.0,36768400.0,8.64,2026-05-21,325A,23212323.0,2026-07-17,519000.0,2026-08-31,2026-05-22
2026-07-24,280000.0,210000000.0,,,272100.0,209957600.0,no_rows,S100YSBX,clean,株式会社Ｇｌｏｂｅｅ,3,board,61100.0,60457900.0,99.97,2026-01-14,5575,5116869.0,2026-07-24,263085.0,2026-10-31,2026-01-15
2026-07-31,1000000.0,2500000000.0,,,496100.0,1377214000.0,no_rows,S100YTOA,clean,オイレス工業株式会社,3,board,314500.0,894340200.0,55.09,2026-05-12,6282,33300505.0,2026-08-03,3719268.0,2026-09-18,2026-05-18
2026-07-31,2000000.0,2000000000.0,,,1339400.0,1503154984.0,no_rows,S100YT0Q,clean,アクシアル　リテイリング株式会社,3,board,622700.0,741455093.0,75.15,2026-05-26,8255,93552156.0,2026-08-03,6304193.0,2026-12-31,2026-05-27
2026-07-31,150000.0,300000000.0,,,39500.0,99794600.0,no_rows,S100YTOQ,clean,株式会社テセック,3,board,,,33.26,2026-05-26,6337,5578695.0,2026-08-03,450342.0,2026-09-30,2026-06-01
2026-07-31,400000.0,800000000.0,,,216400.0,524611400.0,no_rows,S100YTLJ,clean,株式会社くすりの窓口,2,board,146700.0,345724200.0,65.6,2026-06-29,5592,11459482.0,2026-08-03,216400.0,2026-12-07,2026-06-08
2026-07-31,300000.0,270000000.0,,,300000.0,258565500.0,no_rows,S100YTOM,clean,株式会社淺沼組,2,board,300000.0,258565500.0,95.76,2026-06-25,1852,80786290.0,2026-08-03,265651.0,2026-07-31,2026-07-01
2026-07-31,400000.0,160000000.0,,,49500.0,25472300.0,clean,S100YTA5,clean,ＳＥホールディングス・アンド・インキュベーションズ株式会社,1,board,49500.0,25472300.0,15.92,2026-07-23,9478,16284226.0,2026-08-03,1178209.0,2026-09-18,2026-07-24
2026-07-31,,,,,121700.0,165123400.0,no_rows,S100YTOW,clean,ダイニック株式会社,3,board,54300.0,74655900.0,43.45,2026-05-15,3551,8504747.0,2026-08-03,429945.0,2027-03-31,2026-05-22
2026-07-31,2000000.0,1700000000.0,,,1500400.0,1204057600.0,clean,S100YTOY,clean,小松マテーレ株式会社,3,board,159000.0,115267000.0,70.8,2025-10-30,3580,39240999.0,2026-08-03,1562965.0,2026-10-31,2025-11-01
2026-07-31,1000000.0,1000000000.0,,,817200.0,999926184.0,no_rows,S100YTOS,clean,アニコム　ホールディングス株式会社,3,board,419900.0,512686895.0,100.0,2026-05-12,8715,74939160.0,2026-08-03,2117940.0,2026-07-31,2026-06-01
2026-07-31,230000.0,200000000.0,,,47200.0,59529300.0,no_rows,S100YTNP,clean,株式会社ナ・デックス,2,board,27000.0,33695100.0,29.76,2026-06-11,7435,8606000.0,2026-08-03,288186.0,2026-11-30,2026-06-12
2026-07-31,700000.0,700000000.0,,,662300.0,699982600.0,no_rows,S100YSUS,clean,藤倉化成株式会社,2,board,198900.0,201085200.0,99.99,2026-05-14,4620,30850000.0,2026-08-03,2350926.0,2026-07-31,2026-06-01
2026-07-31,,,,,596100.0,2397132000.0,no_rows,S100YTPF,clean,堺化学工業株式会社,2,board,596100.0,2397132000.0,34.24,2026-06-30,4078,17518987.0,2026-08-03,1285145.0,2026-12-31,2026-07-01
2026-07-31,200000.0,100000000.0,,,152900.0,99980700.0,no_rows,S100YTPM,clean,株式会社東京機械製作所,3,board,,,99.98,2026-05-20,6335,8728920.0,2026-08-03,809134.0,2026-08-31,2026-05-21
2026-07-31,2000000.0,1000000000.0,,,1337200.0,999955688.0,no_rows,S100YTPX,clean,ＹＵＳＨＩＮ株式会社,3,board,,,100.0,2025-11-14,6482,35638066.0,2026-08-03,4327683.0,2026-11-13,2025-11-17
2026-07-31,,,,,361500.0,1328535193.0,no_rows,S100YTQO,clean,株式会社吉野家ホールディングス,1,board,361500.0,1328535193.0,53.14,2026-07-10,9861,65129558.0,2026-08-03,749030.0,2026-08-21,2026-07-13
2026-07-31,400000.0,3000000000.0,,,,,no_rows,S100YTQP,unverified,日置電機株式会社,2,board,,,,2026-06-05,6866,14024365.0,2026-08-03,618923.0,2026-11-30,2026-06-15
2026-07-31,600000.0,300000000.0,,,600000.0,292682300.0,no_rows,S100YTLN,clean,ペイクラウドホールディングス株式会社,3,board,153300.0,84208500.0,97.56,2026-04-15,4015,16018148.0,2026-08-03,600771.0,2026-08-31,2026-04-16
2026-07-31,150000.0,150000000.0,,,150000.0,127491100.0,no_rows,S100YTR2,clean,株式会社ＫＧ情報,3,board,,,85.0,2026-05-11,2408,7398000.0,2026-08-03,227971.0,2026-11-30,2026-05-12
2026-07-31,7000000.0,15000000000.0,,,2118700.0,6816087968.0,no_rows,S100YTRA,clean,株式会社サンエー,3,board,573800.0,1844845985.0,45.44,2026-04-07,2659,63963308.0,2026-08-03,4224009.0,2027-02-26,2026-04-08
2026-07-31,700000.0,350000000.0,940000.0,365235200.0,347200.0,159796500.0,clean,S100YTRJ,clean,ゲンダイエージェンシー株式会社,1,board,347200.0,159796500.0,45.66,2026-07-17,2411,11360000.0,2026-08-03,347200.0,2027-03-24,2026-07-21
2026-07-31,500000.0,50000000.0,,,16500.0,8768800.0,no_rows,S100YTRH,clean,光世証券株式会社,3,board,,,17.5,2026-04-24,8617,9486400.0,2026-08-03,53437.0,2027-03-29,2026-04-27
2026-06-30,,,,,300000.0,100715300.0,no_rows,S100YTR9,clean,株式会社京写,,board,,,83.9,2026-03-13,6837,58000000.0,2026-08-03,323887.0,2026-09-30,2026-03-16
2026-07-31,500000.0,1000000000.0,,,500000.0,938000000.0,no_rows,S100YTS0,clean,前田工繊株式会社,3,board,,,93.8,2026-05-14,7821,68080612.0,2026-08-03,1394575.0,2026-09-30,2026-05-15
2026-07-31,300000.0,900000000.0,,,184400.0,427909700.0,no_rows,S100YTSF,clean,株式会社エコス,3,board,65100.0,157435000.0,47.5,2026-04-14,7520,11648917.0,2026-08-03,579096.0,2027-04-20,2026-04-21
2026-07-31,1400000000.0,200000000000.0,,,220616600.0,33072438900.0,no_rows,S100YTQV,clean,ＮＴＴ株式会社,3,board,220616600.0,33072438900.0,16.5,2026-05-08,9432,90550316400.0,2026-08-03,9283963352.0,2027-03-31,2026-05-11
2026-07-31,200000.0,35000000.0,,,32200.0,7616800.0,no_rows,S100YTPS,clean,ＺＥＴＡ株式会社,3,board,11100.0,2703400.0,21.76,2026-03-04,6031,25768600.0,2026-08-03,5369060.0,2026-09-30,2026-03-05
2026-08-03,,,,,520600.0,134993894.0,clean,S100YTQ6,clean,日本駐車場開発株式会社,2,board,520600.0,134993894.0,13.5,2026-06-05,2353,348398600.0,2026-08-03,36755677.0,2026-09-30,2026-07-17
2026-07-31,8000000.0,2000000000.0,,,973600.0,334822500.0,no_rows,S100YTPZ,clean,株式会社ブシロード,1,board,973600.0,334822500.0,16.74,2026-06-30,7803,137593100.0,2026-08-03,2566534.0,2026-12-31,2026-07-01
2026-07-31,500000.0,500000000.0,,,156200.0,199936000.0,no_rows,S100YTSP,clean,株式会社セラク,3,board,156200.0,199936000.0,39.99,2025-08-07,6199,13710000.0,2026-08-03,621105.0,2026-07-31,2025-08-08
2026-07-31,1000000.0,1100000000.0,,,,,no_rows,S100YTSM,unverified,株式会社パピレス,1,board,,,,2026-07-15,3641,10326880.0,2026-08-03,1646717.0,2026-09-30,2026-07-16
2026-07-31,1250000.0,500000000.0,,,839600.0,409708100.0,no_rows,S100YTPW,clean,ＡｎｙＭｉｎｄ　Ｇｒｏｕｐ株式会社,3,board,202300.0,107519800.0,81.94,2026-05-14,5027,61402600.0,2026-08-03,2089600.0,2026-08-31,2026-05-18
2026-07-31,1200000.0,600000000.0,,,1020400.0,599995200.0,no_rows,S100YTSZ,clean,株式会社マイクロアド,1,board,1020400.0,599995200.0,99.99,2026-07-17,9553,27831354.0,2026-08-03,1301195.0,2026-07-21,2026-07-21
2026-07-31,150000000.0,75000000000.0,,,,,no_rows,S100YTSX,unverified,株式会社メタプラネット,3,board,,,,2025-10-28,3350,1281281781.0,2026-08-03,26843.0,2026-10-28,2025-10-29
2026-07-31,,,,,109400.0,25916500.0,no_rows,S100YTSU,clean,株式会社アエリア,2,board,92000.0,21940900.0,12.96,2026-06-10,3758,21249428.0,2026-08-03,986674.0,2027-03-31,2026-06-18
2026-07-31,600000.0,1000000000.0,,,407100.0,720823900.0,no_rows,S100YTQL,clean,ナガイレーベン株式会社,2,board,360400.0,638278400.0,72.1,2026-06-29,7447,30736000.0,2026-08-03,1173626.0,2026-10-31,2026-06-30
2026-07-31,350000.0,500000000.0,,,82900.0,176705000.0,no_rows,S100YTT0,clean,弁護士ドットコム株式会社,2,board,,,35.3,2026-06-11,6027,22867600.0,2026-08-03,84422.0,2026-11-30,2026-06-12
2026-07-31,3000000.0,3000000000.0,,,1238000.0,2999811379.0,no_rows,S100YTSY,clean,サイボウズ株式会社,3,board,304100.0,762145991.0,99.99,2026-05-14,4776,52757800.0,2026-08-03,7698325.0,2026-07-31,2026-05-15
2026-07-31,100000.0,600000000.0,,,52800.0,347156000.0,no_rows,S100YTT7,clean,泉州電業株式会社,3,board,16900.0,110005000.0,57.86,2026-04-24,9824,18000000.0,2026-08-03,946830.0,2026-10-31,2026-05-01
2026-07-31,500000.0,200000000.0,,,142300.0,65264400.0,no_rows,S100YTT5,clean,株式会社ジャストプランニング,3,board,64400.0,29602500.0,32.63,2026-05-20,4287,12229888.0,2026-08-03,1017596.0,2026-12-31,2026-05-21
2026-07-31,190000.0,3000000000.0,,,,,no_rows,S100YTSI,unverified,ＩＮＴＬＯＯＰ株式会社,2,board,,,,2026-06-15,9556,9416880.0,2026-08-03,324.0,2026-07-31,2026-07-01
2026-07-31,2000000.0,1600000000.0,,,1896500.0,,no_rows,S100YTO4,clean,株式会社　東　祥,3,board,248300.0,192111400.0,,2026-02-03,8920,38315000.0,2026-08-03,3278493.0,2026-07-31,2026-02-04
2026-07-31,250000.0,450000000.0,,,250000.0,431589700.0,no_rows,S100YTTN,clean,株式会社サイバーセキュリティクラウド,3,board,47300.0,83902900.0,95.91,2026-05-22,4493,10390644.0,2026-08-03,338257.0,2026-07-31,2026-05-25
2026-07-31,166000.0,1000000000.0,,,139000.0,542731500.0,no_rows,S100YTT2,clean,デジタルアーツ株式会社,3,board,60800.0,241480500.0,54.2,2026-05-11,2326,14133000.0,2026-08-03,681471.0,2026-08-17,2026-05-15
2026-07-31,1500000.0,1500000000.0,,,,,clean,S100YTTW,unverified,川田テクノロジーズ株式会社,1,board,,,,2026-06-02,3443,52422630.0,2026-08-03,1028366.0,2026-08-31,2026-06-05
2026-07-31,200000.0,100000000.0,,,127900.0,60986600.0,no_rows,S100YTNQ,clean,株式会社　桜井製作所,3,board,20800.0,11023600.0,61.0,2026-03-31,7255,4000000.0,2026-08-03,806445.0,2026-09-30,2026-04-01
2026-07-31,12000000.0,6000000000.0,,,5641100.0,3246509265.0,no_rows,S100YTRD,clean,株式会社リンクアンドモチベーション,3,board,1243000.0,746561675.0,54.11,2026-02-12,2170,110937011.0,2026-08-03,5595644.0,2026-08-31,2026-02-13
2026-07-31,330000.0,200000000.0,,,279500.0,193356000.0,no_rows,S100YTU4,clean,株式会社エディア,3,board,108000.0,78756500.0,96.67,2026-05-15,3935,6228000.0,2026-08-03,552342.0,2027-05-14,2026-05-18
2026-07-31,400000.0,300000000.0,,,290200.0,227106900.0,no_rows,S100YTU9,clean,株式会社Ｅｎｊｉｎ,3,board,28000.0,20017600.0,75.7,2026-01-13,7370,7298200.0,2026-08-03,562482.0,2026-07-31,2026-01-14
2026-07-31,120000.0,200000000.0,,,24000.0,45622200.0,no_rows,S100YTNA,clean,ジャパニアス株式会社,1,board,24000.0,45622200.0,22.8,2026-07-06,9558,4014200.0,2026-08-03,73001.0,2026-11-30,2026-07-07
2026-07-31,25000000.0,35000000000.0,,,15453300.0,33335164550.0,clean,S100YT1L,clean,株式会社　りそなホールディングス,3,board,5427100.0,12413037200.0,95.24,2026-05-12,8308,2307136666.0,2026-08-03,60018580.0,2026-08-07,2026-05-13
2026-07-31,500000.0,700000000.0,,,309500.0,232597900.0,no_rows,S100YTV1,clean,株式会社ラキール,3,board,63400.0,54242300.0,33.2,2026-05-15,4074,7707500.0,2026-08-03,1085223.0,2027-01-31,2026-02-16
2026-07-31,,,,,1654200.0,4178453900.0,no_rows,S100YTV6,clean,日鉄鉱業株式会社,3,board,449300.0,1166289800.0,41.78,2026-02-27,1515,80000000.0,2026-08-03,1234521.0,2027-01-29,2026-04-01
2026-07-31,4300000.0,3800000000.0,3405888.0,3356067514.0,3876500.0,3799974900.0,clean,S100YTSK,clean,株式会社クオンツ総研ホールディングス,3,board,,,100.0,2026-05-15,9552,50695447.0,2026-08-03,,2026-07-31,2026-07-01
2026-07-31,,,,,840300.0,4999764992.0,no_rows,S100YTT4,clean,ＯＢＡＲＡ　ＧＲＯＵＰ株式会社,3,board,,,99.99,2026-02-13,6877,20869380.0,2026-08-04,6455393.0,2027-02-15,2026-02-16
2026-07-31,265000.0,700000000.0,,,223000.0,699876100.0,clean,S100YTX7,clean,株式会社ユシロ,3,board,90200.0,271242500.0,99.9,2026-05-15,5013,13900065.0,2026-08-04,1085545.0,2026-07-31,2026-05-18
2026-07-31,350000.0,200000000.0,,,219000.0,116541200.0,no_rows,S100YTRI,clean,株式会社小林洋行,3,board,27800.0,15260600.0,58.27,2026-03-26,8742,12554379.0,2026-08-04,826871.0,2026-09-30,2026-04-01
2026-07-31,1000000.0,2500000000.0,,,419700.0,1549156983.0,no_rows,S100YTXM,clean,イノテック株式会社,3,board,279700.0,955142990.0,61.97,2026-05-14,9880,13700000.0,2026-08-04,1945053.0,2026-12-31,2026-05-15
2026-07-31,160000.0,100000000.0,,,146800.0,99879900.0,no_rows,S100YTY3,clean,株式会社アルチザネットワークス,2,board,87900.0,61058600.0,99.9,2026-06-17,6778,9562000.0,2026-08-04,929270.0,2026-07-31,2026-06-19
2026-07-31,,,,,1296800.0,799951300.0,no_rows,S100YTXN,clean,株式会社オーバル,3,board,,,99.99,2025-08-08,7727,21000000.0,2026-08-04,639586.0,2026-08-17,2025-08-18
2026-07-31,6000.0,9702000.0,,,6000.0,9702000.0,no_rows,S100YTVL,clean,株式会社ＣＣＮグループ,1,board,6000.0,9702000.0,100.0,2026-07-13,,906000.0,2026-08-04,29500.0,2026-07-14,2026-07-14
2026-07-31,,,,,,,no_rows,S100YU02,partial,株式会社リーガルコーポレーション,3,board,,,,2026-05-14,7938,3250000.0,2026-08-04,265090.0,2027-02-28,2026-05-15
2026-07-31,610000.0,260000000.0,,,217500.0,96342800.0,no_rows,S100YTZF,clean,株式会社昭文社ホールディングス,3,board,37800.0,19042500.0,37.05,2025-11-10,9475,18178173.0,2026-08-04,218752.0,2026-11-10,2025-11-11
2026-07-31,4000000.0,11200000000.0,,,0.0,0.0,no_rows,S100YU0C,clean,株式会社バッファロー,3,board,,,0.0,2026-05-14,6676,24000000.0,2026-08-04,269636.0,2027-04-30,2026-05-15
2026-07-31,1200000.0,2000000000.0,,,289800.0,555854500.0,no_rows,S100YTZD,clean,北興化学工業株式会社,3,board,289800.0,555854500.0,27.79,2025-07-11,4992,27485531.0,2026-08-04,1835152.0,2026-07-13,2025-07-14
2026-07-31,,,,,17300.0,66381000.0,no_rows,S100YU19,clean,株式会社ラストワンマイル,1,board,17300.0,66381000.0,33.19,2026-07-15,9252,,2026-08-04,,2026-12-15,2026-07-16
2026-07-31,350000.0,500000000.0,,,315000.0,406810500.0,clean,S100YU2C,clean,ＪＴＰ株式会社,3,board,66000.0,90672600.0,81.36,2026-02-10,2488,6015600.0,2026-08-04,601932.0,2026-08-31,2026-02-12
2026-07-31,300000.0,700000000.0,,,168700.0,416205400.0,clean,S100YU2D,clean,株式会社ＧＳＩクレオス,3,board,23300.0,57179700.0,59.4,2026-02-09,8101,12629942.0,2026-08-04,509633.0,2026-10-31,2026-02-10
2026-07-31,550000.0,1000000000.0,,,413300.0,999967200.0,no_rows,S100YU34,clean,安田倉庫株式会社,3,board,154900.0,394636700.0,100.0,2026-02-16,9324,28555789.0,2026-08-04,1804211.0,2027-02-26,2026-03-04
2026-07-31,3000000.0,2000000000.0,,,1656100.0,1224436500.0,no_rows,S100YU3K,clean,株式会社インソース,1,board,1656100.0,1224436500.0,61.22,2026-07-21,6200,85243000.0,2026-08-04,2866871.0,2026-09-30,2026-07-22
2026-07-31,840000.0,1000000000.0,,,469600.0,602510000.0,no_rows,S100YU3P,clean,住友精化株式会社,3,board,198800.0,255289800.0,60.3,2026-05-12,4008,64709285.0,2026-08-04,469660.0,2026-09-30,2026-05-13
2026-07-31,30000000.0,30000000000.0,,,21138200.0,29999875381.0,no_rows,S100YU3Y,clean,シスメックス株式会社,3,board,3156100.0,4880567447.0,100.0,2026-03-05,6869,629480076.0,2026-08-04,22482191.0,2026-09-18,2026-03-06
2026-07-31,400000.0,4304000000.0,,,400000.0,4304000000.0,no_rows,S100YU4F,clean,株式会社ソフトウェア・サービス,1,board,400000.0,4304000000.0,100.0,2026-07-27,3733,5488000.0,2026-08-04,945247.0,2026-07-28,
2026-07-31,,,,,49400.0,39656900.0,no_rows,S100YTW8,clean,株式会社コマースＯｎｅホールディングス,2,board,45800.0,36882900.0,88.13,2026-05-14,4496,7193400.0,2026-08-04,293349.0,2026-11-12,2026-05-25
2026-07-31,1960000.0,1500000000.0,,,1149400.0,1499948767.0,no_rows,S100YU4H,clean,株式会社ジャノメ,3,board,,,100.0,2025-11-14,6445,16979205.0,2026-08-04,256124.0,2026-11-16,2025-11-17
2026-07-31,14000000.0,40000000000.0,,,,,clean,S100YTYC,unverified,コカ・コーラ　ボトラーズジャパンホールディングス株式会社,3,board,,,,2025-08-01,2579,171268593.0,2026-08-04,7661960.0,2026-10-31,2025-11-01
2026-07-31,6000000.0,10000000000.0,,,2120000.0,4995193000.0,no_rows,S100YTY7,clean,株式会社武蔵野銀行,3,board,,,49.95,2026-03-16,8336,100216368.0,2026-08-04,2917577.0,2026-12-30,2026-03-17
2026-07-31,6000000.0,600000000.0,,,5262100.0,521668000.0,no_rows,S100YU43,clean,ＭＲＫホールディングス株式会社,3,board,379100.0,35798100.0,86.94,2026-02-25,9980,101295071.0,2026-08-04,10024703.0,2027-02-25,2026-02-26
2026-07-31,300000.0,50000000.0,,,189700.0,25862600.0,no_rows,S100YTPO,clean,パレモ・ホールディングス株式会社,3,board,,,51.7,2026-01-20,2778,12051384.0,2026-08-04,199358.0,2026-12-30,2026-01-21
2026-07-31,250000.0,200000000.0,,,207800.0,138903200.0,no_rows,S100YTZ0,clean,ヒューマン・メタボローム・テクノロジーズ株式会社,3,board,,,69.5,2026-02-12,6090,5919797.0,2026-08-04,500018.0,2026-12-31,2026-02-13
2026-07-31,100000.0,20000000.0,,,0.0,0.0,no_rows,S100YU4L,clean,アストマックス株式会社,1,board,,,0.0,2026-07-31,7162,13160300.0,2026-08-04,14329.0,2026-09-30,2026-08-03
2026-07-31,,,1000019.0,273721616.0,1000000.0,246992000.0,unverified,S100YU5B,clean,アライドテレシスホールディングス株式会社,2,board,726500.0,179218000.0,98.8,2026-06-16,6835,104012157.0,2026-08-04,1000060.0,2026-07-17,2026-06-17
2026-07-31,1500000.0,2500000000.0,,,292500.0,660223200.0,no_rows,S100YU5E,clean,テイカ株式会社,3,board,123400.0,285182400.0,26.41,2026-05-13,4027,22914414.0,2026-08-04,364431.0,2027-03-19,2026-05-14
2026-07-31,1000000.0,2000000000.0,,,565600.0,1380099788.0,no_rows,S100YU5X,clean,株式会社ユナイテッドアローズ,3,board,431200.0,1049087991.0,69.0,2026-05-11,7606,30213676.0,2026-08-04,3041212.0,2026-08-31,2026-05-12
2026-07-31,230000.0,300000000.0,,,60400.0,60966500.0,no_rows,S100YTXY,clean,株式会社ＩＧポート,1,board,60400.0,60966500.0,20.32,2026-07-15,3791,20221600.0,2026-08-04,60575.0,2026-10-31,2026-07-16
2026-07-31,600000.0,500000000.0,,,478000.0,499933700.0,no_rows,S100YU62,clean,楽待株式会社,1,board,81700.0,95174700.0,100.0,2026-05-25,6037,19753800.0,2026-08-04,842442.0,2026-11-27,2026-05-26
2026-07-31,,,,,20000.0,72224000.0,no_rows,S100YU6B,clean,ＧＭＯメディア株式会社,3,board,3700.0,13564000.0,72.22,2026-05-14,6180,1868839.0,2026-08-04,81032.0,2026-12-31,2026-05-15
2026-07-31,1500000.0,2500000000.0,,,0.0,0.0,no_rows,S100YTRG,clean,株式会社ナカニシ,3,board,,,0.0,2026-02-12,7716,92218200.0,2026-08-05,9166718.0,2026-12-30,2026-02-13
2026-07-31,6500000.0,11000000000.0,,,3864100.0,9924620974.0,no_rows,S100YTXZ,clean,株式会社　京葉銀行,3,board,1828100.0,4924857597.0,90.22,2026-02-09,8544,126427858.0,2026-08-05,9914791.0,2027-01-29,2026-02-10
2026-07-31,3000000.0,3500000000.0,,,2501500.0,2291534800.0,no_rows,S100YTQM,clean,株式会社カーブスホールディングス,1,board,2501500.0,2291534800.0,65.47,2026-07-13,7085,93857493.0,2026-08-05,2501751.0,2026-09-30,2026-07-14
2026-07-31,6000000.0,7500000000.0,,,1193800.0,2073738000.0,no_rows,S100YTNV,clean,株式会社イエローハット,3,board,512000.0,930816400.0,27.6,2026-05-08,9882,86021392.0,2026-08-05,1609682.0,2027-02-26,2026-05-18
2026-07-31,,,,,119500.0,216892500.0,no_rows,S100YU8J,clean,富士精工株式会社,1,board,119500.0,216892500.0,90.4,2026-07-14,6142,3606778.0,2026-08-05,832951.0,2026-07-15,2026-07-15
2026-07-31,,,,,160000.0,141660500.0,no_rows,S100YTYM,clean,株式会社ライトアップ,3,board,,,70.8,2026-05-15,6580,5806000.0,2026-08-05,835384.0,2026-09-30,2026-05-18
2026-07-31,300000.0,1000000000.0,,,,,no_rows,S100YU23,unverified,石原ケミカル株式会社,1,board,,,,2026-07-31,4462,15153680.0,2026-08-05,1478676.0,2027-03-31,2026-08-03
2026-07-31,400000.0,360000000.0,,,400000.0,299416500.0,no_rows,S100YU0L,clean,フジ住宅株式会社,3,board,,,83.17,2026-05-15,8860,36849912.0,2026-08-05,985459.0,2026-08-25,2026-05-18
2026-07-31,500000.0,500000000.0,,,203300.0,171541800.0,no_rows,S100YU97,clean,株式会社シーティーエス,3,board,92400.0,79822000.0,34.31,2026-04-28,4345,42000000.0,2026-08-05,938221.0,2026-12-25,2026-05-01
2026-07-31,5000000.0,10000000000.0,,,3471000.0,9999847500.0,clean,S100YU98,clean,株式会社山口フィナンシャルグループ,3,board,857600.0,2580542150.0,99.99,2026-05-08,8418,234767616.0,2026-08-05,33235914.0,2026-10-30,2026-05-11
2026-07-31,20000000.0,60000000000.0,,,11766800.0,59999869500.0,no_rows,S100YU9F,clean,丸紅株式会社,3,board,7662500.0,37530283500.0,100.0,2026-05-01,8002,1660758361.0,2026-08-05,33759996.0,2027-01-29,2026-02-05
2026-07-31,1500000.0,3000000000.0,,,0.0,0.0,no_rows,S100YU9T,clean,ロート製薬株式会社,3,board,,,0.0,2026-03-26,4527,236178310.0,2026-08-05,10214018.0,2026-12-31,2026-03-27
2026-07-31,1200000.0,4200000000.0,,,816900.0,2470693600.0,no_rows,S100YTX2,clean,株式会社マースグループホールディングス,3,board,300000.0,937718400.0,58.83,2026-05-14,6419,22720000.0,2026-08-05,5090552.0,2026-10-30,2026-05-15
2026-07-31,1100000.0,1000000000.0,,,381900.0,401420100.0,clean,S100YUAC,clean,アルインコ株式会社,3,board,140700.0,153771700.0,40.1,2026-05-01,5933,21039326.0,2026-08-05,1404934.0,2027-04-27,2026-05-07
2026-07-31,300000.0,500000000.0,,,108100.0,200364800.0,no_rows,S100YUAM,clean,株式会社ソフトクリエイトホールディングス,2,board,59500.0,118290700.0,40.1,2026-06-15,3371,27550278.0,2026-08-05,2137288.0,2026-09-30,2026-06-16
2026-07-31,750000.0,2000000000.0,,,349000.0,907844650.0,clean,S100YU9G,clean,株式会社ＮＳＤ,3,board,133500.0,349448650.0,45.39,2026-05-08,9759,86000000.0,2026-08-05,10367335.0,2026-10-09,2026-05-11
2026-07-31,2000000.0,6000000000.0,,,1580600.0,5999651100.0,no_rows,S100YU2R,clean,株式会社ミライト・ワン,3,board,830900.0,3082314900.0,99.99,2026-05-12,1417,91325329.0,2026-08-05,3796529.0,2026-10-31,2026-05-13
2026-07-31,600000.0,200000000.0,,,28800.0,12646800.0,no_rows,S100YUC3,clean,株式会社ガイアックス,2,board,25000.0,11045900.0,6.32,2026-06-22,3775,5337452.0,2026-08-05,263542.0,2027-06-18,2026-06-23
2026-07-31,4000000.0,8800000000.0,,,,,no_rows,S100YUDF,unverified,リケンテクノス株式会社,1,board,,,,2026-07-31,4220,51274821.0,2026-08-05,4383477.0,2026-12-30,2026-08-03
2026-07-31,15000000.0,30000000000.0,,,11104900.0,29999887350.0,no_rows,S100YTQD,clean,株式会社　クボタ,3,board,,,100.0,2026-04-21,6326,1138716846.0,2026-08-05,11131249.0,2026-12-18,2026-04-22
2026-07-31,17000000.0,69000000000.0,,,3471600.0,22445186100.0,no_rows,S100YTU2,clean,ＳＯＭＰＯホールディングス株式会社,3,board,1874800.0,12698208600.0,32.5,2026-05-20,8630,934228767.0,2026-08-05,43871648.0,2026-11-18,2026-06-02
2026-07-31,2100000.0,8400000000.0,,,1950000.0,6698250000.0,no_rows,S100YUDW,clean,日比谷総合設備株式会社,3,board,,,79.74,2026-05-13,1982,44000000.0,2026-08-05,2734960.0,2027-03-31,2026-05-14
2026-07-31,6000000.0,10000000000.0,,,,,no_rows,S100YUEH,unverified,丸一鋼管株式会社,3,board,,,,2026-05-13,5463,252000000.0,2026-08-05,30382866.0,2027-03-31,2026-05-14
2026-07-31,80000.0,50000000.0,,,67700.0,45815200.0,no_rows,S100YUEL,clean,株式会社シノプス,3,board,13300.0,9164300.0,91.6,2026-02-12,4428,6259000.0,2026-08-05,63487.0,2026-08-13,2026-02-13
2026-07-31,300000.0,1500000000.0,,,109800.0,452752500.0,no_rows,S100YTTX,clean,株式会社ニチリン,3,board,47200.0,193292000.0,30.18,2026-05-13,5184,14371500.0,2026-08-05,1271746.0,2026-12-18,2026-05-14
2026-07-31,6000000.0,7200000000.0,,,688600.0,734341900.0,no_rows,S100YUF1,clean,ＫＰＰグループホールディングス株式会社,1,board,688600.0,734341900.0,10.2,2026-07-21,9274,67244284.0,2026-08-05,5495698.0,2027-03-31,2026-07-01
2026-07-31,125000.0,150000000.0,,,93900.0,113677600.0,no_rows,S100YUDE,clean,株式会社クレオ,3,board,30900.0,38171900.0,75.8,2026-05-08,9698,8585688.0,2026-08-05,564211.0,2026-11-30,2026-05-11
2026-07-31,900000.0,1750000000.0,,,883000.0,1589400000.0,no_rows,S100YU3H,clean,日本プロセス株式会社,1,board,883000.0,1589400000.0,90.82,2026-07-07,9651,10645020.0,2026-08-05,1833585.0,2026-07-08,2026-07-08
2026-07-31,6000000.0,10000000000.0,,,,,no_rows,S100YUG9,unverified,清水建設株式会社,1,board,,,,2026-07-30,1803,716689413.0,2026-08-05,37500355.0,2026-12-30,2026-08-17
2026-07-31,7200000.0,30000000000.0,,,3814400.0,29997712872.0,no_rows,S100YU3O,clean,日本特殊陶業株式会社,3,board,351300.0,3584773700.0,100.0,2025-10-31,5334,199247720.0,2026-08-05,4144036.0,2026-10-31,2025-11-01
2026-07-31,1000000.0,1600000000.0,600000.0,380648802.0,681500.0,976684100.0,unverified,S100YUES,clean,株式会社　ヤマウラ,3,board,81500.0,122284100.0,61.04,2026-05-13,1780,20503514.0,2026-08-05,1957832.0,2026-12-31,2026-06-01
2026-07-31,4000000.0,1000000000.0,,,,,no_rows,S100YUGD,unverified,ＥＮＥＣＨＡＮＧＥ株式会社,2,board,,,,2026-06-22,4169,42917292.0,2026-08-05,1186.0,2027-06-30,2026-08-10
2026-07-31,80000.0,40000000.0,,,69100.0,39949400.0,no_rows,S100YTNJ,clean,株式会社ＰＯＰＥＲ,3,board,,,99.87,2026-03-12,5134,3944478.0,2026-08-05,69198.0,2026-09-30,2026-03-13
2026-07-31,4600000.0,25000000000.0,,,3221700.0,17920379200.0,no_rows,S100YU61,clean,江崎グリコ株式会社,3,board,872500.0,4546820200.0,71.68,2026-02-13,2206,68468569.0,2026-08-05,7956742.0,2026-12-30,2026-03-01
2026-07-31,1500000.0,3000000000.0,,,64800.0,175436700.0,no_rows,S100YUGS,clean,日本瓦斯株式会社,3,board,1000.0,2799250.0,5.85,2026-05-15,8174,107951798.0,2026-08-05,1412979.0,2027-03-31,2026-05-18
2026-07-31,300000.0,600000000.0,,,11700.0,21162100.0,no_rows,S100YU2A,clean,モリト株式会社,3,board,11700.0,21162100.0,3.53,2026-01-14,9837,26800000.0,2026-08-05,1498909.0,2027-01-14,2026-01-15
2026-07-31,450000.0,1000000000.0,,,291500.0,738021081.0,no_rows,S100YUH6,clean,ＳＥＣカーボン株式会社,3,board,84000.0,208443290.0,73.8,2026-05-14,5304,20694340.0,2026-08-05,938195.0,2026-11-30,2026-05-15
2026-07-31,100000000.0,250000000000.0,,,12385000.0,78448326300.0,no_rows,S100YTY2,clean,オリックス株式会社,3,board,6034300.0,38801136400.0,31.38,2026-05-11,8591,1089231060.0,2026-08-05,34875564.0,2027-03-31,2026-05-22
2026-07-31,3300000.0,5000000000.0,,,804300.0,1795475600.0,no_rows,S100YUAP,clean,シップヘルスケアホールディングス株式会社,2,board,436000.0,1021442450.0,35.91,2026-06-05,3360,94350134.0,2026-08-05,3135500.0,2026-12-31,2026-06-08
2026-07-31,800000.0,50000000000.0,,,488500.0,33308164000.0,no_rows,S100YUHN,clean,ＳＭＣ株式会社,3,board,218300.0,15422069000.0,66.6,2026-05-14,6273,63869359.0,2026-08-05,1197768.0,2027-03-24,2026-05-20
2026-07-31,600000.0,300000000.0,,,533500.0,299960100.0,clean,S100YTYD,clean,株式会社シグマクシス・ホールディングス,3,board,220400.0,127366900.0,99.99,2026-05-08,6088,86000000.0,2026-08-05,4504427.0,2026-07-31,2026-05-11
2026-07-31,200000.0,140000000.0,,,65800.0,37045800.0,no_rows,S100YUGC,clean,笹徳印刷株式会社,3,board,15600.0,8589100.0,26.46,2026-02-12,3958,6185000.0,2026-08-05,760786.0,2027-02-12,2026-02-13
2026-07-31,16000000.0,30000000000.0,,,2669500.0,10251125400.0,no_rows,S100YTX0,clean,ＧＭＯインターネットグループ株式会社,3,board,2134600.0,8403544900.0,34.17,2026-02-12,9449,107349121.0,2026-08-05,11953074.0,2027-02-10,2026-02-13
2026-07-31,1200000.0,10000000000.0,,,1047600.0,9999957000.0,clean,S100YTSB,clean,株式会社メガチップス,3,board,79900.0,846318000.0,100.0,2026-02-06,6875,19046900.0,2026-08-05,5043899.0,2026-12-30,2026-02-09
2026-07-31,4000000.0,12000000000.0,,,979000.0,3992978375.0,no_rows,S100YTWC,clean,グローリー株式会社,2,board,300000.0,1269330090.0,33.27,2026-05-15,6457,54898510.0,2026-08-05,2120817.0,2027-03-31,2026-05-18
2026-07-31,6610000.0,5003770000.0,,,6610000.0,5003770000.0,no_rows,S100YUHP,clean,株式会社シンプレクス・ファイナンシャル・ホールディングス,1,board,,,100.0,2026-07-29,,27120000.0,2026-08-05,6610000.0,2026-07-30,
2026-07-31,2500000.0,2000000000.0,,,74300.0,66668900.0,no_rows,S100YUIM,clean,株式会社チェンジホールディングス,3,board,74300.0,66668900.0,3.33,2026-05-14,3962,73852362.0,2026-08-05,4347715.0,2026-11-30,2026-05-15
2026-07-31,25000000.0,50000000000.0,,,19109700.0,49999917150.0,clean,S100YUIE,clean,株式会社ディー・エヌ・エー,3,board,1151200.0,3023205500.0,100.0,2026-02-27,2432,122145545.0,2026-08-05,29561278.0,2027-02-26,2026-03-02
2026-07-31,1600000.0,1000000000.0,,,,,no_rows,S100YUJ1,clean,株式会社プレステージ・インターナショナル,1,board,,,0.0,2026-07-28,4290,127176300.0,2026-08-05,2441523.0,2026-10-30,2026-08-03
2026-07-31,2500000.0,1740000000.0,,,872400.0,719655800.0,no_rows,S100YUJ0,clean,株式会社エアトリ,3,board,192600.0,163650600.0,41.36,2026-05-15,6191,22772065.0,2026-08-05,872709.0,2026-09-30,2026-05-18
2026-07-31,11000000.0,2600000000.0,,,840000.0,162770900.0,no_rows,S100YTGH,clean,ＲＩＺＡＰグループ株式会社,3,board,420000.0,79507800.0,6.26,2026-05-14,2928,596664367.0,2026-08-05,841477.0,2027-05-14,2026-05-15
2026-07-31,680000.0,1000000000.0,,,179800.0,317297800.0,no_rows,S100YULD,clean,三谷セキサン株式会社,2,board,179800.0,317297800.0,31.73,2026-06-24,5273,83946396.0,2026-08-06,13874076.0,2027-06-24,2026-06-25
2026-07-31,200000.0,150000000.0,,,200000.0,142830600.0,no_rows,S100YU8R,clean,シンクレイヤ株式会社,3,board,,,95.22,2025-11-13,1724,4743780.0,2026-08-06,264657.0,2026-10-23,2025-11-14
2026-07-31,100000.0,100000000.0,,,54300.0,72053200.0,no_rows,S100YUGO,clean,東部ネットワーク株式会社,3,board,13900.0,18705600.0,72.1,2025-08-08,9036,5749000.0,2026-08-06,169274.0,2026-08-07,2025-08-12
2026-07-31,120000.0,500000000.0,,,83600.0,499707996.0,no_rows,S100YUMG,clean,株式会社戸上電機製作所,3,board,,,99.9,2025-07-31,6643,4711858.0,2026-08-06,75342.0,2026-07-31,2025-08-07
2026-07-31,500000.0,200000000.0,,,59900.0,21421400.0,no_rows,S100YUMJ,clean,日亜鋼業株式会社,3,board,32500.0,11722900.0,10.71,2026-05-14,5658,51755478.0,2026-08-06,6878119.0,2026-07-31,2026-07-01
2026-07-31,80000000.0,150000000000.0,,,10852100.0,27040890050.0,no_rows,S100YUMS,clean,株式会社ＳＵＢＡＲＵ,3,board,,,18.03,2026-05-15,7270,717335273.0,2026-08-06,12359805.0,2027-03-16,2026-05-18
2026-07-31,850000.0,1000000000.0,,,,,no_rows,S100YUMZ,unverified,ＪＢＣＣホールディングス株式会社,1,board,,,,2026-07-31,9889,71094972.0,2026-08-06,8464431.0,2026-09-30,2026-08-01
2026-06-30,310000.0,700000000.0,,,243200.0,558329500.0,no_rows,S100YUN9,clean,株式会社　宮崎太陽銀行,,board,7000.0,16581200.0,79.76,2026-02-09,8560,5942444.0,2026-08-06,300031.0,2027-02-09,2026-02-10
2026-07-31,,,,,25000.0,31903856.0,no_rows,S100YUNN,clean,タビオ株式会社,3,board,,,85.08,2025-10-07,2668,6813880.0,2026-08-06,18275.0,2026-10-07,2025-10-08
2026-07-31,160000000.0,500000000000.0,,,29725200.0,145536563400.0,clean,S100YUNF,clean,株式会社日立製作所,3,board,9378900.0,45536983100.0,29.11,2026-04-27,6501,4535560985.0,2026-08-06,59420692.0,2027-03-31,2026-04-28
2026-07-31,700000.0,2000000000.0,,,191300.0,702008500.0,no_rows,S100YUNX,clean,日本セラミック株式会社,3,board,187900.0,689420000.0,35.1,2026-05-08,6929,27231257.0,2026-08-06,6718049.0,2026-07-31,2026-05-11
2026-07-31,9000000.0,40000000000.0,,,6904400.0,39999721000.0,no_rows,S100YTQ4,clean,鹿島建設株式会社,3,board,1264900.0,7604043400.0,99.99,2026-05-14,1812,528656011.0,2026-08-06,67704416.0,2026-09-30,2026-05-15
2026-07-31,580000.0,500000000.0,,,28000.0,24846600.0,no_rows,S100YUOY,clean,朝日印刷株式会社,1,board,28000.0,24846600.0,4.97,2026-07-21,3951,22890829.0,2026-08-06,2234764.0,2027-03-31,2026-07-22
2026-07-31,12000000.0,30000000000.0,,,3452200.0,16851508594.0,no_rows,S100YUK4,clean,株式会社Ｔ＆Ｄホールディングス,2,board,2136800.0,10589673107.0,56.17,2026-06-04,8795,488000000.0,2026-08-06,8849958.0,2026-09-30,2026-06-08
2026-07-31,4000000.0,7100000000.0,,,2900000.0,4961101400.0,no_rows,S100YUML,clean,マックス株式会社,3,board,2875700.0,4920851600.0,69.87,2026-04-30,6454,186149704.0,2026-08-06,9236008.0,2026-12-31,2026-05-01
2026-07-31,5000000.0,5000000000.0,,,2015400.0,3720553100.0,no_rows,S100YTRQ,clean,株式会社大阪ソーダ,3,board,462300.0,836176700.0,74.4,2026-05-12,4046,133660085.0,2026-08-06,12823645.0,2026-09-30,2026-05-13
2026-07-31,100000.0,350000000.0,,,71700.0,146407900.0,no_rows,S100YUKU,clean,ミナトホールディングス株式会社,3,board,38400.0,74516700.0,41.8,2026-05-27,6862,7925714.0,2026-08-06,563771.0,2026-07-31,2026-07-01
2026-07-31,2000000.0,3000000000.0,,,980600.0,2185565981.0,no_rows,S100YUS3,clean,株式会社山陰合同銀行,3,board,371400.0,905505391.0,72.85,2026-05-15,8381,156977472.0,2026-08-06,6135330.0,2026-08-31,2026-05-18
2026-07-31,6000000.0,10000000000.0,,,,,no_rows,S100YUHU,clean,カシオ計算機株式会社,3,board,2156200.0,3955550250.0,100.0,2026-05-14,6952,234461814.0,2026-08-06,15156971.0,2026-07-30,2026-05-15
2026-07-31,2200000.0,10000000000.0,,,1115800.0,7577165700.0,clean,S100YUN6,clean,株式会社ほくほくフィナンシャルグループ,3,board,405600.0,3011976600.0,75.77,2026-05-11,8377,121120114.0,2026-08-06,1718076.0,2026-09-30,2026-05-12
2026-07-31,300000.0,200000000.0,,,196900.0,144519280.0,clean,S100YUTC,clean,スペースシャワーＳＫＩＹＡＫＩホールディングス株式会社,1,board,32100.0,21272380.0,72.26,2026-07-24,4838,17029205.0,2026-08-06,795407.0,2026-11-30,2025-12-01
2026-07-31,2000000.0,3000000000.0,,,1425200.0,1545973100.0,no_rows,S100YURF,clean,株式会社サーラコーポレーション,3,board,189400.0,214814500.0,51.53,2026-03-02,2734,66041147.0,2026-08-06,2972705.0,2026-11-30,2026-03-04
2026-07-31,7500000.0,30000000000.0,,,6547800.0,29999877300.0,clean,S100YUTX,clean,阪急阪神ホールディングス株式会社,3,board,1679100.0,7689141400.0,100.0,2026-05-15,9042,251498234.0,2026-08-06,19134536.0,2026-10-29,2026-05-18
2026-07-31,800000.0,1500000000.0,,,132400.0,289146400.0,no_rows,S100YU8L,clean,株式会社ハイレックスコーポレーション,1,board,132400.0,289146400.0,19.28,2026-07-10,7279,38216759.0,2026-08-06,1357960.0,2026-10-31,2026-07-13
2026-07-31,350000.0,200000000.0,,,63300.0,23388400.0,no_rows,S100YUUS,clean,株式会社エーアイ,2,board,38200.0,13943400.0,11.69,2026-06-15,4388,6304298.0,2026-08-06,261491.0,2026-07-31,2026-07-01
2026-07-31,146000000.0,300000000000.0,,,110385839.0,258161922975.0,clean,S100YU18,clean,ＫＤＤＩ株式会社,3,board,110385839.0,258161922975.0,86.1,2026-05-12,9433,4007450967.0,2026-08-06,310401529.0,2027-01-31,2026-05-13
2026-07-31,2329100.0,12091003600.0,,,,,clean,S100YSUD,unverified,ホシザキ株式会社,3,board,,,,2026-02-13,6465,144890100.0,2026-08-06,4830965.0,2026-11-30,2026-02-17
2026-07-31,67500000.0,150000000000.0,,,35775200.0,105569515749.0,no_rows,S100YUVH,clean,ＡＮＡホールディングス株式会社,3,board,3275900.0,9989217485.0,70.38,2025-11-10,9202,484293561.0,2026-08-06,45781740.0,2026-12-15,2025-12-16
2026-07-31,156544000.0,250000000000.0,,,30410800.0,110524117600.0,clean,S100YU3R,clean,京セラ株式会社,3,board,11336300.0,41779211900.0,44.21,2026-04-30,6971,1419100820.0,2026-08-06,132044407.0,2027-03-24,2026-05-01
2026-07-31,43000000.0,30000000000.0,,,8121700.0,9267819950.0,clean,S100YUVB,clean,株式会社ＺＯＺＯ,2,board,5593400.0,6426032650.0,30.9,2026-06-16,3092,890340872.0,2026-08-06,14137541.0,2026-12-30,2026-06-17
2026-07-31,500000.0,625000000.0,,,484000.0,605000000.0,no_rows,S100YUK8,clean,ダイト株式会社,1,board,484000.0,605000000.0,96.8,2026-07-10,4577,28854880.0,2026-08-06,500718.0,2026-07-13,2026-07-13
2026-07-31,10000000.0,20000000000.0,,,1464300.0,5436926100.0,clean,S100YUGH,clean,ブラザー工業株式会社,3,board,530700.0,2027626100.0,27.18,2026-05-08,6448,250448530.0,2026-08-06,2856687.0,2027-04-30,2026-05-11
2026-07-31,1250000.0,937500000.0,,,1107900.0,830925000.0,no_rows,S100YUV7,clean,株式会社プログリット,1,board,1107900.0,830925000.0,88.6,2026-07-09,9560,12755377.0,2026-08-06,1350416.0,2026-07-10,2026-07-10
2026-07-31,1500000.0,2000000000.0,,,,,no_rows,S100YUMR,unverified,株式会社スクロール,1,board,,,,2026-07-31,8005,34629200.0,2026-08-06,635227.0,2026-09-30,2026-08-04
2026-07-31,202000.0,700000000.0,,,131100.0,461568500.0,no_rows,S100YUT9,clean,株式会社Ａｒｅｎｔ,3,board,1100.0,4313500.0,65.94,2026-01-05,5254,6954295.0,2026-08-06,131642.0,2027-01-05,2026-01-06
2026-07-31,810000.0,1500000000.0,,,424000.0,642032300.0,no_rows,S100YUX1,clean,ＮＳグループ株式会社,1,board,,,42.8,2026-06-23,471A,52155600.0,2026-08-06,1326600.0,2026-08-31,2026-07-01
2026-07-31,,,,,3749900.0,12377762700.0,no_rows,S100YUX0,clean,富士通株式会社,4,board,3749900.0,12377762700.0,8.3,2026-04-28,6702,1739778265.0,2026-08-06,8751490.0,2027-03-31,2026-05-01
2026-07-31,2300000.0,2500000000.0,,,,,no_rows,S100YUTN,unverified,株式会社丹青社,1,board,,,,2026-07-31,9743,48424071.0,2026-08-06,318501.0,2026-09-30,2026-08-03
2026-07-31,65000000.0,100000000000.0,,,23239300.0,46153249800.0,no_rows,S100YUR2,clean,株式会社アイシン,3,board,,,46.15,2026-04-28,7259,726023902.0,2026-08-06,24507446.0,2027-03-31,2026-04-30
2026-07-31,900000.0,1700000000.0,,,459700.0,945674300.0,clean,S100YUI4,clean,中部鋼鈑株式会社,3,board,157600.0,325816500.0,55.63,2026-05-12,5461,28000000.0,2026-08-06,1355954.0,2026-11-30,2026-05-14
2026-07-31,1700000.0,1500000000.0,,,1559100.0,1499989500.0,no_rows,S100YUXC,clean,岡部株式会社,3,board,,,99.99,2026-02-13,5959,47290632.0,2026-08-06,2924888.0,2026-07-24,2026-02-16
2026-07-31,1650000.0,1800000000.0,,,1650000.0,1706049800.0,no_rows,S100YUYG,clean,株式会社ビジョン,3,board,,,94.78,2026-05-22,9416,50938600.0,2026-08-06,2039337.0,2026-08-31,2026-05-25
